[18:25:17] [main/INFO]: Loading Minecraft 1.21.11 with Fabric Loader 0.18.5
[18:25:17] [main/INFO]: Loading 53 mods:
	- attackthroughgrass 2.1.0
	- autototem 1.0.6
	- fabric-api 0.141.3+1.21.11
	   |-- fabric-api-base 1.0.5+4ebb5c083e
	   |-- fabric-api-lookup-api-v1 1.6.114+20dc27073e
	   |-- fabric-biome-api-v1 17.1.1+4fc5413f3e
	   |-- fabric-block-api-v1 1.1.10+4ebb5c083e
	   |-- fabric-block-view-api-v2 1.0.39+4ebb5c083e
	   |-- fabric-command-api-v2 2.4.7+6b42a6003e
	   |-- fabric-content-registries-v0 10.2.14+4fc5413f3e
	   |-- fabric-convention-tags-v1 2.1.55+7f945d5b3e
	   |-- fabric-convention-tags-v2 2.17.3+8ef948ba3e
	   |-- fabric-crash-report-info-v1 0.3.23+4ebb5c083e
	   |-- fabric-data-attachment-api-v1 1.8.47+eed0806f3e
	   |-- fabric-data-generation-api-v1 23.4.0+69974c4e3e
	   |-- fabric-dimensions-v1 4.0.28+4fc5413f3e
	   |-- fabric-entity-events-v1 3.1.1+1d0ab4303e
	   |-- fabric-events-interaction-v0 4.1.0+3b89ecf63e
	   |-- fabric-game-rule-api-v1 2.0.3+4fc5413f3e
	   |-- fabric-item-api-v1 11.5.20+d0c46b9e3e
	   |-- fabric-item-group-api-v1 4.2.36+4fc5413f3e
	   |-- fabric-key-binding-api-v1 1.1.7+4fc5413f3e
	   |-- fabric-lifecycle-events-v1 2.6.15+4ebb5c083e
	   |-- fabric-loot-api-v2 3.0.73+3f89f5a53e
	   |-- fabric-loot-api-v3 2.0.20+78c8b4663e
	   |-- fabric-message-api-v1 6.1.12+4ebb5c083e
	   |-- fabric-model-loading-api-v1 6.0.15+4fc5413f3e
	   |-- fabric-networking-api-v1 5.1.5+ae1e07683e
	   |-- fabric-object-builder-api-v1 21.1.39+4fc5413f3e
	   |-- fabric-particles-v1 4.2.11+4fc5413f3e
	   |-- fabric-recipe-api-v1 8.2.3+4ebb5c083e
	   |-- fabric-registry-sync-v0 6.2.5+1718722b3e
	   |-- fabric-renderer-api-v1 8.0.3+f4ffd2e53e
	   |-- fabric-renderer-indigo 5.0.3+f4ffd2e53e
	   |-- fabric-rendering-fluids-v1 3.1.43+4ebb5c083e
	   |-- fabric-rendering-v1 16.2.10+0290ad933e
	   |-- fabric-resource-conditions-api-v1 5.0.35+4fc5413f3e
	   |-- fabric-resource-loader-v0 3.3.4+4fc5413f3e
	   |-- fabric-resource-loader-v1 1.0.10+78c8b4663e
	   |-- fabric-screen-api-v1 3.1.7+4ebb5c083e
	   |-- fabric-screen-handler-api-v1 1.3.161+4fc5413f3e
	   |-- fabric-serialization-api-v1 1.0.5+4ebb5c083e
	   |-- fabric-sound-api-v1 1.0.51+4fc5413f3e
	   |-- fabric-tag-api-v1 1.2.20+4fc5413f3e
	   |-- fabric-transfer-api-v1 6.0.25+4fc5413f3e
	   \-- fabric-transitive-access-wideners-v1 7.1.0+014c8cec3e
	- fabricloader 0.18.5
	   \-- mixinextras 0.5.3
	- java 21
	- litematica 0.26.2
	   \-- conditional-mixin 0.6.4
	- malilib 0.27.7
	   \-- conditional-mixin 0.6.4
	- minecraft 1.21.11
[18:25:17] [main/WARN]: Found 1 non-fabric mod:
	- fabric-installer-1.1.1.jar
[18:25:19] [main/INFO]: SpongePowered MIXIN Subsystem Version=0.8.7 Source=file:/C:/Users/Alumno/AppData/Roaming/.minecraft/libraries/net/fabricmc/sponge-mixin/0.17.0+mixin.0.8.7/sponge-mixin-0.17.0+mixin.0.8.7.jar Service=Knot/Fabric Env=CLIENT
[18:25:27] [main/INFO]: Compatibility level set to JAVA_17
[18:25:27] [main/INFO]: Compatibility level set to JAVA_21
[18:25:28] [main/WARN]: Reference map 'attackthroughgrass.refmap.json' for attackthroughgrass-common.mixins.json could not be read. If this is a development environment you can ignore this message
[18:25:30] [main/INFO]: Initializing MixinExtras via com.llamalad7.mixinextras.service.MixinExtrasServiceImpl(version=0.5.3).
[18:25:34] [Datafixer Bootstrap/INFO]: 287 Datafixer optimizations took 1692 milliseconds
[18:25:56] [main/INFO]: Sodium: [N/F], Iris: [N/F]
[18:25:58] [Render thread/INFO]: Environment: Environment[sessionHost=https://sessionserver.mojang.com, servicesHost=https://api.minecraftservices.com, profilesHost=https://api.mojang.com, name=PROD]
[18:25:58] [Render thread/INFO]: Setting user: Naranjitia67
[18:25:59] [Render thread/INFO]: [Indigo] Registering Indigo renderer!
[18:26:00] [Render thread/INFO]: Backend library: LWJGL version 3.3.3-snapshot
[18:26:03] [Render thread/INFO]: Using optional rendering extensions: GL_ARB_buffer_storage, GL_KHR_debug, GL_ARB_vertex_attrib_binding, GL_ARB_direct_state_access, GL_EXT_texture_filter_anisotropic
[18:26:03] [Render thread/INFO]: Found non-pack entry 'C:\Users\Alumno\AppData\Roaming\.minecraft\resourcepacks\attackthroughgrass-fabric-2.1.0-1.21.11.jar', ignoring
[18:26:03] [Render thread/INFO]: Found non-pack entry 'C:\Users\Alumno\AppData\Roaming\.minecraft\resourcepacks\auto-totem-1.21.11-1.2.4.jar', ignoring
[18:26:03] [Render thread/INFO]: Found non-pack entry 'C:\Users\Alumno\AppData\Roaming\.minecraft\resourcepacks\autototem-1.0.5.jar', ignoring
[18:26:03] [Render thread/ERROR]: Couldn't load file/Xray_Ultimate_1.21_v5.2.2.zip pack metadata: Pack declares support for version newer than 64, but is missing mandatory fields min_format and max_format
[18:26:05] [Download-1/INFO]: Could not authorize you against Realms server: java.lang.RuntimeException: Failed to parse into SignedJWT: null
[18:26:05] [Render thread/INFO]: Reloading ResourceManager: vanilla, autototem, conditional-mixin, fabric-api, fabric-api-base, fabric-api-lookup-api-v1, fabric-biome-api-v1, fabric-block-api-v1, fabric-block-view-api-v2, fabric-command-api-v2, fabric-content-registries-v0, fabric-convention-tags-v1, fabric-convention-tags-v2, fabric-crash-report-info-v1, fabric-data-attachment-api-v1, fabric-data-generation-api-v1, fabric-dimensions-v1, fabric-entity-events-v1, fabric-events-interaction-v0, fabric-game-rule-api-v1, fabric-item-api-v1, fabric-item-group-api-v1, fabric-key-binding-api-v1, fabric-lifecycle-events-v1, fabric-loot-api-v2, fabric-loot-api-v3, fabric-message-api-v1, fabric-model-loading-api-v1, fabric-networking-api-v1, fabric-object-builder-api-v1, fabric-particles-v1, fabric-recipe-api-v1, fabric-registry-sync-v0, fabric-renderer-api-v1, fabric-renderer-indigo, fabric-rendering-fluids-v1, fabric-rendering-v1, fabric-resource-conditions-api-v1, fabric-resource-loader-v0, fabric-resource-loader-v1, fabric-screen-api-v1, fabric-screen-handler-api-v1, fabric-serialization-api-v1, fabric-sound-api-v1, fabric-tag-api-v1, fabric-transfer-api-v1, fabric-transitive-access-wideners-v1, fabricloader, litematica, malilib, file/Fullbright.zip, file/Fullbright-UB-1.21 fub-6.0.zip
[18:26:05] [Download-1/ERROR]: Failed to fetch Realms feature flags
net.minecraft.class_4355: Realms authentication error with message 'java.lang.RuntimeException: Failed to parse into SignedJWT: null'
	at knot//net.minecraft.class_4341.method_20998(class_4341.java:526)
	at knot//net.minecraft.class_4341.method_68466(class_4341.java:186)
	at java.base/java.util.concurrent.CompletableFuture$AsyncSupply.run(CompletableFuture.java:1768)
	at java.base/java.util.concurrent.ThreadPoolExecutor.runWorker(ThreadPoolExecutor.java:1144)
	at java.base/java.util.concurrent.ThreadPoolExecutor$Worker.run(ThreadPoolExecutor.java:642)
	at java.base/java.lang.Thread.run(Thread.java:1583)
[18:26:06] [Worker-Main-4/INFO]: Found unifont_all_no_pua-17.0.01.hex, loading
[18:26:06] [Worker-Main-3/INFO]: Found unifont_pua-17.0.01.hex, loading
[18:26:07] [Worker-Main-4/INFO]: Found unifont_jp_patch-17.0.01.hex, loading
[18:26:12] [Render thread/INFO]: OpenAL initialized on device OpenAL Soft on Altavoces (Realtek(R) Audio)
[18:26:12] [Render thread/INFO]: Sound engine started
[18:26:12] [Render thread/INFO]: Created: 512x256x0 minecraft:textures/atlas/particles.png-atlas
[18:26:12] [Render thread/INFO]: Created: 128x128x0 minecraft:textures/atlas/decorated_pot.png-atlas
[18:26:12] [Render thread/INFO]: Created: 2048x1024x0 minecraft:textures/atlas/armor_trims.png-atlas
[18:26:12] [Render thread/INFO]: Created: 512x256x0 minecraft:textures/atlas/paintings.png-atlas
[18:26:12] [Render thread/INFO]: Created: 1024x512x0 minecraft:textures/atlas/shield_patterns.png-atlas
[18:26:12] [Render thread/INFO]: Created: 2048x2048x4 minecraft:textures/atlas/blocks.png-atlas
[18:26:13] [Render thread/INFO]: Created: 512x512x0 minecraft:textures/atlas/chest.png-atlas
[18:26:13] [Render thread/INFO]: Created: 256x128x0 minecraft:textures/atlas/celestials.png-atlas
[18:26:13] [Render thread/INFO]: Created: 1024x512x0 minecraft:textures/atlas/banner_patterns.png-atlas
[18:26:13] [Render thread/INFO]: Created: 512x512x0 minecraft:textures/atlas/beds.png-atlas
[18:26:13] [Render thread/INFO]: Created: 1024x512x0 minecraft:textures/atlas/items.png-atlas
[18:26:13] [Render thread/INFO]: Created: 1024x1024x0 minecraft:textures/atlas/gui.png-atlas
[18:26:14] [Render thread/INFO]: Created: 128x64x0 minecraft:textures/atlas/map_decorations.png-atlas
[18:26:14] [Render thread/INFO]: Created: 512x256x0 minecraft:textures/atlas/signs.png-atlas
[18:26:14] [Render thread/INFO]: Created: 512x512x0 minecraft:textures/atlas/shulker_boxes.png-atlas
[18:26:16] [IO-Worker-1/INFO]: Could not authorize you against Realms server: java.lang.RuntimeException: Failed to parse into SignedJWT: null
[18:26:16] [IO-Worker-1/ERROR]: Couldn't connect to realms
net.minecraft.class_4355: Realms authentication error with message 'java.lang.RuntimeException: Failed to parse into SignedJWT: null'
	at knot//net.minecraft.class_4341.method_20998(class_4341.java:526)
	at knot//net.minecraft.class_4341.method_21027(class_4341.java:307)
	at knot//net.minecraft.class_8647.method_52627(class_8647.java:48)
	at java.base/java.util.concurrent.CompletableFuture$AsyncSupply.run(CompletableFuture.java:1768)
	at java.base/java.util.concurrent.ThreadPoolExecutor.runWorker(ThreadPoolExecutor.java:1144)
	at java.base/java.util.concurrent.ThreadPoolExecutor$Worker.run(ThreadPoolExecutor.java:642)
	at java.base/java.lang.Thread.run(Thread.java:1583)
[18:27:02] [Server Pinger #4/ERROR]: Can't ping noxirio.net: Anfitrión desconocido
[18:27:03] [Render thread/INFO]: Resizing Dynamic Transforms UBO, capacity limit of 2 reached during a single frame. New capacity will be 4.
[18:27:03] [Render thread/INFO]: Connecting to play.minelatino.com, 25565
[18:27:03] [Download-1/ERROR]: Failed to retrieve profile key pair
com.mojang.authlib.exceptions.MinecraftClientHttpException: Status: 401
	at knot//com.mojang.authlib.minecraft.client.MinecraftClient.readInputStream(MinecraftClient.java:103)
	at knot//com.mojang.authlib.minecraft.client.MinecraftClient.post(MinecraftClient.java:64)
	at knot//com.mojang.authlib.yggdrasil.YggdrasilUserApiService.getKeyPair(YggdrasilUserApiService.java:66)
	at knot//net.minecraft.class_7434.method_43605(class_7434.java:128)
	at knot//net.minecraft.class_7434.method_44291(class_7434.java:77)
	at java.base/java.util.concurrent.CompletableFuture$AsyncSupply.run(CompletableFuture.java:1768)
	at java.base/java.util.concurrent.ThreadPoolExecutor.runWorker(ThreadPoolExecutor.java:1144)
	at java.base/java.util.concurrent.ThreadPoolExecutor$Worker.run(ThreadPoolExecutor.java:642)
	at java.base/java.lang.Thread.run(Thread.java:1583)
[18:27:05] [Render thread/INFO]: [System] [CHAT] AMIGOS » Tienes peticiones de amistad de: Admon_0
[18:27:05] [Render thread/INFO]: Using 3 total BufferAllocator caches
[18:27:06] [Render thread/WARN]: Unable to read property: east with value: "false" for blockstate: {Name:"minecraft:cobblestone_wall",Properties:{east:"false",north:"false",south:"false",up:"false",west:"false"}}
[18:27:06] [Render thread/WARN]: Unable to read property: south with value: "false" for blockstate: {Name:"minecraft:cobblestone_wall",Properties:{east:"false",north:"false",south:"false",up:"false",west:"false"}}
[18:27:06] [Render thread/WARN]: Unable to read property: north with value: "false" for blockstate: {Name:"minecraft:cobblestone_wall",Properties:{east:"false",north:"false",south:"false",up:"false",west:"false"}}
[18:27:06] [Render thread/WARN]: Unable to read property: west with value: "false" for blockstate: {Name:"minecraft:cobblestone_wall",Properties:{east:"false",north:"false",south:"false",up:"false",west:"false"}}
[18:27:06] [Render thread/WARN]: Unable to read property: east with value: "false" for blockstate: {Name:"minecraft:mossy_cobblestone_wall",Properties:{east:"false",north:"false",south:"false",up:"false",west:"false"}}
[18:27:06] [Render thread/WARN]: Unable to read property: south with value: "false" for blockstate: {Name:"minecraft:mossy_cobblestone_wall",Properties:{east:"false",north:"false",south:"false",up:"false",west:"false"}}
[18:27:06] [Render thread/WARN]: Unable to read property: north with value: "false" for blockstate: {Name:"minecraft:mossy_cobblestone_wall",Properties:{east:"false",north:"false",south:"false",up:"false",west:"false"}}
[18:27:06] [Render thread/WARN]: Unable to read property: west with value: "false" for blockstate: {Name:"minecraft:mossy_cobblestone_wall",Properties:{east:"false",north:"false",south:"false",up:"false",west:"false"}}
[18:27:06] [Render thread/INFO]: Starting [1] Placement Manager Daemon threads
[18:27:06] [Render thread/WARN]: Ignoring player info update for unknown player 1105cd9c-c46b-3952-b63a-0cf9c43581a9 ([UPDATE_DISPLAY_NAME])
[18:27:06] [Render thread/WARN]: Ignoring player info update for unknown player 5adf84c9-85ee-344e-ba07-396f11d432d9 ([UPDATE_DISPLAY_NAME])
[18:27:06] [Render thread/WARN]: Ignoring player info update for unknown player 2711dbf2-4f49-3fdb-9d31-31bdbbcdc47e ([UPDATE_DISPLAY_NAME])
[18:27:06] [Render thread/WARN]: Ignoring player info update for unknown player 1105cd9c-c46b-3952-b63a-0cf9c43581a9 ([UPDATE_DISPLAY_NAME])
[18:27:06] [Render thread/INFO]: [System] [CHAT] +---------------***---------------+
[18:27:06] [Render thread/INFO]: [System] [CHAT] 
[18:27:06] [Render thread/INFO]: [System] [CHAT] • Web: www.minelatino.com
[18:27:06] [Render thread/INFO]: [System] [CHAT] • Discord: discord.minelatino.com
[18:27:06] [Render thread/INFO]: [System] [CHAT] • Tienda: minelatino.shop
[18:27:06] [Render thread/INFO]: [System] [CHAT] 
[18:27:06] [Render thread/INFO]: [System] [CHAT] +---------------***---------------+
[18:27:06] [Render thread/INFO]: [System] [CHAT] 
[18:27:06] [Render thread/INFO]: Resizing Dynamic Transforms UBO, capacity limit of 4 reached during a single frame. New capacity will be 8.
[18:27:06] [Render thread/INFO]: [System] [CHAT]  MINELATINO » Inicia sesión usando /login contraseña
[18:27:06] [Render thread/INFO]: Resizing Dynamic Transforms UBO, capacity limit of 8 reached during a single frame. New capacity will be 16.
[18:27:07] [Render thread/INFO]: Resizing Chunk Sections UBO, capacity limit of 2 reached during a single frame. New capacity will be 8.
[18:27:07] [Render thread/INFO]: Resizing Chunk Sections UBO, capacity limit of 8 reached during a single frame. New capacity will be 16.
[18:27:07] [Render thread/INFO]: Resizing Chunk Sections UBO, capacity limit of 16 reached during a single frame. New capacity will be 32.
[18:27:07] [Render thread/INFO]: Resizing Chunk Sections UBO, capacity limit of 32 reached during a single frame. New capacity will be 64.
[18:27:10] [Render thread/WARN]: Ignoring player info update for unknown player 2711dbf2-4f49-3fdb-9d31-31bdbbcdc47e ([UPDATE_LATENCY])
[18:27:11] [Render thread/INFO]: [System] [CHAT] 
[18:27:11] [Render thread/INFO]: [System] [CHAT]  MINELATINO » ¡Has ingresado exitosamente! Serás enviado al Lobby en unos segundos
[18:27:11] [Render thread/INFO]: [System] [CHAT]  MINELATINO » Inicia sesión usando /login contraseña
[18:27:11] [Render thread/INFO]: [System] [CHAT]                                        
[18:27:11] [Render thread/INFO]: [System] [CHAT]                    ¡BIENVENIDO A MINELATINO!
[18:27:11] [Render thread/INFO]: [System] [CHAT]                                        
[18:27:11] [Render thread/INFO]: [System] [CHAT]                       Gracias por elegirnos UwU
[18:27:11] [Render thread/INFO]: [System] [CHAT]                                        
[18:27:12] [Render thread/INFO]: Using 3 total BufferAllocator caches
[18:27:12] [Render thread/INFO]: Starting [1] Placement Manager Daemon threads
[18:27:12] [Render thread/INFO]: [System] [CHAT] [+] Naranjitia67, se ha conectado al lobby.
[18:27:13] [Render thread/WARN]: Ignoring player info update for unknown player 2b9f5978-e9d6-35b1-91c9-9e28d8cf3545 ([UPDATE_GAME_MODE])
[18:27:13] [Render thread/INFO]: [System] [CHAT] [+] kinnsoul, se ha conectado al lobby.
[18:27:13] [Render thread/INFO]: [System] [CHAT] +---------------***---------------+
[18:27:13] [Render thread/INFO]: [System] [CHAT] 
[18:27:13] [Render thread/INFO]: [System] [CHAT] • Web: www.minelatino.com
[18:27:13] [Render thread/INFO]: [System] [CHAT] • Discord: discord.minelatino.com
[18:27:13] [Render thread/INFO]: [System] [CHAT] • Tienda: minelatino.shop
[18:27:13] [Render thread/INFO]: [System] [CHAT] 
[18:27:13] [Render thread/INFO]: [System] [CHAT] +---------------***---------------+
[18:27:14] [Render thread/INFO]: Resizing Chunk Sections UBO, capacity limit of 64 reached during a single frame. New capacity will be 128.
[18:27:14] [Render thread/WARN]: Ignoring player info update for unknown player 34468090-ef3f-3999-b3b4-7ed5cb1b7383 ([UPDATE_GAME_MODE])
[18:27:14] [Render thread/WARN]: Ignoring player info update for unknown player 34468090-ef3f-3999-b3b4-7ed5cb1b7383 ([UPDATE_GAME_MODE])
[18:27:14] [Render thread/INFO]: [System] [CHAT] [+] Sergio7878pvp, se ha conectado al lobby.
[18:27:14] [Render thread/INFO]: Resizing Chunk Sections UBO, capacity limit of 128 reached during a single frame. New capacity will be 256.
[18:27:16] [Render thread/WARN]: Ignoring player info update for unknown player a54569cd-fe71-3b36-840e-a3399ee78205 ([UPDATE_GAME_MODE])
[18:27:16] [Render thread/INFO]: [System] [CHAT] [+] loboguerrero99, se ha conectado al lobby.
[18:27:16] [Render thread/INFO]: Resizing Chunk Sections UBO, capacity limit of 256 reached during a single frame. New capacity will be 512.
[18:27:18] [Render thread/INFO]: Using 3 total BufferAllocator caches
[18:27:18] [Render thread/INFO]: Starting [1] Placement Manager Daemon threads
[18:27:18] [Render thread/INFO]: [System] [CHAT]  MINELATINO » No tienes correos nuevos.
[18:27:18] [Render thread/INFO]: Loaded 731 advancements
[18:27:23] [Render thread/INFO]: [System] [CHAT]  MINELATINO » ¡Entrando a la zona de Martinaaa16!
[18:27:24] [Render thread/INFO]: [System] [CHAT] [JRAN][IRON][Luchador] .IsaacA0156 » gabx puedo ir??
[18:27:28] [Render thread/INFO]: [System] [CHAT] [][U] Guilli2015 » acá esperando a q sea de día
[18:27:35] [Render thread/INFO]: [System] [CHAT] -------------------[MINELATINO]-------------------
[18:27:35] [Render thread/INFO]: [System] [CHAT]                ¡250.000 sanciones realizadas!
[18:27:35] [Render thread/INFO]: [System] [CHAT]               así que, por favor, no uses hacks =(
[18:27:35] [Render thread/INFO]: [System] [CHAT] ------------------------[♥]-----------------------
[18:27:37] [Render thread/INFO]: [System] [CHAT] pellonicesar ha sido víctima de Piglin zombificado
[18:27:38] [Render thread/INFO]: [System] [CHAT] [FYA][LATAM+][||✱||2024||✱||] Adriasan » Vendo Pixel arts :D /tpa adriasan para verlos
[18:27:43] [Render thread/INFO]: [System] [CHAT] [][U] juanparedes987 » necesito equpi soy nuevo
[18:27:44] [Render thread/INFO]: [System] [CHAT] [][U] 777dogui777 » shafit queda te
[18:27:45] [Render thread/INFO]: [System] [CHAT] [🥇][ONLY][⚡] Soulzgg » compro shulker de glowstone
[18:27:50] [Render thread/INFO]: [System] [CHAT] [][U] juanparedes987 » estoy hacien do una casa
[18:27:54] [Render thread/INFO]: [System] [CHAT] bautistaeche5 ha sido víctima de Gólem de hierro
[18:27:55] [Render thread/INFO]: [System] [CHAT] [][U] marino » tpa ilovekanki
[18:27:55] [Render thread/INFO]: [System] [CHAT] [🥇][ONLY]｢⚡｣👑Emperor👑 SrKaiserv » debi suponer que estabas en mi base we
[18:27:56] [Render thread/INFO]: [System] [CHAT] ilovekanki ha conseguido el progreso [Monster Hunter]
[18:27:58] [Render thread/INFO]: [System] [CHAT] [][U] 777dogui777 » entra a tiwch
[18:27:58] [Render thread/INFO]: [System] [CHAT] -------------------------------------------------
[18:27:58] [Render thread/INFO]: [System] [CHAT] ➥ El jugador FGM acaba de votar por el
[18:27:58] [Render thread/INFO]: [System] [CHAT] ➥ servidor y ha ganado increíbles cosas ♥
[18:27:58] [Render thread/INFO]: [System] [CHAT] ➥ Si también quieres ganar, usa /vote
[18:27:58] [Render thread/INFO]: [System] [CHAT] -------------------------------------------------
[18:28:00] [Render thread/INFO]: [System] [CHAT] [][U] 777dogui777 » shafit
[18:28:04] [Render thread/INFO]: [System] [CHAT] [][U] Serk » vendo enderpearls al mayor
[18:28:04] [Render thread/INFO]: Resizing Dynamic Transforms UBO, capacity limit of 16 reached during a single frame. New capacity will be 32.
[18:28:05] [Render thread/INFO]: [System] [CHAT] -----------------[TOP DONADORES]-----------------
[18:28:05] [Render thread/INFO]: [System] [CHAT]            CHAVEZ20 | albino2001 | LoveHaze | Danihell
[18:28:05] [Render thread/INFO]: [System] [CHAT] INSPIREKO1 | iGerber | Dekiller27 | Bostime888 | RickyDeath79
[18:28:05] [Render thread/INFO]: [System] [CHAT]    0nsz | Gusquirtle | Marliton08 | perea78 | Chechocastex
[18:28:05] [Render thread/INFO]: [System] [CHAT]              AKO_RPG | RazorLR | sparduk | TacoGabs
[18:28:05] [Render thread/INFO]: [System] [CHAT] -----------------------[9/21]----------------------
[18:28:06] [Render thread/INFO]: [System] [CHAT] [🥇][ONLY]｢⚡｣👑Emperor👑 SrKaiserv » sabes que? me la suda quedate
[18:28:06] [Render thread/INFO]: [System] [CHAT] [][U] Shafiff5070 » hola brother
[18:28:06] [Render thread/INFO]: [System] [CHAT] [][U] 777dogui777 » estamos jugando con discord tambien
[18:28:13] [Render thread/INFO]: [System] [CHAT] [][U] DuendePochi » aseme tp gabx144
[18:28:20] [Render thread/INFO]: [System] [CHAT] §6§l ➥ §6✉ (YO ▻ soulzgg) » cuanto pagas
[18:28:26] [Render thread/INFO]: [System] [CHAT] [][INFINITE]｢!༺˚ʚ❤ɞ˚༻!｣ Vladimir065 » alguien ponga bloques de diamante en ah xd
[18:28:28] [Render thread/INFO]: [System] [CHAT] gabx144 ha conseguido el progreso [¡La cosa está que arde!]
[18:28:28] [Render thread/INFO]: [System] [CHAT] [][U] 777dogui777 » que quieres sin hueso largate
[18:28:32] [Render thread/INFO]: [System] [CHAT] [][U] 777dogui777 » ya tienes todo tu
[18:28:33] [Render thread/INFO]: [System] [CHAT] §6§l ➥ §6✉ (soulzgg ▻ YO) » 30k
[18:28:35] [Render thread/INFO]: [System] [CHAT] -------------------[MINELATINO]-------------------
[18:28:35] [Render thread/INFO]: [System] [CHAT]       ¿Hackers, jugadores tóxicos o problemas?
[18:28:35] [Render thread/INFO]: [System] [CHAT]      usa /report y el staff de turno entrará en acción
[18:28:35] [Render thread/INFO]: [System] [CHAT] ------------------------[♥]-----------------------
[18:28:37] [Render thread/INFO]: [System] [CHAT] [][U] 777dogui777 » tu solo quieres matar
[18:28:39] [Render thread/INFO]: [System] [CHAT] [][U] 777dogui777 » vete
[18:28:39] [Render thread/INFO]: [System] [CHAT] §6§l ➥ §6✉ (YO ▻ soulzgg) » 1mllon
[18:28:40] [Render thread/INFO]: [System] [CHAT] [🥇][ONLY]｢⚡｣👑Emperor👑 SrKaiserv » porque sera que ya sabia que estabas aca
[18:28:46] [Render thread/INFO]: [System] [CHAT] Guilli2015 ha muerto por un flechazo de Esqueleto
[18:28:47] [Render thread/INFO]: [System] [CHAT] §6§l ➥ §6✉ (soulzgg ▻ YO) » un melon
[18:28:49] [Render thread/INFO]: [System] [CHAT] [][U] argentinaxd » 7ah
[18:28:50] [Render thread/INFO]: [System] [CHAT] [][U] 777dogui777 » pishu vete
[18:28:54] [Render thread/INFO]: [System] [CHAT] §6§l ➥ §6✉ (YO ▻ soulzgg) » si
[18:28:54] [Render thread/INFO]: [System] [CHAT] [🥇][ONLY]｢⚡｣👑Emperor👑 SrKaiserv » minimo quitate el afk we
[18:29:01] [Render thread/INFO]: [System] [CHAT] [🥇][ONLY]｢⚡｣👑Emperor👑 SrKaiserv » esta pend
[18:29:05] [Render thread/INFO]: [System] [CHAT] -----------------[TOP DONADORES]-----------------
[18:29:05] [Render thread/INFO]: [System] [CHAT]              quim009 | KunPlex | Gonzonzo | TheEdixon
[18:29:05] [Render thread/INFO]: [System] [CHAT] ----------------------[21/21]----------------------
[18:29:05] [Render thread/INFO]: [System] [CHAT] [IMJR][U] ssaannttii » alguien me regala una mina de oro plis
[18:29:11] [Render thread/INFO]: [System] [CHAT] [][U] Shafiff5070 » ufff dogui777 se ven jevi el shader bsl aca
[18:29:12] [Render thread/INFO]: [System] [CHAT] [][U] 777dogui777 » vete
[18:29:15] [Render thread/INFO]: [System] [CHAT] [JRAN][IRON][Luchador] .IsaacA0156 » daxxel
[18:29:16] [Render thread/INFO]: [System] [CHAT] [][U] 777dogui777 » asle de una
[18:29:18] [Render thread/INFO]: [System] [CHAT] [JRAN][IRON][Luchador] .IsaacA0156 » 1 shulk
[18:29:20] [Render thread/INFO]: [System] [CHAT] [][U] argentinaxd » hola bro
[18:29:22] [Render thread/INFO]: [System] [CHAT] [][U] .Sofia62018 » es mina o mena?
[18:29:26] [Render thread/INFO]: [System] [CHAT] [🥇][ONLY]｢⚡｣👑Emperor👑 SrKaiserv » nmms por un segundo pense que era mi ex
[18:29:26] [Render thread/INFO]: [System] [CHAT] [][U][Luchador] i_TAPYO » hola
[18:29:27] [Render thread/INFO]: [System] [CHAT] [][U] 777dogui777 » shafit quedate ahi
[18:29:29] [Render thread/INFO]: [System] [CHAT] [][U] argentinaxd » q paso?
[18:29:32] [Render thread/INFO]: [System] [CHAT] Fran_ruz ha completado el desafío [Héroe de la aldea]
[18:29:33] [Render thread/INFO]: [System] [CHAT] [][U] DuendePochi » ajjajajaj xdd
[18:29:35] [Render thread/INFO]: [System] [CHAT] -------------------[MINELATINO]-------------------
[18:29:35] [Render thread/INFO]: [System] [CHAT]                         www.minelatino.shop
[18:29:35] [Render thread/INFO]: [System] [CHAT] para ser un TOP DONADOR, debes donar más de 100 USD
[18:29:35] [Render thread/INFO]: [System] [CHAT] ------------------------[♥]-----------------------
[18:29:35] [Render thread/INFO]: [System] [CHAT] [][U] 777dogui777 » ahorita uelvo de te doy codad
[18:29:38] [Render thread/INFO]: [System] [CHAT] [][U][Luchador] i_TAPYO » nada
[18:29:38] [Render thread/INFO]: [System] [CHAT] [][U] 777dogui777 » cosas
[18:29:45] [Render thread/INFO]: [System] [CHAT] [][U] argentinaxd » ala
[18:29:48] [Render thread/INFO]: [System] [CHAT] [][U] 777dogui777 » ahora si
[18:30:05] [Render thread/INFO]: [System] [CHAT] -----------------[TOP DONADORES]-----------------
[18:30:05] [Render thread/INFO]: [System] [CHAT]     EPIT21 | DrScott18 | _Nighteye | Leslik4rina | Azkurbal
[18:30:05] [Render thread/INFO]: [System] [CHAT]   JEDEFA | mashin | 4rtur0000_2004 | PietroPVLM | Blackweb
[18:30:05] [Render thread/INFO]: [System] [CHAT]      Andriu05 | IEMEI | TheGhostlyPirate | iMayco | Baccus
[18:30:05] [Render thread/INFO]: [System] [CHAT]   ANGELYT1617 | LimonsitoConRon | maikelCraft7w7 | ElKrakos
[18:30:05] [Render thread/INFO]: [System] [CHAT] ----------------------[16/21]----------------------
[18:30:15] [Render thread/INFO]: [System] [CHAT] ilovekanki ha conseguido el progreso [La Edad de Piedra]
[18:30:21] [Render thread/INFO]: [System] [CHAT] [][U] Shafiff5070 » khe 3 letra
[18:30:32] [Render thread/INFO]: [System] [CHAT] [][U] argentinaxd » regalen algo u3u
[18:30:35] [Render thread/INFO]: [System] [CHAT] -------------------[MINELATINO]-------------------
[18:30:35] [Render thread/INFO]: [System] [CHAT]     ¡Vota por el servidor y serás recompensado!
[18:30:35] [Render thread/INFO]: [System] [CHAT]             para votar, solamente debes usar /vote
[18:30:35] [Render thread/INFO]: [System] [CHAT] ------------------------[♥]-----------------------
[18:30:36] [Render thread/INFO]: [System] [CHAT] [][U] argentinaxd » xd
[18:30:36] [Render thread/INFO]: [System] [CHAT] [][U][Luchador] ANDREW_MADNESS » vendo shulker de totems en ah
[18:30:37] [Render thread/INFO]: [System] [CHAT] [🥇][ONLY]｢⚡｣👑Emperor👑 SrKaiserv » soul donde andas we
[18:30:38] [Render thread/INFO]: [System] [CHAT] [][U] DuendePochi » ey hierro
[18:30:39] [Render thread/INFO]: [System] [CHAT] Shafiff5070 ha conseguido el progreso [Vístete]
[18:31:01] [Render thread/INFO]: [System] [CHAT] Shafiff5070 ha conseguido el progreso [¿No es hierrónico?]
[18:31:02] [Render thread/INFO]: [System] [CHAT] [][U] gabx144 » fachinz en twitch recien empezamos estamos haciendo una base full nuevos vengan
[18:31:05] [Render thread/INFO]: [System] [CHAT] -----------------[TOP DONADORES]-----------------
[18:31:05] [Render thread/INFO]: [System] [CHAT]          Theone | xFighterS2 | srgamerx | NiicoElMaquina
[18:31:05] [Render thread/INFO]: [System] [CHAT]         Canales_154 | Mezar7513 | WxrLalo | xXwomanXx
[18:31:05] [Render thread/INFO]: [System] [CHAT]    EltripaZeka | Diandita | whos_rvbnn | Rodribecl | prieto34
[18:31:05] [Render thread/INFO]: [System] [CHAT]      CapitanPichula | 25baaaaammm | GobackCL | Berkshiire
[18:31:05] [Render thread/INFO]: [System] [CHAT] ----------------------[12/21]----------------------
[18:31:16] [Render thread/INFO]: [System] [CHAT] [][U] 777dogui777 » pon /set home
[18:31:21] [Render thread/INFO]: [System] [CHAT] [][U] 777dogui777 » para que aparezcas aqui
[18:31:29] [Render thread/INFO]: [System] [CHAT] [][U] Shafiff5070 » ayudo en cualquier cosa brother aca
[18:31:34] [Render thread/INFO]: [System] [CHAT] [][U] 777dogui777 » cosa que cuando mueras apareces aqui
[18:31:35] [Render thread/INFO]: [System] [CHAT] -------------------[MINELATINO]-------------------
[18:31:35] [Render thread/INFO]: [System] [CHAT]        ¿Quieres ser staff y ayudar a MineLatino?
[18:31:35] [Render thread/INFO]: [System] [CHAT]          entonces puedes ingresar al siguiente enlace:
[18:31:35] [Render thread/INFO]: [System] [CHAT]                     minelatino.com/postulaciones/
[18:31:35] [Render thread/INFO]: [System] [CHAT]          para saber los pasos a seguir para ser staff
[18:31:35] [Render thread/INFO]: [System] [CHAT] ------------------------[♥]-----------------------
[18:31:38] [Render thread/INFO]: [System] [CHAT] [][U] juanparedes987 » necesito equpi soy nuevo
[18:31:42] [Render thread/INFO]: [System] [CHAT] [][U] 777dogui777 » si normal broder
[18:31:46] [Render thread/INFO]: [System] [CHAT] [][U] Shafiff5070 » ok ahora lo pongo
[18:31:49] [Render thread/INFO]: [System] [CHAT] [][U][Luchador] ANDREW_MADNESS » shulker de totems en ah por 15k
[18:31:51] [Render thread/INFO]: [System] [CHAT] [][U] 777dogui777 » si puedes unete a tichw busca como fachinz
[18:32:05] [Render thread/INFO]: [System] [CHAT] -----------------[TOP DONADORES]-----------------
[18:32:05] [Render thread/INFO]: [System] [CHAT]         MrTaquitoMC | IPeluchito | Loler_Over | soymemox
[18:32:05] [Render thread/INFO]: [System] [CHAT]    Fredy_Graces | GerardLG74 | merlindeplay | Nicoestobar
[18:32:05] [Render thread/INFO]: [System] [CHAT]             benja893 | H4CK3110 | JUANZZY | Ferlantz
[18:32:05] [Render thread/INFO]: [System] [CHAT]            Kamn001 | Jorgemili0 | TheGolemKidd | Touzh
[18:32:05] [Render thread/INFO]: [System] [CHAT] -----------------------[2/21]----------------------
[18:32:07] [Render thread/INFO]: [System] [CHAT] [][U][Luchador] manu_ez » compro prote 64x64 a 50k
[18:32:14] [Render thread/INFO]: [System] [CHAT] deryldidson ha caído desde muy alto
[18:32:16] [Render thread/INFO]: [System] [CHAT] [][U] Shafiff5070 » ya lo estableci
[18:32:20] [Render thread/INFO]: [System] [CHAT] ajidehuevo23 se ha estampado contra el suelo
[18:32:24] [Render thread/INFO]: [System] [CHAT] .Luzbelsito ha caído desde muy alto
[18:32:27] [Render thread/INFO]: [System] [CHAT] [][U] 777dogui777 » okey espera un rato
[18:32:29] [Render thread/INFO]: [System] [CHAT] [][U][Luchador] manu_ez » compro prote 64x64 a 50k
[18:32:33] [Render thread/INFO]: [System] [CHAT] [][U] argentinaxd » :O
[18:32:35] [Render thread/INFO]: [System] [CHAT] -------------------[MINELATINO]-------------------
[18:32:35] [Render thread/INFO]: [System] [CHAT]                             ¿Sabías qué...
[18:32:35] [Render thread/INFO]: [System] [CHAT]         MineLatino Network se fundó en julio del 2019?
[18:32:35] [Render thread/INFO]: [System] [CHAT] ------------------------[♥]-----------------------
[18:32:36] [Render thread/INFO]: [System] [CHAT] Guilli2015 ha ardido en llamas
[18:32:54] [Render thread/INFO]: [System] [CHAT] argentinaxd ha sido víctima de ElPishulaDeHueso
[18:32:58] [Render thread/INFO]: [System] [CHAT] [][U] argentinaxd » eeee
[18:32:58] [Render thread/INFO]: [System] [CHAT] [][U] DuendePochi » ey estoy escuchando
[18:33:00] [Render thread/INFO]: [System] [CHAT] [][U] argentinaxd » noo :C
[18:33:05] [Render thread/INFO]: [System] [CHAT] -----------------[TOP DONADORES]-----------------
[18:33:05] [Render thread/INFO]: [System] [CHAT]          Pikachu08t | Morita18_ | ladybug | iKenshLuffy_
[18:33:05] [Render thread/INFO]: [System] [CHAT]   Amanda555555555 | InmortalSushy | Mediated4816 | Gatus
[18:33:05] [Render thread/INFO]: [System] [CHAT]      Aitore98 | azm | Chenchiito | NCOFUENTES | BryannnXD
[18:33:05] [Render thread/INFO]: [System] [CHAT]             Darkpl4y | Skvbo | sniperwolf10 | CHAVEZ20
[18:33:05] [Render thread/INFO]: [System] [CHAT] -----------------------[8/21]----------------------
[18:33:05] [Render thread/INFO]: [System] [CHAT] §6§l ➥ §6✉ (YO ▻ argentinaxd) » te mato?
[18:33:09] [Render thread/INFO]: [System] [CHAT] [][U] Shafiff5070 » manda lo quite sin querer
[18:33:12] [Render thread/INFO]: [System] [CHAT] §6§l ➥ §6✉ (argentinaxd ▻ YO) » si
[18:33:14] [Render thread/INFO]: [System] [CHAT] [][U] DuendePochi » sisi
[18:33:17] [Render thread/INFO]: [System] [CHAT] §6§l ➥ §6✉ (argentinaxd ▻ YO) » tiene hacks encima xd
[18:33:21] [Render thread/INFO]: [System] [CHAT] [][U] 777dogui777 » ntp siisis
[18:33:22] [Render thread/INFO]: [System] [CHAT] §6§l ➥ §6✉ (YO ▻ argentinaxd) » como te mato en pvp?
[18:33:23] [Render thread/INFO]: [System] [CHAT] [][U] 777dogui777 » tranqui
[18:33:25] [Render thread/INFO]: [System] [CHAT] -------------------------------------------------
[18:33:25] [Render thread/INFO]: [System] [CHAT] ➥ El jugador Gabriel_Emilio acaba de votar por el
[18:33:25] [Render thread/INFO]: [System] [CHAT] ➥ servidor y ha ganado increíbles cosas ♥
[18:33:25] [Render thread/INFO]: [System] [CHAT] ➥ Si también quieres ganar, usa /vote
[18:33:25] [Render thread/INFO]: [System] [CHAT] -------------------------------------------------
[18:33:25] [Render thread/INFO]: [System] [CHAT]  MINELATINO » argentinaxd ha pedido teletransportarse hacia a ti
[18:33:25] [Render thread/INFO]: [System] [CHAT]  ✔ Escribe /tpaccept para aceptar el teletransporte.
[18:33:25] [Render thread/INFO]: [System] [CHAT]  ❌ Escribe /tpdeny, para denegar el teletransporte.
[18:33:25] [Render thread/INFO]: [System] [CHAT]  ⌚ La solicitud será cancelada en 120 segundos; no aceptes peticiones de desconocidos.
[18:33:30] [Render thread/INFO]: [System] [CHAT]  MINELATINO » Petición de teletransporte aceptada.
[18:33:30] [Render thread/INFO]: [System] [CHAT] §6§l ➥ §6✉ (argentinaxd ▻ YO) » derrepente
[18:33:30] [Render thread/INFO]: [System] [CHAT] [BoSS][⚡] KasaneTeto_ » Y este?
[18:33:34] [Render thread/INFO]: [System] [CHAT] [🥉][URSS]｢⚡｣⌞⛧ |☠| ⛧⌝ Stwartv » ✨ Buenas! ✨
[18:33:35] [Render thread/INFO]: [System] [CHAT] -------------------[MINELATINO]-------------------
[18:33:35] [Render thread/INFO]: [System] [CHAT]                         www.minelatino.shop
[18:33:35] [Render thread/INFO]: [System] [CHAT]                      ¡Aceptamos criptomonedas!
[18:33:35] [Render thread/INFO]: [System] [CHAT] ------------------------[♥]-----------------------
[18:33:35] [Render thread/INFO]: [System] [CHAT] §6§l ➥ §6✉ (YO ▻ argentinaxd) » donde?
[18:33:36] [Render thread/INFO]: [System] [CHAT] [🥇][ONLY]｢⚡｣👑Emperor👑 SrKaiserv » tu estas en mi base we
[18:33:36] [Render thread/INFO]: [System] [CHAT] -------------------------------------------------
[18:33:36] [Render thread/INFO]: [System] [CHAT] ➥ El jugador stwart acaba de votar por el
[18:33:36] [Render thread/INFO]: [System] [CHAT] ➥ servidor y ha ganado increíbles cosas ♥
[18:33:36] [Render thread/INFO]: [System] [CHAT] ➥ Si también quieres ganar, usa /vote
[18:33:36] [Render thread/INFO]: [System] [CHAT] -------------------------------------------------
[18:33:42] [Render thread/INFO]: [System] [CHAT] [🥇][ONLY]｢⚡｣👑Emperor👑 SrKaiserv » ya ami me da igual quedate si quieres
[18:33:42] [Render thread/INFO]: [System] [CHAT] [BoSS][⚡] KasaneTeto_ » Volvi we
[18:33:43] [Render thread/INFO]: [System] [CHAT] [][U] 777dogui777 » el te va dar permiso
[18:33:43] [Render thread/INFO]: [System] [CHAT] §6§l ➥ §6✉ (argentinaxd ▻ YO) » en una selva ni le pegue :C
[18:33:48] [Render thread/INFO]: [System] [CHAT]  MINELATINO » ¡jakur_sensei se ha unido a nuestro aventura! Es el jugador (#370,894)
[18:33:48] [Render thread/INFO]: [System] [CHAT] jakur_sensei ha conseguido el progreso [Mejorando herramientas]
[18:33:49] [Render thread/INFO]: [System] [CHAT] §6§l ➥ §6✉ (argentinaxd ▻ YO) » igual no tenia mucho
[18:33:52] [Render thread/INFO]: [System] [CHAT] [🥇][ONLY]｢⚡｣👑Emperor👑 SrKaiserv » ns que tanto andas en mi base we
[18:33:52] [Render thread/INFO]: [System] [CHAT] §6§l ➥ §6✉ (YO ▻ argentinaxd) » quieres que lo mate?
[18:33:53] [Render thread/INFO]: [System] [CHAT] [][U] 777dogui777 » para que ayudes contruyes y saques cosas del cofre
[18:33:53] [Render thread/INFO]: [System] [CHAT] [BoSS][⚡] KasaneTeto_ » Le puse set home :D
[18:33:53] [Render thread/INFO]: [System] [CHAT] -------------------------------------------------
[18:33:53] [Render thread/INFO]: [System] [CHAT] ➥ El jugador Gabriel_Emilio acaba de votar por el
[18:33:53] [Render thread/INFO]: [System] [CHAT] ➥ servidor y ha ganado increíbles cosas ♥
[18:33:53] [Render thread/INFO]: [System] [CHAT] ➥ Si también quieres ganar, usa /vote
[18:33:53] [Render thread/INFO]: [System] [CHAT] -------------------------------------------------
[18:33:54] [Render thread/INFO]: [System] [CHAT] [🥉][URSS]｢⚡｣⌞⛧ |☠| ⛧⌝ Stwartv » ✨ Ya ta fofix salganse todos ✨
[18:33:57] [Render thread/INFO]: [System] [CHAT] [][U] 777dogui777 » ahora ya poder
[18:34:00] [Render thread/INFO]: [System] [CHAT] [🥇][ONLY]｢⚡｣👑Emperor👑 SrKaiserv » normal
[18:34:01] [Render thread/INFO]: [System] [CHAT] [BoSS][⚡] KasaneTeto_ » Stwart caiese feo
[18:34:05] [Render thread/INFO]: [System] [CHAT] -----------------[TOP DONADORES]-----------------
[18:34:05] [Render thread/INFO]: [System] [CHAT]     Tomas244 | Bry00v | Kronos0820 | romeo2103 | MiniDolly
[18:34:05] [Render thread/INFO]: [System] [CHAT]      RasGrimm | TheNazz_ | johanel | Jp_xp215 | Fenizzz34
[18:34:05] [Render thread/INFO]: [System] [CHAT]   Valdes_14 | Enderoeo | AndrezzGG | Dr4k0_TD | Ghenox19
[18:34:05] [Render thread/INFO]: [System] [CHAT]       Klawdioss | Zero_666 | Rollmaster_ | HolaYoSoyAlexx
[18:34:05] [Render thread/INFO]: [System] [CHAT] ----------------------[19/21]----------------------
[18:34:05] [Render thread/INFO]: [System] [CHAT] [][U] dylan_123 » .
[18:34:07] [Render thread/INFO]: [System] [CHAT] [][U] Shafiff5070 » ok ayudo con cultivos y eso solo me dicen
[18:34:07] [Render thread/INFO]: [System] [CHAT] [🥉][URSS]｢⚡｣⌞⛧ |☠| ⛧⌝ Stwartv » ✨ Shhh ✨
[18:34:09] [Render thread/INFO]: [System] [CHAT] [🥇][ONLY]｢⚡｣👑Emperor👑 SrKaiserv » ya volviste andate
[18:34:11] [Render thread/INFO]: [System] [CHAT] §6§l ➥ §6✉ (argentinaxd ▻ YO) » tiene hacks
[18:34:15] [Render thread/INFO]: [System] [CHAT] §6§l ➥ §6✉ (YO ▻ argentinaxd) » q hacks?
[18:34:16] [Render thread/INFO]: [System] [CHAT] [][U] bautistaeche5 » me parece que no
[18:34:19] [Render thread/INFO]: [System] [CHAT] §6§l ➥ §6✉ (argentinaxd ▻ YO) » fly
[18:34:24] [Render thread/INFO]: [System] [CHAT] [JRAN][IRON][Luchador] .IsaacA0156 » kaiser soy tu idolo bro XD
[18:34:24] [Render thread/INFO]: [System] [CHAT] [nabi][DIAMOND][I]｢ᴄᴜᴘɪᴅᴏ｣ Ignatrol » alguien vende stack de polvora baratito?
[18:34:25] [Render thread/INFO]: [System] [CHAT] §6§l ➥ §6✉ (YO ▻ argentinaxd) » grabastes?
[18:34:27] [Render thread/INFO]: [System] [CHAT] -------------------------------------------------
[18:34:27] [Render thread/INFO]: [System] [CHAT] ➥ El jugador stwart acaba de votar por el
[18:34:27] [Render thread/INFO]: [System] [CHAT] ➥ servidor y ha ganado increíbles cosas ♥
[18:34:27] [Render thread/INFO]: [System] [CHAT] ➥ Si también quieres ganar, usa /vote
[18:34:27] [Render thread/INFO]: [System] [CHAT] -------------------------------------------------
[18:34:27] [Render thread/INFO]: [System] [CHAT] .LEODEER231212 ha conseguido el progreso [Dulces sueños]
[18:34:28] [Render thread/INFO]: [System] [CHAT] §6§l ➥ §6✉ (argentinaxd ▻ YO) » no
[18:34:29] [Render thread/INFO]: [System] [CHAT] [🥇][ONLY]｢⚡｣👑Emperor👑 SrKaiserv » si isaac si
[18:34:33] [Render thread/INFO]: [System] [CHAT] [BoSS][⚡] KasaneTeto_ » XDDD
[18:34:35] [Render thread/INFO]: [System] [CHAT] -------------------[MINELATINO]-------------------
[18:34:35] [Render thread/INFO]: [System] [CHAT]   ¡Evita ser sancionado por usar clientes ilegales!
[18:34:35] [Render thread/INFO]: [System] [CHAT]        minelatino.com/knowledge/todo-sobre-los-clientes
[18:34:35] [Render thread/INFO]: [System] [CHAT]         ¡Descubre que clientes son legales y cuáles no!
[18:34:35] [Render thread/INFO]: [System] [CHAT] ------------------------[♥]-----------------------
[18:34:37] [Render thread/INFO]: [System] [CHAT] [][U][Luchador] manu_ez » ty
[18:34:37] [Render thread/INFO]: [System] [CHAT] §6§l ➥ §6✉ (YO ▻ Ignatrol) » cuanto pagas el stack
[18:34:37] [Render thread/INFO]: [System] [CHAT] §6§l ➥ §6✉ (argentinaxd ▻ YO) » lo q me dio lastima son mis cositas :C
[18:34:42] [Render thread/INFO]: [System] [CHAT] [][U] 777dogui777 » shafitt ya puedas sacar cosas armarte todo
[18:34:42] [Render thread/INFO]: [System] [CHAT] §6§l ➥ §6✉ (YO ▻ argentinaxd) » reportalo xD
[18:34:47] [Render thread/INFO]: [System] [CHAT] §6§l ➥ §6✉ (Ignatrol ▻ YO) » 1k
[18:34:49] [Render thread/INFO]: [System] [CHAT] [🥇][ONLY]｢⚡｣👑Emperor👑 SrKaiserv » tanto exploraste mi base
[18:34:49] [Render thread/INFO]: [System] [CHAT] [][U] gabx144 » ya bro
[18:34:52] [Render thread/INFO]: [System] [CHAT] [][U] 777dogui777 » todo lo que esta en el cofre va en esos cofres tal como esta
[18:34:55] [Render thread/INFO]: [System] [CHAT] [🥇][ONLY]｢⚡｣👑Emperor👑 SrKaiserv » ni yo conocia esto
[18:34:56] [Render thread/INFO]: [System] [CHAT]  MINELATINO » ¡xCChino se ha unido a nuestro aventura! Es el jugador (#370,895)
[18:34:56] [Render thread/INFO]: [System] [CHAT] xCChino ha conseguido el progreso [Mejorando herramientas]
[18:34:57] [Render thread/INFO]: [System] [CHAT] [BoSS][⚡] KasaneTeto_ » No hice nada
[18:34:57] [Render thread/INFO]: [System] [CHAT] [🥇][ONLY][LATAM+][G][ ❆ .2025. ❆ ] AllegroThePanda » t/pv
[18:34:59] [Render thread/INFO]: [System] [CHAT] [][IRON] Valois667 » gracias por tu compra manuel si ocupas mas menas me dices tengo otras bartas :D
[18:34:59] [Render thread/INFO]: [System] [CHAT] [][U] 777dogui777 » hace una cosa busca minerales
[18:35:01] [Render thread/INFO]: [System] [CHAT] [][U] Shafiff5070 » que tomo de los cofres
[18:35:01] [Render thread/INFO]: [System] [CHAT] [][U] 777dogui777 » todo
[18:35:04] [Render thread/INFO]: Resizing Dynamic Transforms UBO, capacity limit of 32 reached during a single frame. New capacity will be 64.
[18:35:05] [Render thread/INFO]: [System] [CHAT] -----------------[TOP DONADORES]-----------------
[18:35:05] [Render thread/INFO]: [System] [CHAT]               MiiLis | Lum12345h | Myta39 | CMJBS456
[18:35:05] [Render thread/INFO]: [System] [CHAT]             michael18 | AntooMeow | Stremo | Rramboo
[18:35:05] [Render thread/INFO]: [System] [CHAT]    MonsterWaffle7w7 | R2ZwieDK | iDombush | AngelNotFound
[18:35:05] [Render thread/INFO]: [System] [CHAT]   LordHount | alucard666 | NoSoyShadowL | MamaGamer1234
[18:35:05] [Render thread/INFO]: [System] [CHAT] -----------------------[5/21]----------------------
[18:35:11] [Render thread/INFO]: [System] [CHAT] -------------------------------------------------
[18:35:11] [Render thread/INFO]: [System] [CHAT] ➥ El jugador Gabriel_Emilio acaba de votar por el
[18:35:11] [Render thread/INFO]: [System] [CHAT] ➥ servidor y ha ganado increíbles cosas ♥
[18:35:11] [Render thread/INFO]: [System] [CHAT] ➥ Si también quieres ganar, usa /vote
[18:35:11] [Render thread/INFO]: [System] [CHAT] -------------------------------------------------
[18:35:13] [Render thread/INFO]: [System] [CHAT] 777dogui777 ha conseguido el progreso [¡Diamantes!]
[18:35:22] [Render thread/INFO]: [System] [CHAT] [BoSS][⚡] KasaneTeto_ » y esto?
[18:35:27] [Render thread/INFO]: [System] [CHAT] [🥇][ONLY]｢⚡｣👑Emperor👑 SrKaiserv » el gojo dejo esto a medias
[18:35:27] [Render thread/INFO]: [System] [CHAT]  MINELATINO » ¡xetrix78 se ha unido a nuestro aventura! Es el jugador (#370,896)
[18:35:27] [Render thread/INFO]: [System] [CHAT] xetrix78 ha conseguido el progreso [Mejorando herramientas]
[18:35:27] [Render thread/INFO]: [System] [CHAT] [BoSS][⚡] KasaneTeto_ » Kansel
[18:35:27] [Render thread/INFO]: Resizing Chunk Sections UBO, capacity limit of 512 reached during a single frame. New capacity will be 1024.
[18:35:29] [Render thread/INFO]: [System] [CHAT] [][U] 777dogui777 » fachinz
[18:35:30] [Render thread/INFO]: [System] [CHAT] Trolero ha sido víctima de Zombi
[18:35:31] [Render thread/INFO]: [System] [CHAT] [🥇][ONLY]｢⚡｣👑Emperor👑 SrKaiserv » se retiro pal roblox
[18:35:34] [Render thread/INFO]: [System] [CHAT] i_TAPYO ha completado el desafío [Hora de aventuras]
[18:35:34] [Render thread/INFO]: [System] [CHAT] -------------------[MINELATINO]-------------------
[18:35:34] [Render thread/INFO]: [System] [CHAT]                         www.minelatino.shop
[18:35:34] [Render thread/INFO]: [System] [CHAT]           ¡Rangos, picos, espadas, dinero & mucho más!
[18:35:34] [Render thread/INFO]: [System] [CHAT] ------------------------[♥]-----------------------
[18:35:40] [Render thread/INFO]: [System] [CHAT] [BoSS][⚡] KasaneTeto_ » Ysi hacemos la escuela de jjk?
[18:35:49] [Render thread/INFO]: [System] [CHAT] [][U] 777dogui777 » aslo quedeses shafit
[18:35:58] [Render thread/INFO]: [System] [CHAT] [🥇][ONLY]｢⚡｣👑Emperor👑 SrKaiserv » no cuentes conmigo para eso ❤️
[18:36:01] [Render thread/INFO]: [System] [CHAT] [][U] DuendePochi » cuanto mas
[18:36:04] [Render thread/INFO]: [System] [CHAT] -----------------[TOP DONADORES]-----------------
[18:36:04] [Render thread/INFO]: [System] [CHAT]     Keremy2305 | LordLostLP | RiveraF | Seryi_mc | kkwetx
[18:36:04] [Render thread/INFO]: [System] [CHAT]      ElMimikyu778 | KyoukoMejiro | CrisMartinez17 | Nyoora
[18:36:04] [Render thread/INFO]: [System] [CHAT]       Sucre_128 | zVisanter_ | Hector20203030 | iSavvy
[18:36:04] [Render thread/INFO]: [System] [CHAT]     MauroOMG1 | Coutinhoo7 | Santana25 | musicmasterX12
[18:36:04] [Render thread/INFO]: [System] [CHAT] ----------------------[13/21]----------------------
[18:36:04] [Render thread/INFO]: [System] [CHAT] [][U] 777dogui777 » contruye busca minerales
[18:36:07] [Render thread/INFO]: [System] [CHAT] [][U] 777dogui777 » tala arboles
[18:36:09] [Render thread/INFO]: [System] [CHAT] Rosttova ha conseguido el progreso [Monster Hunter]
[18:36:11] [Render thread/INFO]: [System] [CHAT] [BoSS][⚡] KasaneTeto_ » Cualno
[18:36:14] [Render thread/INFO]: [System] [CHAT] [][U] DuendePochi » si
[18:36:16] [Render thread/INFO]: [System] [CHAT] [][DIAMOND] Ale0x_ » Es de día ode noche?
[18:36:16] [Render thread/INFO]: [System] [CHAT] [🥇][ONLY]｢⚡｣👑Emperor👑 SrKaiserv » me da vaga
[18:36:22] [Render thread/INFO]: [System] [CHAT] [][U] 777dogui777 » o lo que se pueda en lo veas shafiff
[18:36:31] [Render thread/INFO]: [System] [CHAT] [][U] DuendePochi » ok
[18:36:31] [Render thread/INFO]: [System] [CHAT] [][U] Shafiff5070 » ok pero no quiero inflingir normas de aca
[18:36:32] [Render thread/INFO]: [System] [CHAT] [BoSS][⚡] KasaneTeto_ » Pa gastar tiempo con tu ex si
[18:36:32] [Render thread/INFO]: [System] [CHAT] ilovekanki ha explotado por Creeper
[18:36:32] [Render thread/INFO]: [System] [CHAT] marino ha explotado por Creeper
[18:36:34] [Render thread/INFO]: [System] [CHAT] -------------------[MINELATINO]-------------------
[18:36:34] [Render thread/INFO]: [System] [CHAT] [LATAM+] Naranjitia67 » ¡Que bien me queda el LATAM+!
[18:36:34] [Render thread/INFO]: [System] [CHAT]           Si te gusta como se ve, puedes comprarlo en
[18:36:34] [Render thread/INFO]: [System] [CHAT]                            www.minelatino.shop
[18:36:34] [Render thread/INFO]: [System] [CHAT] ------------------------[♥]-----------------------
[18:36:38] [Render thread/INFO]: [System] [CHAT] [🥇][ONLY][⚡] Soulzgg » ola fofi
[18:36:40] [Render thread/INFO]: [System] [CHAT] [🥇][ONLY]｢⚡｣👑Emperor👑 SrKaiserv » tengo la fe de que algun dia volvera
[18:36:47] [Render thread/INFO]: [System] [CHAT] [BoSS][⚡] KasaneTeto_ » Kansel deja de migajear
[18:36:54] [Render thread/INFO]: [System] [CHAT] jakur_sensei ha conseguido el progreso [La Edad de Piedra]
[18:37:01] [Render thread/INFO]: [System] [CHAT] [🥇][ONLY]｢⚡｣👑Emperor👑 SrKaiserv » Kaiser
[18:37:04] [Render thread/INFO]: [System] [CHAT] -----------------[TOP DONADORES]-----------------
[18:37:04] [Render thread/INFO]: [System] [CHAT]             Cap_Loli | Matorombo | MaxiLXK | ADONAIMXP
[18:37:04] [Render thread/INFO]: [System] [CHAT]     ELdimplayer | Gamer_Analyst33 | Val_st_pz | Lonngsito
[18:37:04] [Render thread/INFO]: [System] [CHAT]          Sariel1227 | NEONWIZ21 | John_Allen | claman20
[18:37:04] [Render thread/INFO]: [System] [CHAT]    AlejandroMT | AzuraaX_ | kuroganeShiro | Cristhian1602
[18:37:04] [Render thread/INFO]: [System] [CHAT] -----------------------[7/21]----------------------
[18:37:04] [Render thread/INFO]: [System] [CHAT] jakur_sensei ha sido víctima de Zombi
[18:37:07] [Render thread/INFO]: [System] [CHAT] [BoSS][⚡] KasaneTeto_ » Kansel
[18:37:08] [Render thread/INFO]: [System] [CHAT] [🥇][ONLY][⚡] Soulzgg » fofi sale un roblot?
[18:37:16] [Render thread/INFO]: [System] [CHAT] [🥇][ONLY]｢⚡｣👑Emperor👑 SrKaiserv » soul tu juegas tsb ew
[18:37:17] [Render thread/INFO]: [System] [CHAT] [BoSS][⚡] KasaneTeto_ » Con kaiser?
[18:37:20] [Render thread/INFO]: [System] [CHAT] [BoSS][⚡] KasaneTeto_ » AJAJAJAJ
[18:37:23] [Render thread/INFO]: [System] [CHAT] [🥇][ONLY][⚡] Soulzgg » a
[18:37:23] [Render thread/INFO]: [System] [CHAT] [🥇][ONLY]｢⚡｣👑Emperor👑 SrKaiserv » mejor jujutsu
[18:37:27] [Render thread/INFO]: [System] [CHAT] [BoSS][⚡] KasaneTeto_ » No
[18:37:28] [Render thread/INFO]: [System] [CHAT] [🥇][ONLY][⚡] Soulzgg » no juego tsb
[18:37:34] [Render thread/INFO]: [System] [CHAT] -------------------[MINELATINO]-------------------
[18:37:34] [Render thread/INFO]: [System] [CHAT]                       discord.minelatino.com
[18:37:34] [Render thread/INFO]: [System] [CHAT]                ¡No te pierdas ninguna actualización!
[18:37:34] [Render thread/INFO]: [System] [CHAT] ------------------------[♥]-----------------------
[18:37:35] [Render thread/INFO]: [System] [CHAT] [🥇][ONLY][⚡] Soulzgg » estamos jugando jujutsu
[18:37:37] [Render thread/INFO]: [System] [CHAT] [🥇][ONLY][⚡] Soulzgg » daun daun
[18:37:37] [Render thread/INFO]: [System] [CHAT]  MINELATINO » ¡Teletransportando en 3 seconds! No te muevas...
[18:37:38] [Render thread/INFO]: [System] [CHAT]  MINELATINO » ¡Teletransportando en 2 seconds! No te muevas...
[18:37:39] [Render thread/INFO]: [System] [CHAT] [][U] 777dogui777 » dime
[18:37:39] [Render thread/INFO]: [System] [CHAT]  MINELATINO » ¡Teletransportando en 1 seconds! No te muevas...
[18:37:40] [Render thread/INFO]: [System] [CHAT] [🥇][ONLY]｢⚡｣👑Emperor👑 SrKaiserv » down
[18:37:40] [Render thread/INFO]: [System] [CHAT]  MINELATINO » ¡Te has teletransportado con éxito al warp Tradeos!
[18:37:40] [Render thread/INFO]: [System] [CHAT]  MINELATINO » ¡Saliendo de la zona de Martinaaa16!
[18:37:40] [Render thread/INFO]: [System] [CHAT]  MINELATINO » ¡Entrando a la zona de Keremy2305!
[18:37:40] [Render thread/INFO]: Starting [1] Placement Manager Daemon threads
[18:37:43] [Render thread/INFO]: [System] [CHAT] [BoSS][⚡] KasaneTeto_ » Y nonito?
[18:37:43] [Render thread/INFO]: [System] [CHAT] [][U] 777dogui777 » ya tienes permisos
[18:37:44] [Render thread/INFO]: [System] [CHAT] ajidehuevo23 ha sido víctima de la magia de Bruja
[18:37:45] [Render thread/INFO]: [System] [CHAT] [🥇][ONLY]｢⚡｣👑Emperor👑 SrKaiserv » no
[18:37:48] [Render thread/INFO]: [System] [CHAT] [🥇][ONLY]｢⚡｣👑Emperor👑 SrKaiserv » no dije
[18:37:50] [Render thread/INFO]: [System] [CHAT] [🥇][ONLY][⚡] Soulzgg » nonito se fue a mamar dieck
[18:37:51] [Render thread/INFO]: [System] [CHAT] [][U] DuendePochi » donde esta la base
[18:37:53] [Render thread/INFO]: [System] [CHAT]  MINELATINO » ¡lucaazo1313 se ha unido a nuestro aventura! Es el jugador (#370,897)
[18:37:53] [Render thread/INFO]: [System] [CHAT] lucaazo1313 ha conseguido el progreso [Mejorando herramientas]
[18:37:55] [Render thread/INFO]: [System] [CHAT] [BoSS][⚡] KasaneTeto_ » a nazz
[18:37:55] [Render thread/INFO]: [System] [CHAT] Sariel73 ha conseguido el progreso [¡Diana!]
[18:37:57] [Render thread/INFO]: [System] [CHAT] [BoSS][⚡] KasaneTeto_ » Normallll
[18:37:59] [Render thread/INFO]: [System] [CHAT] Rosttova ha explotado por Creeper
[18:38:04] [Render thread/INFO]: [System] [CHAT] -----------------[TOP DONADORES]-----------------
[18:38:04] [Render thread/INFO]: [System] [CHAT]    YARE_LEE | MolinaCR23 | jjoseda | KeisukeBaji | Ignabre
[18:38:04] [Render thread/INFO]: [System] [CHAT]  Kayydxn | Slyrikx | Combine__ELITE | Gregton | 0Aaron88xIm
[18:38:04] [Render thread/INFO]: [System] [CHAT]        WoolOstrich8922 | pachequinpro132 | PanzaBiceps
[18:38:04] [Render thread/INFO]: [System] [CHAT]        Chrislcn11 | Esmail88888 | c_sastre | TheMrCatYT
[18:38:04] [Render thread/INFO]: [System] [CHAT] ----------------------[17/21]----------------------
[18:38:19] [Render thread/INFO]: [System] [CHAT] [🥇][ONLY]｢⚡｣👑Emperor👑 SrKaiserv » soul go jjs
[18:38:23] [Render thread/INFO]: [System] [CHAT] [][U] memo_dmg » buenass
[18:38:28] [Render thread/INFO]: [System] [CHAT] [BoSS][⚡] KasaneTeto_ » No soul
[18:38:30] [Render thread/INFO]: [System] [CHAT]  MINELATINO » ¡Togocatar_648518 se ha unido a nuestro aventura! Es el jugador (#370,898)
[18:38:30] [Render thread/INFO]: [System] [CHAT] Togocatar_648518 ha conseguido el progreso [Mejorando herramientas]
[18:38:33] [Render thread/INFO]: [System] [CHAT] Fran_ruz ha sido víctima de Vex
[18:38:34] [Render thread/INFO]: [System] [CHAT] -------------------[MINELATINO]-------------------
[18:38:34] [Render thread/INFO]: [System] [CHAT]      ¿Quieres saber los beneficios de los rangos?
[18:38:34] [Render thread/INFO]: [System] [CHAT]       entonces usa el comando /beneficios para saberlo
[18:38:34] [Render thread/INFO]: [System] [CHAT] ------------------------[♥]-----------------------
[18:38:35] [Render thread/INFO]: [System] [CHAT] [][U] DuendePochi » a dogi
[18:38:36] [Render thread/INFO]: [System] [CHAT]  MINELATINO » ¡Has colocado un objeto a la venta!
[18:38:36] [Render thread/INFO]: [System] [CHAT]  ➥ Objeto: Apple
[18:38:36] [Render thread/INFO]: [System] [CHAT]  ➥ Precio: $3,000.00
[18:38:36] [Render thread/INFO]: [System] [CHAT]  ➥ Expira en: 1d, 23h, 59m, 58s
[18:38:36] [Render thread/INFO]: [System] [CHAT]  ➥ Objetos en venta: 9/10
[18:38:37] [Render thread/INFO]: [System] [CHAT] [🥇][ONLY]｢⚡｣👑Emperor👑 SrKaiserv » Si soul, haces lo que digo y punto
[18:38:39] [Render thread/INFO]: [System] [CHAT]  MINELATINO » ¡Ya has alcanzado el límite de objetos en subasta! (10/10)
[18:38:42] [Render thread/INFO]: [System] [CHAT] [][U] Shafiff5070 » no hay comida me wa morir
[18:38:49] [Render thread/INFO]: [System] [CHAT] [][U] 777dogui777 » ven aqui ahi comida
[18:38:50] [Render thread/INFO]: [System] [CHAT]  MINELATINO » ¡La petición ha sido enviada a ElPishulaDeHueso!
[18:38:53] [Render thread/INFO]: [System] [CHAT]  MINELATINO » ¡ElPishulaDeHueso ha aceptado tu teletransportación!
[18:38:53] [Render thread/INFO]: [System] [CHAT]  MINELATINO » ¡Teletransportándose a ElPishulaDeHueso!
[18:38:53] [Render thread/INFO]: [System] [CHAT]  MINELATINO » El teletransporte comenzará en 3 segundos. Por favor, no te muevas.
[18:38:54] [Render thread/INFO]: [System] [CHAT] [][U] lucaazo1313 » me das cosas
[18:38:54] [Render thread/INFO]: [System] [CHAT] [🥇][ONLY]｢⚡｣👑Emperor👑 SrKaiserv » no hay nada mejor que eso
[18:38:57] [Render thread/INFO]: [System] [CHAT]  MINELATINO » Teletransportando...
[18:38:57] [Render thread/INFO]: [System] [CHAT]  MINELATINO » ¡Saliendo de la zona de Keremy2305!
[18:39:02] [Render thread/WARN]: Received passengers for unknown entity
[18:39:03] [Render thread/INFO]: [System] [CHAT] [][U] FRED_LOL » quien me quiere acojer?
[18:39:04] [Render thread/INFO]: [System] [CHAT] -----------------[TOP DONADORES]-----------------
[18:39:04] [Render thread/INFO]: [System] [CHAT]      Gilsonnick182 | Mr_Zeratul_9 | PoxerUltraXx | Kamiiral
[18:39:04] [Render thread/INFO]: [System] [CHAT]    Ezetexeira_22 | .RoyMustang1309 | D1VINPR | Kumbiero23
[18:39:04] [Render thread/INFO]: [System] [CHAT]    KratosGameplay | XxpaulitaxX | Elbasuer | ElMrGeekSalad
[18:39:04] [Render thread/INFO]: [System] [CHAT]     Ander_nya | SmokingClouds | iNauzrt | ByBlxCk | melioliva
[18:39:04] [Render thread/INFO]: [System] [CHAT] ----------------------[20/21]----------------------
[18:39:05] [Render thread/INFO]: [System] [CHAT] lauti8899 ha conseguido el progreso [Monster Hunter]
[18:39:11] [Render thread/INFO]: [System] [CHAT] [][U] 777dogui777 » todo eso es para los cultivos
[18:39:11] [Render thread/INFO]: [System] [CHAT] §6§l ➥ §6✉ (YO ▻ ElPishulaDeHueso) » oye me ayudas :(
[18:39:14] [Render thread/INFO]: [System] [CHAT] [][U] 0kupa » me sobra un hacha de diamante
[18:39:18] [Render thread/INFO]: [System] [CHAT] [][U] Naranjitia67 » wtf
[18:39:18] [Render thread/INFO]: [System] [CHAT] [][U] juanparedes987 » yo necesito amigos jeje
[18:39:18] [Render thread/INFO]: [System] [CHAT] [][U] jakur_sensei » alguien sabe como puedo recuperar mi cubito de proteccion 16x16
[18:39:19] [Render thread/INFO]: [System] [CHAT] [][U] lucaazo1313 » ok
[18:39:20] [Render thread/INFO]: [System] [CHAT] [][U] DuendePochi » tienen hierro
[18:39:21] [Render thread/INFO]: [System] [CHAT] [][U] jakur_sensei » ?
[18:39:25] [Render thread/INFO]: [System] [CHAT] [🥉][URSS]｢⚡｣⌞⛧ |☠| ⛧⌝ Stwartv » ✨ Busco chambeador ✨
[18:39:26] [Render thread/INFO]: [System] [CHAT] lauti8899 ha sido víctima de Araña
[18:39:27] [Render thread/INFO]: [System] [CHAT] [][U] lucaazo1313 » gracias
[18:39:29] [Render thread/INFO]: [System] [CHAT] §6§l ➥ §6✉ (ElPishulaDeHueso ▻ YO) » en?
[18:39:30] [Render thread/INFO]: [System] [CHAT] [JRAN][IRON][Luchador] .IsaacA0156 » uff que chamba =_÷
[18:39:30] [Render thread/INFO]: [System] [CHAT] Se han removido 7 entidades
[18:39:31] [Render thread/INFO]: [System] [CHAT] [][U] 777dogui777 » si ven
[18:39:32] [Render thread/INFO]: [System] [CHAT] §6§l ➥ §6✉ (YO ▻ ElPishulaDeHueso) » me robaron
[18:39:34] [Render thread/INFO]: [System] [CHAT] -------------------[MINELATINO]-------------------
[18:39:34] [Render thread/INFO]: [System] [CHAT]                ¡250.000 sanciones realizadas!
[18:39:34] [Render thread/INFO]: [System] [CHAT]               así que, por favor, no uses hacks =(
[18:39:34] [Render thread/INFO]: [System] [CHAT] ------------------------[♥]-----------------------
[18:39:34] [Render thread/INFO]: [System] [CHAT] [][U] 0kupa » (:
[18:39:36] [Render thread/INFO]: [System] [CHAT] [🥇][ONLY][LATAM+][G][ ❆ .2025. ❆ ] AllegroThePanda » co,o lo perdiste jakur_sensei?
[18:39:37] [Render thread/INFO]: [System] [CHAT] [][U] lucaazo1313 » gracias
[18:39:39] [Render thread/INFO]: [System] [CHAT] §6§l ➥ §6✉ (YO ▻ ElPishulaDeHueso) » como vuelas .-.
[18:39:41] [Render thread/INFO]: [System] [CHAT] [][U] jakur_sensei » ayuda por favor
[18:39:43] [Render thread/INFO]: [System] [CHAT] [][U] Vicky » pueden poner los dias mas largos?
[18:39:49] [Render thread/WARN]: Received passengers for unknown entity
[18:39:51] [Render thread/WARN]: Received passengers for unknown entity
[18:39:55] [Render thread/INFO]: [System] [CHAT] [][U] DuendePochi » dame permisos
[18:39:57] [Render thread/INFO]: [System] [CHAT] [][U] Blackxwolf » pongan de dia
[18:39:57] [Render thread/INFO]: [System] [CHAT] §6§l ➥ §6✉ (YO ▻ ElPishulaDeHueso) » como vuelas
[18:40:04] [Render thread/INFO]: [System] [CHAT] -----------------[TOP DONADORES]-----------------
[18:40:04] [Render thread/INFO]: [System] [CHAT]   dannyreyes | NotxCrazy_ | 40ms | TheWichzz | StayCrying
[18:40:04] [Render thread/INFO]: [System] [CHAT]  Guerrero6542 | jus44 | Azouw7u7 | Krash21z | MauricioARM
[18:40:04] [Render thread/INFO]: [System] [CHAT]       MaoCapo | Jixcode | Catalinaaajj | tiopalta | Alayn3z
[18:40:04] [Render thread/INFO]: [System] [CHAT]          Akqme__ | Pepitoelmanco22 | Showtime7 | V2Etsu
[18:40:04] [Render thread/INFO]: [System] [CHAT] ----------------------[14/21]----------------------
[18:40:11] [Render thread/INFO]: [System] [CHAT] §6§l ➥ §6✉ (YO ▻ ElPishulaDeHueso) » el argentinaxd me robo
[18:40:12] [Render thread/INFO]: [System] [CHAT] [🥇][ONLY]｢⚡｣👑Emperor👑 SrKaiserv » debi suponer eso xD
[18:40:22] [Render thread/INFO]: [System] [CHAT] [🥇][ONLY]｢⚡｣｢!༻ʀᴏᴍᴇᴏ༺!｣ SirEleh_v » ola
[18:40:26] [Render thread/INFO]: [System] [CHAT] [][U] DuendePochi » 777dogui777 dame permisos
[18:40:27] [Render thread/INFO]: [System] [CHAT] [🥇][ONLY]｢⚡｣👑Emperor👑 SrKaiserv » ahi entro esperenme
[18:40:34] [Render thread/INFO]: [System] [CHAT] -------------------[MINELATINO]-------------------
[18:40:34] [Render thread/INFO]: [System] [CHAT]       ¿Hackers, jugadores tóxicos o problemas?
[18:40:34] [Render thread/INFO]: [System] [CHAT]      usa /report y el staff de turno entrará en acción
[18:40:34] [Render thread/INFO]: [System] [CHAT] ------------------------[♥]-----------------------
[18:40:35] [Render thread/INFO]: [System] [CHAT] [Crew][DIAMOND][I][ ❆ .2025. ❆ ] pepemancraft123 » holaaa
[18:40:36] [Render thread/INFO]: [System] [CHAT] [🥉] [URSS][GOLD] MeriYein421 » cmo se llaman las giladas q vuelan
[18:40:37] [Render thread/INFO]: [System] [CHAT] [][U] Serk » compro libro de infinidad
[18:40:38] [Render thread/INFO]: [System] [CHAT] Shafiff5070 ha conseguido el progreso [Crecen tan rápido...]
[18:40:43] [Render thread/INFO]: [System] [CHAT] vino_gato ha muerto por un flechazo de Esqueleto
[18:40:43] [Render thread/INFO]: [System] [CHAT] [🥇][ONLY]｢⚡｣｢!༻ʀᴏᴍᴇᴏ༺!｣ SirEleh_v » ya pepe
[18:40:44] [Render thread/INFO]: [System] [CHAT] [🥉] [URSS][GOLD] MeriYein421 » esos fantasmitas azules
[18:40:44] [Render thread/WARN]: Received passengers for unknown entity
[18:40:44] [Render thread/INFO]: [System] [CHAT] [][U] DuendePochi » gabx144 dame permisos
[18:40:49] [Render thread/INFO]: [System] [CHAT] [Crew][DIAMOND][I][ ❆ .2025. ❆ ] pepemancraft123 » gracias crack
[18:40:57] [Render thread/INFO]: [System] [CHAT] [][U] argentinaxd » MeriYein Phantoms?
[18:40:58] [Render thread/INFO]: [System] [CHAT] Shafiff5070 ha conseguido el progreso [Monster Hunter]
[18:40:58] [Render thread/INFO]: [System] [CHAT] [][U] ajidehuevo23 » phantoms
[18:40:59] [Render thread/INFO]: [System] [CHAT] §6§l ➥ §6✉ (ElPishulaDeHueso ▻ YO) » que te robo
[18:41:00] [Render thread/INFO]: [System] [CHAT] [][U] Serk » compro libro de infinidad\
[18:41:01] [Render thread/INFO]: [System] [CHAT] Renzimancraft ha ardido en llamas mientras luchaba contra Esqueleto
[18:41:02] [Render thread/INFO]: [System] [CHAT] ilovekanki ha muerto por un flechazo de Esqueleto
[18:41:04] [Render thread/INFO]: [System] [CHAT] [🥇][ONLY][LATAM+][G][ ❆ .2025. ❆ ] AllegroThePanda » no digas mmds MeriYein421
[18:41:04] [Render thread/INFO]: [System] [CHAT] -----------------[TOP DONADORES]-----------------
[18:41:04] [Render thread/INFO]: [System] [CHAT]               Erjize | librasagi | MrPopeta | Elizabath
[18:41:04] [Render thread/INFO]: [System] [CHAT]      iHighBlume | Pescadete | ItsViani01 | bautistagturza_
[18:41:04] [Render thread/INFO]: [System] [CHAT]      _AfterChange | Lesther1504 | josesito24 | ySpintown
[18:41:04] [Render thread/INFO]: [System] [CHAT]        NFLD99 | TheKingNoob | MrBlaky | Elqueviveensan4
[18:41:04] [Render thread/INFO]: [System] [CHAT] -----------------------[1/21]----------------------
[18:41:05] [Render thread/INFO]: [System] [CHAT] §6§l ➥ §6✉ (YO ▻ ElPishulaDeHueso) » mi base
[18:41:06] [Render thread/INFO]: [System] [CHAT] [][U] jakur_sensei » ayuda porfavor!!!
[18:41:08] [Render thread/INFO]: [System] [CHAT] [🥇][ONLY][LATAM+][G][ ❆ .2025. ❆ ] AllegroThePanda » XD
[18:41:09] [Render thread/INFO]: [System] [CHAT] [🥉] [URSS][GOLD] MeriYein421 » xdd
[18:41:15] [Render thread/INFO]: [System] [CHAT] [][U] fededima28 » vicky yo tambien me llamo vicky nomas que estoy jugando en la cuenta de mi primo
[18:41:18] [Render thread/INFO]: [System] [CHAT]  MINELATINO » ¡.IamTheLastE se ha unido a nuestro aventura! Es el jugador (#370,899)
[18:41:18] [Render thread/INFO]: [System] [CHAT] .IamTheLastE ha conseguido el progreso [Mejorando herramientas]
[18:41:21] [Render thread/INFO]: [System] [CHAT] [][U] argentinaxd » q paso bro?
[18:41:23] [Render thread/INFO]: [System] [CHAT] ajidehuevo23 ha muerto por un flechazo de Esqueleto
[18:41:27] [Render thread/INFO]: [System] [CHAT] [][U] DuendePochi » quedijo fran
[18:41:31] [Render thread/WARN]: Received passengers for unknown entity
[18:41:31] [Render thread/WARN]: Received passengers for unknown entity
[18:41:33] [Render thread/INFO]: [System] [CHAT] [][U] jakur_sensei » me mori
[18:41:34] [Render thread/INFO]: [System] [CHAT] -------------------[MINELATINO]-------------------
[18:41:34] [Render thread/INFO]: [System] [CHAT]                         www.minelatino.shop
[18:41:34] [Render thread/INFO]: [System] [CHAT] para ser un TOP DONADOR, debes donar más de 100 USD
[18:41:34] [Render thread/INFO]: [System] [CHAT] ------------------------[♥]-----------------------
[18:41:38] [Render thread/INFO]: [System] [CHAT] [][U] argentinaxd » en donde?
[18:41:41] [Render thread/INFO]: [System] [CHAT] lucaazo1313 ha conseguido el progreso [La Edad de Piedra]
[18:41:48] [Render thread/INFO]: [System] [CHAT] [][U] jakur_sensei » ya no recuerdo
[18:41:58] [Render thread/INFO]: [System] [CHAT] [][U][Luchador] i_TAPYO » naranjita
[18:42:01] [Render thread/INFO]: [System] [CHAT] [][U] Naranjitia67 » q
[18:42:04] [Render thread/INFO]: [System] [CHAT] -----------------[TOP DONADORES]-----------------
[18:42:04] [Render thread/INFO]: [System] [CHAT]         TheKillerV2 | Peely_21 | WhoIsFeer | jsebasgr21
[18:42:04] [Render thread/INFO]: [System] [CHAT]          vaca78 | doriano | JulianEhud0909 | Makarov_L
[18:42:04] [Render thread/INFO]: [System] [CHAT]              Fajardex | Pr1me | diatomics | LayonSbR
[18:42:04] [Render thread/INFO]: [System] [CHAT]         Rendo_ | Alex_One23 | Pedroga2002 | byelgamer
[18:42:04] [Render thread/INFO]: [System] [CHAT] -----------------------[4/21]----------------------
[18:42:07] [Render thread/INFO]: [System] [CHAT] [][U][Luchador] Trolero » como se saca lo de /marry
[18:42:07] [Render thread/INFO]: [System] [CHAT] .Sofia62018 ha conseguido el progreso [Hoy no, gracias]
[18:42:09] [Render thread/INFO]: [System] [CHAT] [][U] jakur_sensei » porque es tasn largo la noche
[18:42:12] [Render thread/INFO]: [System] [CHAT] [][U] juanparedes987 » busco equipo
[18:42:12] [Render thread/INFO]: [System] [CHAT] [][U][Luchador] Trolero » ?
[18:42:13] [Render thread/INFO]: [System] [CHAT] argentinaxd ha sido víctima de Aldeano zombi
[18:42:14] [Render thread/INFO]: [System] [CHAT] [🥉][URSS]｢⚡｣⌞⛧ |☠| ⛧⌝ Stwartv » ✨ Busco chambeador ✨
[18:42:15] [Render thread/INFO]: [System] [CHAT] jakur_sensei ha sido víctima de Aldeano zombi
[18:42:16] [Render thread/INFO]: [System] [CHAT] [][U] Shafiff5070 » muchachos hay que iluminar mas para que no salgan mods
[18:42:20] [Render thread/INFO]: Loaded 731 advancements
[18:42:24] [Render thread/INFO]: [System] [CHAT] [][U] jakur_sensei » nos mato el enano we
[18:42:27] [Render thread/WARN]: Unable to play empty soundEvent: minecraft:entity.cod.ambient
[18:42:28] [Render thread/INFO]: [System] [CHAT] [][U] DuendePochi » ase cuanto estas jugando al server
[18:42:34] [Render thread/INFO]: [System] [CHAT] -------------------[MINELATINO]-------------------
[18:42:34] [Render thread/INFO]: [System] [CHAT]     ¡Vota por el servidor y serás recompensado!
[18:42:34] [Render thread/INFO]: [System] [CHAT]             para votar, solamente debes usar /vote
[18:42:34] [Render thread/INFO]: [System] [CHAT] ------------------------[♥]-----------------------
[18:42:38] [Render thread/INFO]: [System] [CHAT] [][U] Alondert » aaaa
[18:42:38] [Render thread/INFO]: [System] [CHAT] [][U] 777dogui777 » ve iluminando
[18:42:41] [Render thread/INFO]: [System] [CHAT] [][U] jakur_sensei » acabo de empexar
[18:42:41] [Render thread/INFO]: [System] [CHAT] [BoSS][⚡] KasaneTeto_ » E
[18:42:44] [Render thread/INFO]: [System] [CHAT] [BoSS][⚡] KasaneTeto_ » Stwart
[18:42:46] [Render thread/INFO]: [System] [CHAT] [][U] Alondert » como le doy permiso ala gente en mi proteccion?
[18:42:46] [Render thread/INFO]: [System] [CHAT] [][U][Luchador] i_TAPYO » no te metas naranjita
[18:42:46] [Render thread/INFO]: [System] [CHAT] [BoSS][⚡] KasaneTeto_ » Cuanto paga
[18:42:49] [Render thread/INFO]: [System] [CHAT] [FYA][LATAM+][||✱||2024||✱||] Adriasan » Vendo Pixel arts :D /tpa adriasan para verlos
[18:42:54] [Render thread/INFO]: [System] [CHAT] .Sofia62018 ha intentado nadar en lava
[18:42:56] [Render thread/INFO]: [System] [CHAT] [][U] Naranjitia67 » es mi amigo
[18:42:58] [Render thread/INFO]: [System] [CHAT] [][U] vino_gato » existe alguna posibilidad de saber donde ultimo he muerto??
[18:42:59] [Render thread/INFO]: [System] [CHAT] [][U] DuendePochi » ase cuanto estas jugando al server
[18:43:03] [Render thread/INFO]: [System] [CHAT] [][U] .Sofia62018 » no ma-
[18:43:04] [Render thread/INFO]: [System] [CHAT] -----------------[TOP DONADORES]-----------------
[18:43:04] [Render thread/INFO]: [System] [CHAT]   Lenynzukich | MoonLight_Haze | Cristanshit | BlackreaperX
[18:43:04] [Render thread/INFO]: [System] [CHAT]     ZPARKY_369 | Un_usuario_raro | Pereiira23 | Pineas21
[18:43:04] [Render thread/INFO]: [System] [CHAT]          Gerard0w0 | Eldarkosu | lapizlazul | ItzSunshain
[18:43:04] [Render thread/INFO]: [System] [CHAT]         Alexco7 | Lilthum | Ben_la_Foca | Ichigo7uu7xdalv
[18:43:04] [Render thread/INFO]: [System] [CHAT] -----------------------[3/21]----------------------
[18:43:05] [Render thread/INFO]: [System] [CHAT] [][U] Alondert » como le doy a la gente permiso a mi prote?
[18:43:09] [Render thread/INFO]: [System] [CHAT] [🥉][URSS]｢⚡｣⌞⛧ |☠| ⛧⌝ Stwartv » ✨ A ute no le doy chamba :v ✨
[18:43:09] [Render thread/INFO]: [System] [CHAT]  MINELATINO » ¡iTam_ara se ha unido a nuestro aventura! Es el jugador (#370,900)
[18:43:09] [Render thread/INFO]: [System] [CHAT] iTam_ara ha conseguido el progreso [Mejorando herramientas]
[18:43:13] [Render thread/INFO]: [System] [CHAT] [BoSS][⚡] KasaneTeto_ » Dale stwart dame chamba
[18:43:16] [Render thread/INFO]: [System] [CHAT] [BoSS][⚡] KasaneTeto_ » :3
[18:43:19] [Render thread/INFO]: [System] [CHAT] [][U] jakur_sensei » acabo de empexar hace media horita talves una
[18:43:20] [Render thread/INFO]: [System] [CHAT] [🥉] [URSS][GOLD] MeriYein421 » 7heal
[18:43:22] [Render thread/INFO]: [System] [CHAT] [🥉][URSS]｢⚡｣⌞⛧ |☠| ⛧⌝ Stwartv » ✨ Nop ✨
[18:43:25] [Render thread/INFO]: [System] [CHAT] [BoSS][⚡] KasaneTeto_ » Zi
[18:43:33] [Render thread/INFO]: [System] [CHAT] [🥉][URSS]｢⚡｣⌞⛧ |☠| ⛧⌝ Stwartv » ✨ Busco chambeador ✨
[18:43:34] [Render thread/INFO]: [System] [CHAT] -------------------[MINELATINO]-------------------
[18:43:34] [Render thread/INFO]: [System] [CHAT]        ¿Quieres ser staff y ayudar a MineLatino?
[18:43:34] [Render thread/INFO]: [System] [CHAT]          entonces puedes ingresar al siguiente enlace:
[18:43:34] [Render thread/INFO]: [System] [CHAT]                     minelatino.com/postulaciones/
[18:43:34] [Render thread/INFO]: [System] [CHAT]          para saber los pasos a seguir para ser staff
[18:43:34] [Render thread/INFO]: [System] [CHAT] ------------------------[♥]-----------------------
[18:43:36] [Render thread/INFO]: [System] [CHAT] [🥇][ONLY][LATAM+][G][ ❆ .2025. ❆ ] AllegroThePanda » si murieron y no tienen rango con /back ni modo, van a tener que caminar adonde quedaron sus cosas
[18:43:38] [Render thread/INFO]: [System] [CHAT] [BoSS][⚡] KasaneTeto_ » ASh
[18:43:41] [Render thread/INFO]: [System] [CHAT] [🥇][ONLY][LATAM+][G][ ❆ .2025. ❆ ] AllegroThePanda » si es que aun estan ahi
[18:43:45] [Render thread/INFO]: [System] [CHAT] [][U][Luchador] i_TAPYO » no ayudes a un cheater
[18:43:47] [Render thread/INFO]: [System] [CHAT] [🥉] [URSS][GOLD] MeriYein421 » a gamba
[18:43:48] [Render thread/INFO]: [System] [CHAT] [][U] DuendePochi » ase cuanto estas jugando al server
[18:43:54] [Render thread/INFO]: [System] [CHAT] [][U] Saravia7 » quien sabe decorar pago 70k
[18:43:55] [Render thread/INFO]: [System] [CHAT] [][U] jakur_sensei » pero a este punto ya se habra desparecido ps
[18:43:58] [Render thread/INFO]: [System] [CHAT] [BoSS][⚡] KasaneTeto_ » Voi a fijarme el skyblock custom
[18:44:00] [Render thread/INFO]: [System] [CHAT] [][U][Luchador] Itsuki_2007 » existen bomberos en este survival?
[18:44:00] [Render thread/INFO]: [System] [CHAT] [BoSS][⚡] KasaneTeto_ » Adio
[18:44:02] [Render thread/INFO]: [System] [CHAT] [][U] vino_gato » se puede saber cuales son las coordenadas donde mori??
[18:44:03] [Render thread/INFO]: [System] [CHAT] [🥇][ONLY][⚡] Soulzgg » XD
[18:44:04] [Render thread/INFO]: [System] [CHAT] -----------------[TOP DONADORES]-----------------
[18:44:04] [Render thread/INFO]: [System] [CHAT]     N1d3a | cerdoycerda | MirandaGZ | sanemi_g2 | Asffer
[18:44:04] [Render thread/INFO]: [System] [CHAT]            ESCANOR243 | sedammvi | SoyOsqui | Naokki_
[18:44:04] [Render thread/INFO]: [System] [CHAT] IsMackBroh | MiDDaY_ch | ExTemporeIV | AshZarok | PazParaMi
[18:44:04] [Render thread/INFO]: [System] [CHAT]         DontHaveTime | phoenix_star | DamyanElBarbaro
[18:44:04] [Render thread/INFO]: [System] [CHAT] ----------------------[10/21]----------------------
[18:44:07] [Render thread/INFO]: [System] [CHAT] [🥇][ONLY][⚡] Soulzgg » no
[18:44:09] [Render thread/INFO]: [System] [CHAT] [][U] Alondert » como le doy permiso a la gente en mi proteccion?=
[18:44:32] [Render thread/INFO]: [System] [CHAT] [🥇][ONLY][LATAM+][G][ ❆ .2025. ❆ ] AllegroThePanda » no vino_gato, quiza si tuvieras una brujula de recuperacion
[18:44:34] [Render thread/INFO]: [System] [CHAT] -------------------[MINELATINO]-------------------
[18:44:34] [Render thread/INFO]: [System] [CHAT]                             ¿Sabías qué...
[18:44:34] [Render thread/INFO]: [System] [CHAT]         MineLatino Network se fundó en julio del 2019?
[18:44:34] [Render thread/INFO]: [System] [CHAT] ------------------------[♥]-----------------------
[18:44:37] [Render thread/INFO]: [System] [CHAT] [][U][Luchador] i_TAPYO » 2 vs 1?
[18:44:41] [Render thread/INFO]: [System] [CHAT] [][U] Alondert » como le doy permiso a la gente en mi proteccion?=
[18:44:42] [Render thread/INFO]: [System] [CHAT] [][U] Saravia7 » ocupo una trabajadora que quiera hacer un jardin bonito pago 80k
[18:44:42] [Render thread/INFO]: [System] [CHAT] [🥇][ONLY][LATAM+][G][ ❆ .2025. ❆ ] AllegroThePanda » pero esos objetos son re caros y escasos
[18:44:42] [Render thread/INFO]: [System] [CHAT] [][U][Luchador] i_TAPYO » no ayudes a un cheater
[18:44:45] [Render thread/INFO]: [System] [CHAT] [][U] Naranjitia67 » no lo mates i_TAPYO es tp kill
[18:44:47] [Render thread/INFO]: [System] [CHAT] [][U][Luchador] i_TAPYO » naranjita
[18:44:58] [Render thread/INFO]: [System] [CHAT] [][U][Luchador] i_TAPYO » no me hice tpa a el
[18:44:59] [Render thread/INFO]: [System] [CHAT] -------------------------------------------------
[18:44:59] [Render thread/INFO]: [System] [CHAT] ➥ El jugador Togocatar_648518 acaba de votar por el
[18:44:59] [Render thread/INFO]: [System] [CHAT] ➥ servidor y ha ganado increíbles cosas ♥
[18:44:59] [Render thread/INFO]: [System] [CHAT] ➥ Si también quieres ganar, usa /vote
[18:44:59] [Render thread/INFO]: [System] [CHAT] -------------------------------------------------
[18:44:59] [Render thread/INFO]: [System] [CHAT] [][U] xCChino » t
[18:44:59] [Render thread/INFO]: [System] [CHAT] [][U] Naranjitia67 » que
[18:45:02] [Render thread/INFO]: [System] [CHAT] [][U] Naranjitia67 » y como llegastes
[18:45:04] [Render thread/INFO]: [System] [CHAT] -----------------[TOP DONADORES]-----------------
[18:45:04] [Render thread/INFO]: [System] [CHAT]           guillepc | XxkronosMK | JuanDaa08 | Luis_nwn
[18:45:04] [Render thread/INFO]: [System] [CHAT]      blithe_kitsune | SoulsWin | Aranyx | OscarSilva011120
[18:45:04] [Render thread/INFO]: [System] [CHAT]          IrvinML7 | Maquino198 | Sofphire | Omega_Dream
[18:45:04] [Render thread/INFO]: [System] [CHAT]    KONANmyi | Kiuminnu | Srfrox | Soltador | FaithfulPanda48
[18:45:04] [Render thread/INFO]: [System] [CHAT] ----------------------[15/21]----------------------
[18:45:08] [Render thread/INFO]: [System] [CHAT] §6§l ➥ §6✉ (YO ▻ ElPishulaDeHueso) » quien es?
[18:45:08] [Render thread/INFO]: [System] [CHAT] [][U][Luchador] i_TAPYO » ya estaba aqui
[18:45:19] [Render thread/INFO]: [System] [CHAT] §6§l ➥ §6✉ (ElPishulaDeHueso ▻ YO) » un envidioso que lo mate y viene a cobrar jaja
[18:45:25] [Render thread/INFO]: [System] [CHAT] [][U] Alondert » como le doy permiso a la gente en mi proteccion?=
[18:45:30] [Render thread/INFO]: [System] [CHAT] [🥈][ANBU][U][GG] .FrancoTomRom » alguien me dona 10k pliiiiiss
[18:45:34] [Render thread/INFO]: [System] [CHAT] -------------------[MINELATINO]-------------------
[18:45:34] [Render thread/INFO]: [System] [CHAT]                         www.minelatino.shop
[18:45:34] [Render thread/INFO]: [System] [CHAT]                      ¡Aceptamos criptomonedas!
[18:45:34] [Render thread/INFO]: [System] [CHAT] ------------------------[♥]-----------------------
[18:45:34] [Render thread/INFO]: [System] [CHAT] [][U][Luchador] i_TAPYO » 1v1 pe
[18:45:37] [Render thread/INFO]: [System] [CHAT] [FYA][LATAM+][||✱||2024||✱||] Adriasan » con /ps add (nick)
[18:45:44] [Render thread/INFO]: [System] [CHAT] [][U] Naranjitia67 » no i_TAPYO vete porfavor
[18:45:47] [Render thread/INFO]: [System] [CHAT] [][U] argentinaxd » alguien regala algo xdd?
[18:45:50] [Render thread/INFO]: [System] [CHAT] [][U][Luchador] i_TAPYO » no loo protejas
[18:45:53] [Render thread/INFO]: [System] [CHAT] [][U] argentinaxd » ando migajeando
[18:45:55] [Render thread/INFO]: [System] [CHAT] §6§l ➥ §6✉ (YO ▻ ElPishulaDeHueso) » te cuido?
[18:45:56] [Render thread/INFO]: [System] [CHAT] deryldidson ha conseguido el progreso [¡Menudo ofertón!]
[18:46:01] [Render thread/INFO]: [System] [CHAT]  MINELATINO » ¡matiaas420 se ha unido a nuestro aventura! Es el jugador (#370,901)
[18:46:01] [Render thread/INFO]: [System] [CHAT] matiaas420 ha conseguido el progreso [Mejorando herramientas]
[18:46:04] [Render thread/INFO]: [System] [CHAT] -----------------[TOP DONADORES]-----------------
[18:46:04] [Render thread/INFO]: [System] [CHAT]     uScoret | Joker_420 | jorge650 | marco724 | hanry22
[18:46:04] [Render thread/INFO]: [System] [CHAT]       Stan_F77 | M4TTyAlz | ANTRONIXGAMER12 | LuciMoon_
[18:46:04] [Render thread/INFO]: [System] [CHAT]      xlVermeil | 1v4nch0 | Aldegraft | MysticEdy | AmirSb21
[18:46:04] [Render thread/INFO]: [System] [CHAT]        Gohan2305 | Rave_Dxrk | FrancoGlz | MacGregory_
[18:46:04] [Render thread/INFO]: [System] [CHAT] ----------------------[11/21]----------------------
[18:46:10] [Render thread/INFO]: [System] [CHAT] [🥉][URSS]｢⚡｣⌞⛧ |☠| ⛧⌝ Stwartv » ✨ Busco chambeador ✨
[18:46:16] [Render thread/INFO]: [System] [CHAT] ElPishulaDeHueso ha muerto por un mazazo de i_TAPYO con su [Firma de PlasMinekkit]
[18:46:16] [Render thread/INFO]: [System] [CHAT] [FYA][LATAM+][||✱||2024||✱||] Adriasan » Vendo Pixel arts :D /tpa adriasan para verlos
[18:46:16] [Render thread/INFO]: [System] [CHAT] [][U] FRED_LOL » trabajo por dinero
[18:46:17] [Render thread/INFO]: [System] [CHAT]  MINELATINO » argentinaxd ha pedido teletransportarse hacia a ti
[18:46:17] [Render thread/INFO]: [System] [CHAT]  ✔ Escribe /tpaccept para aceptar el teletransporte.
[18:46:17] [Render thread/INFO]: [System] [CHAT]  ❌ Escribe /tpdeny, para denegar el teletransporte.
[18:46:17] [Render thread/INFO]: [System] [CHAT]  ⌚ La solicitud será cancelada en 120 segundos; no aceptes peticiones de desconocidos.
[18:46:18] [Render thread/INFO]: [System] [CHAT] -------------------------------------------------
[18:46:18] [Render thread/INFO]: [System] [CHAT] ➥ El jugador Togocatar_648518 acaba de votar por el
[18:46:18] [Render thread/INFO]: [System] [CHAT] ➥ servidor y ha ganado increíbles cosas ♥
[18:46:18] [Render thread/INFO]: [System] [CHAT] ➥ Si también quieres ganar, usa /vote
[18:46:18] [Render thread/INFO]: [System] [CHAT] -------------------------------------------------
[18:46:19] [Render thread/INFO]: [System] [CHAT] [JRAN][IRON][Luchador] .IsaacA0156 » 1ue pasa tapyom
[18:46:20] [Render thread/INFO]: [System] [CHAT] [🥈][ANBU][U][GG] .FrancoTomRom » porfavor necesito 10k alguien plis :3
[18:46:21] [Render thread/INFO]: [System] [CHAT] [JRAN][IRON][Luchador] .IsaacA0156 » ?
[18:46:24] [Render thread/INFO]: [System] [CHAT] [][U][Luchador] i_TAPYO » gg cheater
[18:46:26] [Render thread/INFO]: [System] [CHAT] [][U] argentinaxd » naranjita acepta
[18:46:28] [Render thread/INFO]: [System] [CHAT] [][U] .Sofia62018 » isaac
[18:46:33] [Render thread/INFO]: [System] [CHAT] [JRAN][IRON][Luchador] .IsaacA0156 » dime
[18:46:34] [Render thread/INFO]: [System] [CHAT] [][U] Naranjitia67 » XD
[18:46:34] [Render thread/INFO]: [System] [CHAT] -------------------[MINELATINO]-------------------
[18:46:34] [Render thread/INFO]: [System] [CHAT]   ¡Evita ser sancionado por usar clientes ilegales!
[18:46:34] [Render thread/INFO]: [System] [CHAT]        minelatino.com/knowledge/todo-sobre-los-clientes
[18:46:34] [Render thread/INFO]: [System] [CHAT]         ¡Descubre que clientes son legales y cuáles no!
[18:46:34] [Render thread/INFO]: [System] [CHAT] ------------------------[♥]-----------------------
[18:46:36] [Render thread/INFO]: [System] [CHAT] [][U] Naranjitia67 » F
[18:46:37] [Render thread/INFO]: Resizing Chunk Sections UBO, capacity limit of 1024 reached during a single frame. New capacity will be 2048.
[18:46:38] [Render thread/INFO]: [System] [CHAT] [][U] Saravia7 » doy chamba 200k
[18:46:42] [Render thread/INFO]: [System] [CHAT] [][U] argentinaxd » saravia yo
[18:46:44] [Render thread/INFO]: [System] [CHAT] [][U][Luchador] i_TAPYO » te dije que te quitaras xxd
[18:46:46] [Render thread/INFO]: [System] [CHAT] [][U] .Sofia62018 » te acuerdas de ese arco que me regalaste?
[18:46:48] [Render thread/INFO]: [System] [CHAT]  MINELATINO » ¡XxFurritoCR se ha unido a nuestro aventura! Es el jugador (#370,902)
[18:46:48] [Render thread/INFO]: [System] [CHAT] XxFurritoCR ha conseguido el progreso [Mejorando herramientas]
[18:46:53] [Render thread/INFO]: [System] [CHAT] [JRAN][IRON][Luchador] .IsaacA0156 » si
[18:46:56] [Render thread/INFO]: [System] [CHAT] [][U] jakur_sensei » alguien me puede ayudar a obtener de nuevo la proteccion porfa
[18:46:57] [Render thread/INFO]: [System] [CHAT] [][U][Luchador] i_TAPYO » ya we
[18:47:00] [Render thread/INFO]: [System] [CHAT] [][U] argentinaxd » que hay q acer xd
[18:47:04] [Render thread/INFO]: [System] [CHAT] -----------------[TOP DONADORES]-----------------
[18:47:04] [Render thread/INFO]: [System] [CHAT]       XxmicheloxX655 | LCAMluis | SofiaOuO | Blumennkranz
[18:47:04] [Render thread/INFO]: [System] [CHAT]          Luluun_ | xDMNTx | Benjax_master | AgusDroid
[18:47:04] [Render thread/INFO]: [System] [CHAT]       MotoZierra0009 | RichKillers | K4miJou | JuanAnimeYT
[18:47:04] [Render thread/INFO]: [System] [CHAT]         UnknownZero | Hirumast | Beth27 | xBadMistakex
[18:47:04] [Render thread/INFO]: [System] [CHAT] -----------------------[6/21]----------------------
[18:47:05] [Render thread/INFO]: [System] [CHAT] [][U] Naranjitia67 » bruh eso no se hace :V
[18:47:06] [Render thread/INFO]: [System] [CHAT] [][U][Luchador] i_TAPYO » te puedo dar un mazazo y gg
[18:47:07] [Render thread/INFO]: [System] [CHAT] [][U] .Sofia62018 » me mori y lo perdí
[18:47:09] [Render thread/INFO]: [System] [CHAT] [][U][Luchador] i_TAPYO » paz
[18:47:09] [Render thread/INFO]: [System] [CHAT] .Abriilnezz ha explotado por Creeper
[18:47:14] [Render thread/INFO]: [System] [CHAT] XxFurritoCR ha conseguido el progreso [Vístete]
[18:47:14] [Render thread/INFO]: [System] [CHAT] XxFurritoCR ha conseguido el progreso [¿No es hierrónico?]
[18:47:14] [Render thread/INFO]: [System] [CHAT] [JRAN][IRON][Luchador] .IsaacA0156 » NOOOOO
[18:47:15] [Render thread/INFO]: [System] [CHAT] [🥉][URSS]｢⚡｣⌞⛧ |☠| ⛧⌝ Stwartv » ✨ Busco chambeador envien /msg ✨
[18:47:17] [Render thread/INFO]: [System] [CHAT] [][U] argentinaxd » que hay q acer xd
[18:47:18] [Render thread/INFO]: [System] [CHAT] [][U] Naranjitia67 » porke lo hicistes...
[18:47:21] [Render thread/INFO]: [System] [CHAT] [🥈][ANBU][U][GG] .FrancoTomRom » compro pico con toque de seda y mas encantamientos de netherite
[18:47:23] [Render thread/INFO]: [System] [CHAT] [][U][Luchador] i_TAPYO » lo hubieras visto hace rato
[18:47:28] [Render thread/INFO]: [System] [CHAT] [][U] .Sofia62018 » perdoon
[18:47:29] [Render thread/INFO]: [System] [CHAT] [][U][Luchador] i_TAPYO » andaba con fly hack
[18:47:34] [Render thread/INFO]: [System] [CHAT] -------------------[MINELATINO]-------------------
[18:47:34] [Render thread/INFO]: [System] [CHAT]                         www.minelatino.shop
[18:47:34] [Render thread/INFO]: [System] [CHAT]           ¡Rangos, picos, espadas, dinero & mucho más!
[18:47:34] [Render thread/INFO]: [System] [CHAT] ------------------------[♥]-----------------------
[18:47:37] [Render thread/INFO]: [System] [CHAT] [][U] Naranjitia67 » q hizo :(
[18:47:41] [Render thread/INFO]: [System] [CHAT] [JRAN][IRON][Luchador] .IsaacA0156 » =n= ese arco me costo un pulmon izquierdo
[18:47:47] [Render thread/INFO]: [System] [CHAT] [][U] .Sofia62018 » perdon
[18:47:48] [Render thread/INFO]: [System] [CHAT] Fran_ruz ha sido víctima de Vex
[18:47:50] [Render thread/INFO]: [System] [CHAT] [][U][Luchador] i_TAPYO » y mato a un brother /hizo tpa kill(
[18:47:51] [Render thread/INFO]: [System] [CHAT] [][U] argentinaxd » }
[18:47:57] [Render thread/INFO]: [System] [CHAT] [🥈][ANBU][U][GG] .FrancoTomRom » COMPRO pico de netherite encantado
[18:47:59] [Render thread/INFO]: [System] [CHAT] [JRAN][IRON][Luchador] .IsaacA0156 » ya tranquila tampoco es para tanto =<=
[18:48:01] [Render thread/INFO]: [System] [CHAT] [][U] Naranjitia67 » bro dale sus cosas almenos
[18:48:04] [Render thread/INFO]: [System] [CHAT] [][U][Luchador] i_TAPYO » a argentina creo
[18:48:04] [Render thread/INFO]: [System] [CHAT] -----------------[TOP DONADORES]-----------------
[18:48:04] [Render thread/INFO]: [System] [CHAT]          ByPaulSG | paul_erick16 | Aleksaurio | nagi_UwU
[18:48:04] [Render thread/INFO]: [System] [CHAT]   xXx_NOVA_xXx | Theluciferpvp | PsyCereso | Ghostspared
[18:48:04] [Render thread/INFO]: [System] [CHAT]    PANDEMART | JuannnCeee | AthaOblen45 | kaykpi | DrKiller
[18:48:04] [Render thread/INFO]: [System] [CHAT]         DiosEnrique1255 | kausho | mixtang | ElReyDelLag
[18:48:04] [Render thread/INFO]: [System] [CHAT] ----------------------[18/21]----------------------
[18:48:06] [Render thread/INFO]: [System] [CHAT] FGM ha sido víctima de Zombi
[18:48:17] [Render thread/INFO]: [System] [CHAT] [JRAN][IRON][Luchador] .IsaacA0156 » gaby???
[18:48:17] [Render thread/WARN]: Received passengers for unknown entity
[18:48:17] [Render thread/INFO]: [System] [CHAT] [][U][Luchador] i_TAPYO » tu las agarraste xddd
[18:48:18] [Render thread/WARN]: Received passengers for unknown entity
[18:48:23] [Render thread/INFO]: [System] [CHAT] [][U] Naranjitia67 » damel o q agarrastes
[18:48:28] [Render thread/INFO]: [System] [CHAT] Rodimus_Prime ha conseguido el progreso [Mejores amigos para siempre]
[18:48:30] [Render thread/INFO]: [System] [CHAT]  MINELATINO » ¡Los resultados de la loteria se darán en 01:29:18! El premio se encuentra en 15000$, para participar usa /lottery buy.
[18:48:31] [Render thread/INFO]: [System] [CHAT] [][U] jakur_sensei » dile qwue no
[18:48:31] [Render thread/INFO]: [System] [CHAT] [][U][Luchador] i_TAPYO » nomas eso
[18:48:34] [Render thread/INFO]: [System] [CHAT] -------------------[MINELATINO]-------------------
[18:48:34] [Render thread/INFO]: [System] [CHAT] [LATAM+] Naranjitia67 » ¡Que bien me queda el LATAM+!
[18:48:34] [Render thread/INFO]: [System] [CHAT]           Si te gusta como se ve, puedes comprarlo en
[18:48:34] [Render thread/INFO]: [System] [CHAT]                            www.minelatino.shop
[18:48:34] [Render thread/INFO]: [System] [CHAT] ------------------------[♥]-----------------------
[18:48:35] [Render thread/INFO]: [System] [CHAT] [][U] .LEODEER231212 » be jaaa
[18:48:36] [Render thread/INFO]: [System] [CHAT] ajidehuevo23 ha caído desde muy alto
[18:48:37] [Render thread/INFO]: [System] [CHAT] [][U][Luchador] i_TAPYO » tenia el inv lleno
[18:48:37] [Render thread/INFO]: [System] [CHAT] [][U] .LEODEER231212 » benjaa
[18:48:38] [Render thread/INFO]: [System] [CHAT] i_TAPYO ha explotado por Naranjitia67 usando [sniper]
[18:48:41] [Render thread/INFO]: [System] [CHAT]  MINELATINO » ¡No tienes permiso para usar este comando!
[18:48:45] [Render thread/INFO]: [System] [CHAT] [][U] .LEODEER231212 » digo
[18:48:45] [Render thread/INFO]: [System] [CHAT] [🥈][ANBU][U][GG] .FrancoTomRom » compro0 pico de netherite
[18:48:48] [Render thread/INFO]: [System] [CHAT] [][U][Luchador] i_TAPYO » reporte de tpa kill xddd
[18:48:48] [Render thread/INFO]: [System] [CHAT] [][U] .LEODEER231212 » bauti
[18:48:49] [Render thread/INFO]: [System] [CHAT] [][U][Luchador] i_TAPYO » reporte de tpa kill xddd
[18:48:49] [Render thread/INFO]: [System] [CHAT] [][U][Luchador] i_TAPYO » reporte de tpa kill xddd
[18:48:52] [Render thread/INFO]: [System] [CHAT] [][U] Naranjitia67 » tomala
[18:48:56] [Render thread/INFO]: [System] [CHAT] [][U] Naranjitia67 » cual tp kill?
[18:49:04] [Render thread/INFO]: [System] [CHAT] xetrix78 ha conseguido el progreso [La Edad de Piedra]
[18:49:04] [Render thread/INFO]: [System] [CHAT] -----------------[TOP DONADORES]-----------------
[18:49:04] [Render thread/INFO]: [System] [CHAT]            CHAVEZ20 | albino2001 | LoveHaze | Danihell
[18:49:04] [Render thread/INFO]: [System] [CHAT] INSPIREKO1 | iGerber | Dekiller27 | Bostime888 | RickyDeath79
[18:49:04] [Render thread/INFO]: [System] [CHAT]    0nsz | Gusquirtle | Marliton08 | perea78 | Chechocastex
[18:49:04] [Render thread/INFO]: [System] [CHAT]              AKO_RPG | RazorLR | sparduk | TacoGabs
[18:49:04] [Render thread/INFO]: [System] [CHAT] -----------------------[9/21]----------------------
[18:49:07] [Render thread/INFO]: [System] [CHAT] [][U] Naranjitia67 » me enviastes tp, tu llevas un buen rato aqui
[18:49:16] [Render thread/INFO]: [System] [CHAT] [][U] Naranjitia67 » y matastes al ElPishulaDeHueso
[18:49:16] [Render thread/INFO]: [System] [CHAT] [][U] Shafiff5070 » lleven oro por los pigligs
[18:49:21] [Render thread/INFO]: [System] [CHAT] -------------------------------------------------
[18:49:21] [Render thread/INFO]: [System] [CHAT] ➥ El jugador Taxel_mc acaba de votar por el
[18:49:21] [Render thread/INFO]: [System] [CHAT] ➥ servidor y ha ganado increíbles cosas ♥
[18:49:21] [Render thread/INFO]: [System] [CHAT] ➥ Si también quieres ganar, usa /vote
[18:49:21] [Render thread/INFO]: [System] [CHAT] -------------------------------------------------
[18:49:25] [Render thread/INFO]: [System] [CHAT]  MINELATINO » ✔ Teletransportando a la protección ps68102x80y-74506z en 3 segundos, no te muevas.
[18:49:27] [Render thread/INFO]: [System] [CHAT]  MINELATINO » ¡Te moviste, el teletransporte ha sido cancelado!
[18:49:29] [Render thread/INFO]: [System] [CHAT] [🥈][ANBU][U][GG] .FrancoTomRom » compro pico de netherite
[18:49:30] [Render thread/INFO]: [System] [CHAT] [][U][Luchador] i_TAPYO » eso 1
[18:49:32] [Render thread/INFO]: [System] [CHAT] -------------------------------------------------
[18:49:32] [Render thread/INFO]: [System] [CHAT] ➥ El jugador deryldidson acaba de votar por el
[18:49:32] [Render thread/INFO]: [System] [CHAT] ➥ servidor y ha ganado increíbles cosas ♥
[18:49:32] [Render thread/INFO]: [System] [CHAT] ➥ Si también quieres ganar, usa /vote
[18:49:32] [Render thread/INFO]: [System] [CHAT] -------------------------------------------------
[18:49:34] [Render thread/INFO]: [System] [CHAT] [][U][Luchador] i_TAPYO » eso q
[18:49:34] [Render thread/INFO]: [System] [CHAT] -------------------[MINELATINO]-------------------
[18:49:34] [Render thread/INFO]: [System] [CHAT]                       discord.minelatino.com
[18:49:34] [Render thread/INFO]: [System] [CHAT]                ¡No te pierdas ninguna actualización!
[18:49:34] [Render thread/INFO]: [System] [CHAT] ------------------------[♥]-----------------------
[18:49:35] [Render thread/INFO]: [System] [CHAT] [][U] Naranjitia67 » ElPishulaDeHueso
[18:49:36] [Render thread/INFO]: [System] [CHAT] FRED_LOL ha conseguido el progreso [Plus ultra]
[18:49:40] [Render thread/INFO]: [System] [CHAT]  MINELATINO » ¡Paluko se ha unido a nuestro aventura! Es el jugador (#370,903)
[18:49:40] [Render thread/INFO]: [System] [CHAT] Paluko ha conseguido el progreso [Mejorando herramientas]
[18:49:41] [Render thread/INFO]: [System] [CHAT] [][U][Luchador] i_TAPYO » tu te tpaste a el
[18:49:42] [Render thread/INFO]: [System] [CHAT] iTam_ara ha conseguido el progreso [La Edad de Piedra]
[18:49:45] [Render thread/INFO]: [System] [CHAT] [][U] Naranjitia67 » no i_TAPYO
[18:49:49] [Render thread/INFO]: [System] [CHAT]  MINELATINO » ¡Creemos que puedes estar haciendo spam al decir 'yo estaba .'! Recuerda colocar los signos (. , -) de manera correcta o esta detección podría activarse.
[18:49:52] [Render thread/INFO]: [System] [CHAT] [][U] Naranjitia67 » yo estaba aqui
[18:49:53] [Render thread/INFO]: [System] [CHAT] [][U] Naranjitia67 » antes
[18:49:53] [Render thread/INFO]: [System] [CHAT] [][U][Luchador] i_TAPYO » bueno detodos modos era un cheater
[18:49:55] [Render thread/INFO]: [System] [CHAT] -------------------------------------------------
[18:49:55] [Render thread/INFO]: [System] [CHAT] ➥ El jugador deryldidson acaba de votar por el
[18:49:55] [Render thread/INFO]: [System] [CHAT] ➥ servidor y ha ganado increíbles cosas ♥
[18:49:55] [Render thread/INFO]: [System] [CHAT] ➥ Si también quieres ganar, usa /vote
[18:49:55] [Render thread/INFO]: [System] [CHAT] -------------------------------------------------
[18:50:03] [Render thread/INFO]: [System] [CHAT] [][U] DuendePochi » hola furrito
[18:50:04] [Render thread/INFO]: [System] [CHAT] -----------------[TOP DONADORES]-----------------
[18:50:04] [Render thread/INFO]: [System] [CHAT]              quim009 | KunPlex | Gonzonzo | TheEdixon
[18:50:04] [Render thread/INFO]: [System] [CHAT] ----------------------[21/21]----------------------
[18:50:08] [Render thread/INFO]: [System] [CHAT] [FYA][LATAM+][||✱||2024||✱||] Adriasan » Vendo Pixel arts :D /tpa adriasan para verlos
[18:50:08] [Render thread/INFO]: [System] [CHAT]  MINELATINO » ¡La petición ha sido enviada a ElPishulaDeHueso!
[18:50:09] [Render thread/INFO]: [System] [CHAT] [][U][Luchador] i_TAPYO » ademas tengo granja de mazo quedatelo
[18:50:10] [Render thread/INFO]: [System] [CHAT]  MINELATINO » ¡ElPishulaDeHueso ha aceptado tu teletransportación!
[18:50:10] [Render thread/INFO]: [System] [CHAT]  MINELATINO » ¡Teletransportándose a ElPishulaDeHueso!
[18:50:10] [Render thread/INFO]: [System] [CHAT]  MINELATINO » El teletransporte comenzará en 3 segundos. Por favor, no te muevas.
[18:50:11] [Render thread/INFO]: [System] [CHAT] [][U] EmyGaby » no lo iba a hacer
[18:50:13] [Render thread/INFO]: [System] [CHAT] [][U] Naranjitia67 » ok
[18:50:14] [Render thread/INFO]: [System] [CHAT]  MINELATINO » Teletransportando...
[18:50:14] [Render thread/INFO]: [System] [CHAT]  MINELATINO » ¡Entrando a la zona de DanteKrak!
[18:50:20] [Render thread/INFO]: [System] [CHAT] §6§l ➥ §6✉ (YO ▻ ElPishulaDeHueso) » bro
[18:50:24] [Render thread/INFO]: [System] [CHAT] [][U][Luchador] i_TAPYO » a no mentira ese era el firmado xddw
[18:50:24] [Render thread/INFO]: [System] [CHAT] [JRAN][IRON][Luchador] .IsaacA0156 » y porque volviste entoncesM
[18:50:26] [Render thread/INFO]: [System] [CHAT] [JRAN][IRON][Luchador] .IsaacA0156 » ?
[18:50:29] [Render thread/INFO]: [System] [CHAT]  MINELATINO » ¡Saliendo de la zona de DanteKrak!
[18:50:31] [Render thread/INFO]: [System] [CHAT] matiaas42O ha conseguido el progreso [¿No es hierrónico?]
[18:50:32] [Render thread/INFO]: [System] [CHAT] matiaas42O ha conseguido el progreso [Cúbreme de diamantes]
[18:50:32] [Render thread/INFO]: [System] [CHAT] matiaas42O ha conseguido el progreso [Por una cabeza]
[18:50:33] [Render thread/INFO]: [System] [CHAT] [][U][Luchador] i_TAPYO » devuelvemelo porfa xd
[18:50:33] [Render thread/INFO]: [System] [CHAT] §6§l ➥ §6✉ (ElPishulaDeHueso ▻ YO) » me deletearon por quedarme afk xd
[18:50:34] [Render thread/INFO]: [System] [CHAT] -------------------[MINELATINO]-------------------
[18:50:34] [Render thread/INFO]: [System] [CHAT]      ¿Quieres saber los beneficios de los rangos?
[18:50:34] [Render thread/INFO]: [System] [CHAT]       entonces usa el comando /beneficios para saberlo
[18:50:34] [Render thread/INFO]: [System] [CHAT] ------------------------[♥]-----------------------
[18:50:36] [Render thread/INFO]: [System] [CHAT] [][U][Luchador] i_TAPYO » no era mio
[18:50:37] [Render thread/INFO]: [System] [CHAT] [][U] Naranjitia67 » eso pasa por matar gente xD
[18:50:41] [Render thread/INFO]: [System] [CHAT] [][U] EmyGaby » porque el universalcraft esta desactualizado
[18:50:42] [Render thread/INFO]: [System] [CHAT] [][U][Luchador] i_TAPYO » te doy un kit completo xd
[18:50:44] [Render thread/INFO]: [System] [CHAT] [][U] DuendePochi » hola furrito
[18:50:45] [Render thread/INFO]: [System] [CHAT] §6§l ➥ §6✉ (YO ▻ ElPishulaDeHueso) » te mataron por andar afk en zona de pvp :V
[18:50:46] [Render thread/INFO]: [System] [CHAT] [🥈][ANBU][U][GG] .FrancoTomRom » dios mio alguien vendame pico no tengo
[18:50:53] [Render thread/INFO]: [System] [CHAT]  MINELATINO » ✔ Teletransportando a la protección ps68102x80y-74506z en 3 segundos, no te muevas.
[18:50:56] [Render thread/INFO]: [System] [CHAT]  MINELATINO » ¡Entrando a la zona de Martinaaa16!
[18:50:56] [Render thread/INFO]: Starting [1] Placement Manager Daemon threads
[18:50:56] [Render thread/INFO]: [System] [CHAT]  MINELATINO » ✔ Teletransportado a la protección ps68102x80y-74506z
[18:50:58] [Render thread/INFO]: [System] [CHAT] §6§l ➥ §6✉ (ElPishulaDeHueso ▻ YO) » pasan que cosas
[18:50:58] [Render thread/INFO]: [System] [CHAT] [][U] DuendePochi » hola furrito
[18:50:59] [Render thread/INFO]: [System] [CHAT] [FYA][LATAM+][||✱||2024||✱||] Adriasan » busca en /ah .FrancoTomRom
[18:50:59] [Render thread/INFO]: [System] [CHAT] xetrix78 ha conseguido el progreso [Monster Hunter]
[18:51:03] [Render thread/INFO]: [System] [CHAT] [JRAN][IRON][Luchador] .IsaacA0156 » a... psea solo estas aqui por aburrimiento
[18:51:04] [Render thread/INFO]: [System] [CHAT] -----------------[TOP DONADORES]-----------------
[18:51:04] [Render thread/INFO]: [System] [CHAT]     EPIT21 | DrScott18 | _Nighteye | Leslik4rina | Azkurbal
[18:51:04] [Render thread/INFO]: [System] [CHAT]   JEDEFA | mashin | 4rtur0000_2004 | PietroPVLM | Blackweb
[18:51:04] [Render thread/INFO]: [System] [CHAT]      Andriu05 | IEMEI | TheGhostlyPirate | iMayco | Baccus
[18:51:04] [Render thread/INFO]: [System] [CHAT]   ANGELYT1617 | LimonsitoConRon | maikelCraft7w7 | ElKrakos
[18:51:04] [Render thread/INFO]: [System] [CHAT] ----------------------[16/21]----------------------
[18:51:05] [Render thread/INFO]: [System] [CHAT] [JRAN][IRON][Luchador] .IsaacA0156 » bueno
[18:51:06] [Render thread/INFO]: [System] [CHAT] i_TAPYO ha caído desde muy alto
[18:51:08] [Render thread/INFO]: [System] [CHAT] [][U] Naranjitia67 » [Firma de PlasMinek... (x1)]
[18:51:09] [Render thread/INFO]: [System] [CHAT] [🥈][ANBU][U][GG] .FrancoTomRom » no hay en./ah jajajjs
[18:51:12] [Render thread/INFO]: [System] [CHAT] [JRAN][IRON][Luchador] .IsaacA0156 » quieres armor aunque sea??
[18:51:12] [Render thread/INFO]: [System] [CHAT] [][U] Naranjitia67 » vendo mazo
[18:51:17] [Render thread/INFO]: [System] [CHAT] [][U] EmyGaby » y no tengo mas servers ni mas amigos con quien jugar
[18:51:19] [Render thread/INFO]: [System] [CHAT] (ANUNCIO)  ¡El jugador stwart ha pedido que pare la tormenta en 60 segundos!
[18:51:20] [Render thread/INFO]: [System] [CHAT] Dinero de i_TAPYO : $10,950
[18:51:24] [Render thread/INFO]: [System] [CHAT] [][U] Naranjitia67 » Vendo mazo
[18:51:26] [Render thread/INFO]: [System] [CHAT] [][U] Naranjitia67 » [Firma de PlasMinek... (x1)]
[18:51:28] [Render thread/INFO]: [System] [CHAT] [][IRON]｢!༻ᴊᴜʟɪᴇᴛᴀ༺!｣ SrPapa » vuanto ?
[18:51:29] [Render thread/INFO]: [System] [CHAT] [🥇][ONLY]｢⚡｣👑Emperor👑 SrKaiserv » Relampago2
[18:51:31] [Render thread/INFO]: [System] [CHAT] [][U][Luchador] i_TAPYO » bueno que pedazo de cobarde que eres al matarme escribiendo
[18:51:31] [Render thread/INFO]: [System] [CHAT] marino ha conseguido el progreso [La Edad de Piedra]
[18:51:32] [Render thread/INFO]: [System] [CHAT] [FYA][LATAM+][||✱||2024||✱||] Adriasan » si sierto xD
[18:51:34] [Render thread/INFO]: [System] [CHAT] -------------------[MINELATINO]-------------------
[18:51:34] [Render thread/INFO]: [System] [CHAT]                ¡250.000 sanciones realizadas!
[18:51:34] [Render thread/INFO]: [System] [CHAT]               así que, por favor, no uses hacks =(
[18:51:34] [Render thread/INFO]: [System] [CHAT] ------------------------[♥]-----------------------
[18:51:35] [Render thread/INFO]: [System] [CHAT] [][IRON]｢!༻ᴊᴜʟɪᴇᴛᴀ༺!｣ SrPapa » cuanto Naranja?
[18:51:36] [Render thread/INFO]: [System] [CHAT] [][U] Naranjitia67 » SrPapa 250k
[18:51:37] [Render thread/INFO]: [System] [CHAT] [FYA][LATAM+][||✱||2024||✱||] Adriasan » no hay
[18:51:38] [Render thread/INFO]: [System] [CHAT] [JRAN][IRON][Luchador] .IsaacA0156 » me consideras tu amigo?
[18:51:41] [Render thread/INFO]: [System] [CHAT] [🥇][ONLY]｢⚡｣👑Emperor👑 SrKaiserv » @Relampago2 we
[18:51:44] [Render thread/INFO]: [System] [CHAT] [][IRON]｢!༻ᴊᴜʟɪᴇᴛᴀ༺!｣ SrPapa » na de doy 120k
[18:51:46] [Render thread/INFO]: [System] [CHAT] [][U] Alondert » y techo madera del otro
[18:51:48] [Render thread/INFO]: [System] [CHAT] [S-MOD] gilsonnick182 » relampapu
[18:51:49] [Render thread/INFO]: [System] [CHAT] [][U] Naranjitia67 » dame 200k
[18:51:56] [Render thread/INFO]: [System] [CHAT] .LEODEER231212 ha conseguido el progreso [¡Menudo ofertón!]
[18:52:02] [Render thread/WARN]: Received passengers for unknown entity
[18:52:04] [Render thread/INFO]: [System] [CHAT] -----------------[TOP DONADORES]-----------------
[18:52:04] [Render thread/INFO]: [System] [CHAT]          Theone | xFighterS2 | srgamerx | NiicoElMaquina
[18:52:04] [Render thread/INFO]: [System] [CHAT]         Canales_154 | Mezar7513 | WxrLalo | xXwomanXx
[18:52:04] [Render thread/INFO]: [System] [CHAT]    EltripaZeka | Diandita | whos_rvbnn | Rodribecl | prieto34
[18:52:04] [Render thread/INFO]: [System] [CHAT]      CapitanPichula | 25baaaaammm | GobackCL | Berkshiire
[18:52:04] [Render thread/INFO]: [System] [CHAT] ----------------------[12/21]----------------------
[18:52:06] [Render thread/WARN]: Received passengers for unknown entity
[18:52:09] [Render thread/INFO]: [System] [CHAT] [Null][⚡] RelampagoGamer2 » siento enfermito
[18:52:11] [Render thread/WARN]: Received passengers for unknown entity
[18:52:13] [Render thread/INFO]: [System] [CHAT] §6§l ➥ §6✉ (YO ▻ gilsonnick182) » staff has algo ElPishulaDeHueso tiene hacks y vuela sin rango y kill aura
[18:52:14] [Render thread/INFO]: [System] [CHAT] [][U][Luchador] ANDREW_MADNESS » vendo totem box en /ah
[18:52:16] [Render thread/INFO]: [System] [CHAT] [🥇][ONLY]｢⚡｣👑Emperor👑 SrKaiserv » lele pancha?
[18:52:16] [Render thread/WARN]: Received passengers for unknown entity
[18:52:20] [Render thread/INFO]: [System] [CHAT] [][U][Luchador] ANDREW_MADNESS » barata
[18:52:26] [Render thread/INFO]: [System] [CHAT] WITCHBLOOD ha conseguido el progreso [Cúbreme de diamantes]
[18:52:29] [Render thread/INFO]: [System] [CHAT] [][U] Togocatar_648518 » alguen me dona 500 pesos?
[18:52:31] [Render thread/INFO]: [System] [CHAT] §6§l ➥ §6✉ (gilsonnick182 ▻ YO) » lo miro gracias
[18:52:31] [Render thread/INFO]: [System] [CHAT] [FYA][LATAM+][||✱||2024||✱||] Adriasan » Vendo Pixel arts :D /tpa adriasan para verlos
[18:52:31] [Render thread/INFO]: [System] [CHAT] [][U] lucaazo1313 » como consigo dinero
[18:52:32] [Render thread/INFO]: [System] [CHAT] [][U][Luchador] i_TAPYO » el mazo de mi novia :c
[18:52:33] [Render thread/INFO]: [System] [CHAT] [JRAN][IRON][Luchador] .IsaacA0156 » me consideras ru amigo?
[18:52:34] [Render thread/INFO]: [System] [CHAT] -------------------[MINELATINO]-------------------
[18:52:34] [Render thread/INFO]: [System] [CHAT]       ¿Hackers, jugadores tóxicos o problemas?
[18:52:34] [Render thread/INFO]: [System] [CHAT]      usa /report y el staff de turno entrará en acción
[18:52:34] [Render thread/INFO]: [System] [CHAT] ------------------------[♥]-----------------------
[18:52:35] [Render thread/INFO]: [System] [CHAT] [🥈][ANBU][U][GG] .FrancoTomRom » dios mio alguien vendame pico XD
[18:52:40] [Render thread/INFO]: [System] [CHAT] Shafiff5070 ha conseguido el progreso [Plus ultra]
[18:52:42] [Render thread/INFO]: [System] [CHAT] [][U][Luchador] i_TAPYO » me van a terminar xd
[18:52:46] [Render thread/INFO]: [System] [CHAT] [][U] Togocatar_648518 » alguen me dona 500 pesos we
[18:52:46] [Render thread/INFO]: [System] [CHAT] [][U] EmyGaby » ven
[18:52:46] [Render thread/INFO]: [System] [CHAT] [][U] gabx144 » fachinz en twitch recien empezamos estamos haciendo una base full nuevos vengan
[18:52:50] [Render thread/INFO]: [System] [CHAT] [][U] argentinaxd » a
[18:52:50] [Render thread/INFO]: [System] [CHAT] §6§l ➥ §6✉ (gilsonnick182 ▻ YO) » lo miro gracias
[18:52:52] [Render thread/INFO]: [System] [CHAT] §6§l ➥ §6✉ (YO ▻ gilsonnick182) » ok
[18:52:53] [Render thread/INFO]: [System] [CHAT] [][U][Luchador] i_TAPYO » sr papa
[18:52:59] [Render thread/INFO]: [System] [CHAT] [][IRON]｢!༻ᴊᴜʟɪᴇᴛᴀ༺!｣ SrPapa » ven
[18:53:02] [Render thread/INFO]: [System] [CHAT] [🥇][ONLY][LATAM+][G][ ❆ .2025. ❆ ] AllegroThePanda » que raro, no hay picos de netherite en ah XD
[18:53:04] [Render thread/INFO]: [System] [CHAT] -----------------[TOP DONADORES]-----------------
[18:53:04] [Render thread/INFO]: [System] [CHAT]         MrTaquitoMC | IPeluchito | Loler_Over | soymemox
[18:53:04] [Render thread/INFO]: [System] [CHAT]    Fredy_Graces | GerardLG74 | merlindeplay | Nicoestobar
[18:53:04] [Render thread/INFO]: [System] [CHAT]             benja893 | H4CK3110 | JUANZZY | Ferlantz
[18:53:04] [Render thread/INFO]: [System] [CHAT]            Kamn001 | Jorgemili0 | TheGolemKidd | Touzh
[18:53:04] [Render thread/INFO]: [System] [CHAT] -----------------------[2/21]----------------------
[18:53:04] [Render thread/INFO]: [System] [CHAT] [][U][Luchador] Itsuki_2007 » hola buenas
[18:53:05] [Render thread/INFO]: [System] [CHAT] [][U] EmyGaby » si te envian tp los encierras aca
[18:53:06] [Render thread/INFO]: [System] [CHAT] .LEODEER231212 ha conseguido el progreso [Aprendiz de mago]
[18:53:07] [Render thread/INFO]: [System] [CHAT]  MINELATINO » ¡Se han agregado $15,000 a tu cuenta!
[18:53:07] [Render thread/INFO]: [System] [CHAT]              -+------------------------------+-
[18:53:07] [Render thread/INFO]: [System] [CHAT] 
[18:53:07] [Render thread/INFO]: [System] [CHAT]                                VOTE PARTY
[18:53:07] [Render thread/INFO]: [System] [CHAT]             ¡Disfruta del Vote-Party y sus sorpresas!
[18:53:07] [Render thread/INFO]: [System] [CHAT]          Recuerda votar constantemente usando /vote
[18:53:07] [Render thread/INFO]: [System] [CHAT]           para recibir recompensas y colaborar con el
[18:53:07] [Render thread/INFO]: [System] [CHAT]           Vote-Party, que al completarse, entrega cosa
[18:53:07] [Render thread/INFO]: [System] [CHAT]                            increíbles a todos
[18:53:07] [Render thread/INFO]: [System] [CHAT] 
[18:53:07] [Render thread/INFO]: [System] [CHAT]                               minelatino.shop
[18:53:07] [Render thread/INFO]: [System] [CHAT]                      (Considera apoyarnos UwU)
[18:53:07] [Render thread/INFO]: [System] [CHAT] 
[18:53:07] [Render thread/INFO]: [System] [CHAT]              -+------------------------------+-
[18:53:07] [Render thread/INFO]: [System] [CHAT] lucaazo1313 ha conseguido el progreso [¡Diamantes!]
[18:53:07] [Render thread/INFO]: [System] [CHAT] ilovekanki ha conseguido el progreso [¡Diamantes!]
[18:53:09] [Render thread/INFO]: [System] [CHAT] [🥇][ONLY][INFINITE][G][I] Gaeellll » hola :)
[18:53:10] [Render thread/INFO]: [System] [CHAT] [🥇][ONLY]｢⚡｣｢☠ . ʙᴏᴏ . ☠｣ Robinv » gg
[18:53:11] [Render thread/INFO]: [System] [CHAT] [][U] Naranjitia67 » ahi les mande 15k
[18:53:16] [Render thread/INFO]: [System] [CHAT] [JRAN][IRON][Luchador] .IsaacA0156 » jajaj gaby
[18:53:26] [Render thread/INFO]: [System] [CHAT] [67][LATAM+][I] vSrDark04v » ♡ hola gael ♡
[18:53:27] [Render thread/INFO]: [System] [CHAT] [JRAN][IRON][Luchador] .IsaacA0156 » hazte tp a mi
[18:53:31] [Render thread/INFO]: [System] [CHAT] [][U] DuendePochi » dale acepta
[18:53:33] [Render thread/INFO]: [System] [CHAT] [67][U][Luchador] ElPishulaDeHueso » Muy lento jaja
[18:53:34] [Render thread/INFO]: [System] [CHAT] -------------------[MINELATINO]-------------------
[18:53:34] [Render thread/INFO]: [System] [CHAT]                         www.minelatino.shop
[18:53:34] [Render thread/INFO]: [System] [CHAT] para ser un TOP DONADOR, debes donar más de 100 USD
[18:53:34] [Render thread/INFO]: [System] [CHAT] ------------------------[♥]-----------------------
[18:53:36] [Render thread/INFO]: [System] [CHAT] [JRAN][IRON][Luchador] .IsaacA0156 » mira lo que estwb creando hace mucho..
[18:53:36] [Render thread/INFO]: [System] [CHAT] [🥇][ONLY]｢⚡｣｢☠ . ʙᴏᴏ . ☠｣ Robinv » gracias naranjitia, ahora dame mas <3
[18:53:44] [Render thread/INFO]: [System] [CHAT] argentinaxd ha conseguido el progreso [Cúbreme de diamantes]
[18:53:47] [Render thread/INFO]: [System] [CHAT] [][U] Naranjitia67 » robin en unas horas te envio mas
[18:53:53] [Render thread/INFO]: [System] [CHAT] [🥇][ONLY]｢⚡｣｢☠ . ʙᴏᴏ . ☠｣ Robinv » vavava
[18:53:58] [Render thread/INFO]: [System] [CHAT] [][U] EmyGaby » el que?
[18:54:00] [Render thread/INFO]: [System] [CHAT] [][U] matiaas42O » qien team
[18:54:04] [Render thread/INFO]: [System] [CHAT] -----------------[TOP DONADORES]-----------------
[18:54:04] [Render thread/INFO]: [System] [CHAT]          Pikachu08t | Morita18_ | ladybug | iKenshLuffy_
[18:54:04] [Render thread/INFO]: [System] [CHAT]   Amanda555555555 | InmortalSushy | Mediated4816 | Gatus
[18:54:04] [Render thread/INFO]: [System] [CHAT]      Aitore98 | azm | Chenchiito | NCOFUENTES | BryannnXD
[18:54:04] [Render thread/INFO]: [System] [CHAT]             Darkpl4y | Skvbo | sniperwolf10 | CHAVEZ20
[18:54:04] [Render thread/INFO]: [System] [CHAT] -----------------------[8/21]----------------------
[18:54:06] [Render thread/INFO]: [System] [CHAT] deryldidson ha alcanzado el objetivo [Hasta el infinito... ¡y más allá!]
[18:54:13] [Render thread/INFO]: [System] [CHAT] DuendePochi ha conseguido el progreso [Plus ultra]
[18:54:14] [Render thread/INFO]: [System] [CHAT] [][U] lucaazo1313 » como consigo dinero
[18:54:28] [Render thread/INFO]: [System] [CHAT] [][U][Luchador] i_TAPYO » me hablaste?
[18:54:31] [Render thread/INFO]: [System] [CHAT] Shafiff5070 ha conseguido el progreso [La Edad de Piedra]
[18:54:31] [Render thread/INFO]: [System] [CHAT] [][IRON]｢!༻ᴊᴜʟɪᴇᴛᴀ༺!｣ SrPapa » no
[18:54:31] [Render thread/INFO]: [System] [CHAT] FRED_LOL ha conseguido el progreso [¿No es hierrónico?]
[18:54:34] [Render thread/INFO]: [System] [CHAT] -------------------[MINELATINO]-------------------
[18:54:34] [Render thread/INFO]: [System] [CHAT]     ¡Vota por el servidor y serás recompensado!
[18:54:34] [Render thread/INFO]: [System] [CHAT]             para votar, solamente debes usar /vote
[18:54:34] [Render thread/INFO]: [System] [CHAT] ------------------------[♥]-----------------------
[18:54:35] [Render thread/INFO]: [System] [CHAT] [🥈][ANBU][U][GG] .FrancoTomRom » compro pico de netherite encantado plis alguien :3
[18:54:38] [Render thread/INFO]: [System] [CHAT] [][U][Luchador] i_TAPYO » a ok xd
[18:54:47] [Render thread/INFO]: [System] [CHAT] §6§l ➥ §6✉ (YO ▻ .FrancoTomRom) » cuanto das
[18:54:52] [Render thread/INFO]: [System] [CHAT] [][U] DuendePochi » estoy en el nether
[18:54:58] [Render thread/INFO]: [System] [CHAT] xetrix78 ha conseguido el progreso [Dulces sueños]
[18:54:59] [Render thread/INFO]: [System] [CHAT] [][U] EmyGaby » tramposo
[18:55:00] [Render thread/INFO]: [System] [CHAT]  MINELATINO » i_TAPYO ha pedido teletransportarse hacia a ti
[18:55:00] [Render thread/INFO]: [System] [CHAT]  ✔ Escribe /tpaccept para aceptar el teletransporte.
[18:55:00] [Render thread/INFO]: [System] [CHAT]  ❌ Escribe /tpdeny, para denegar el teletransporte.
[18:55:00] [Render thread/INFO]: [System] [CHAT]  ⌚ La solicitud será cancelada en 120 segundos; no aceptes peticiones de desconocidos.
[18:55:04] [Render thread/INFO]: [System] [CHAT] -----------------[TOP DONADORES]-----------------
[18:55:04] [Render thread/INFO]: [System] [CHAT]     Tomas244 | Bry00v | Kronos0820 | romeo2103 | MiniDolly
[18:55:04] [Render thread/INFO]: [System] [CHAT]      RasGrimm | TheNazz_ | johanel | Jp_xp215 | Fenizzz34
[18:55:04] [Render thread/INFO]: [System] [CHAT]   Valdes_14 | Enderoeo | AndrezzGG | Dr4k0_TD | Ghenox19
[18:55:04] [Render thread/INFO]: [System] [CHAT]       Klawdioss | Zero_666 | Rollmaster_ | HolaYoSoyAlexx
[18:55:04] [Render thread/INFO]: [System] [CHAT] ----------------------[19/21]----------------------
[18:55:04] [Render thread/INFO]: [System] [CHAT] [][U] Naranjitia67 » q quieres i_TAPYO?
[18:55:04] [Render thread/INFO]: [System] [CHAT] [JRAN][IRON][Luchador] .IsaacA0156 » yo?
[18:55:05] [Render thread/INFO]: [System] [CHAT] Paluko ha conseguido el progreso [Monster Hunter]
[18:55:09] [Render thread/INFO]: [System] [CHAT] matiaas42O ha conseguido el progreso [Monster Hunter]
[18:55:13] [Render thread/INFO]: [System] [CHAT] [][U][Luchador] i_TAPYO » me equivoq
[18:55:14] [Render thread/INFO]: [System] [CHAT] [JRAN][IRON][Luchador] .IsaacA0156 » hazte tp gaby
[18:55:14] [Render thread/INFO]: [System] [CHAT] [][U] FRED_LOL » alguien que me pueda hacer tp estoy encerrado
[18:55:15] [Render thread/INFO]: [System] [CHAT] [][U] EmyGaby » no
[18:55:15] [Render thread/INFO]: [System] [CHAT] [][U] gabx144 » fachinz en twitch recien empezamos estamos haciendo una base full nuevos vengan
[18:55:17] [Render thread/INFO]: [System] [CHAT] [][U] DuendePochi » no lo voy a aser
[18:55:18] [Render thread/INFO]: [System] [CHAT] [JRAN][IRON][Luchador] .IsaacA0156 » mira
[18:55:25] [Render thread/INFO]: [System] [CHAT] [JRAN][IRON][Luchador] .IsaacA0156 » no te preocupes por el
[18:55:26] [Render thread/INFO]: [System] [CHAT] [][U] lucaazo1313 » como consigo dinero
[18:55:34] [Render thread/INFO]: [System] [CHAT] -------------------[MINELATINO]-------------------
[18:55:34] [Render thread/INFO]: [System] [CHAT]        ¿Quieres ser staff y ayudar a MineLatino?
[18:55:34] [Render thread/INFO]: [System] [CHAT]          entonces puedes ingresar al siguiente enlace:
[18:55:34] [Render thread/INFO]: [System] [CHAT]                     minelatino.com/postulaciones/
[18:55:34] [Render thread/INFO]: [System] [CHAT]          para saber los pasos a seguir para ser staff
[18:55:34] [Render thread/INFO]: [System] [CHAT] ------------------------[♥]-----------------------
[18:55:41] [Render thread/INFO]: [System] [CHAT] [][U][Luchador] i_TAPYO » con /ah sell <objeto>
[18:55:42] [Render thread/INFO]: [System] [CHAT] [][U] EmyGaby » precuparme por quien?
[18:55:43] [Render thread/INFO]: [System] [CHAT] .IsaacA0156 ha sido víctima de Zombi
[18:55:46] [Render thread/INFO]: [System] [CHAT] .OSWALD84K9517 ha sido víctima de Araña
[18:55:46] [Render thread/INFO]: [System] [CHAT] .Abriilnezz ha conseguido el progreso [La Edad de Hierro]
[18:55:49] [Render thread/INFO]: [System] [CHAT] [][U] lucaazo1313 » gracias
[18:55:49] [Render thread/INFO]: [System] [CHAT] juanparedes987 ha sido víctima de Zombi
[18:55:50] [Render thread/INFO]: [System] [CHAT] [][U] DuendePochi » me voy a aser una casa en el nether
[18:55:53] [Render thread/INFO]: [System] [CHAT] [][U][Luchador] i_TAPYO » con /ah sell <objeto> <precio>
[18:56:04] [Render thread/INFO]: [System] [CHAT] -----------------[TOP DONADORES]-----------------
[18:56:04] [Render thread/INFO]: [System] [CHAT]               MiiLis | Lum12345h | Myta39 | CMJBS456
[18:56:04] [Render thread/INFO]: [System] [CHAT]             michael18 | AntooMeow | Stremo | Rramboo
[18:56:04] [Render thread/INFO]: [System] [CHAT]    MonsterWaffle7w7 | R2ZwieDK | iDombush | AngelNotFound
[18:56:04] [Render thread/INFO]: [System] [CHAT]   LordHount | alucard666 | NoSoyShadowL | MamaGamer1234
[18:56:04] [Render thread/INFO]: [System] [CHAT] -----------------------[5/21]----------------------
[18:56:05] [Render thread/INFO]: [System] [CHAT] [][U] FRED_LOL » no confio en ti
[18:56:05] [Render thread/INFO]: [System] [CHAT] XxFurritoCR ha conseguido el progreso [La Edad de Piedra]
[18:56:07] [Render thread/INFO]: [System] [CHAT] [🥇][ONLY][INFINITE][G][I] Gaeellll » ow
[18:56:08] [Render thread/INFO]: [System] [CHAT]  MINELATINO » ¡La petición ha sido enviada a ElPishulaDeHueso!
[18:56:10] [Render thread/INFO]: [System] [CHAT]  MINELATINO » ¡ElPishulaDeHueso ha aceptado tu teletransportación!
[18:56:10] [Render thread/INFO]: [System] [CHAT]  MINELATINO » ¡Teletransportándose a ElPishulaDeHueso!
[18:56:10] [Render thread/INFO]: [System] [CHAT]  MINELATINO » El teletransporte comenzará en 3 segundos. Por favor, no te muevas.
[18:56:13] [Render thread/INFO]: [System] [CHAT]  MINELATINO » Teletransportando...
[18:56:13] [Render thread/INFO]: [System] [CHAT]  MINELATINO » ¡Saliendo de la zona de Martinaaa16!
[18:56:14] [Render thread/INFO]: [System] [CHAT] [][U] DuendePochi » me voy a aser una casa en el nether
[18:56:17] [Render thread/INFO]: [System] [CHAT] [][U] .Sofia62018 » hola gaeel
[18:56:19] [Render thread/INFO]: [System] [CHAT] §6§l ➥ §6✉ (YO ▻ ElPishulaDeHueso) » we
[18:56:25] [Render thread/INFO]: [System] [CHAT] §6§l ➥ §6✉ (gilsonnick182 ▻ YO) » no veo que vuele?
[18:56:25] [Render thread/INFO]: [System] [CHAT] [JRAN][IRON][Luchador] .IsaacA0156 » gabyy
[18:56:28] [Render thread/INFO]: [System] [CHAT] §6§l ➥ §6✉ (ElPishulaDeHueso ▻ YO) » que lo que
[18:56:32] [Render thread/INFO]: [System] [CHAT] §6§l ➥ §6✉ (YO ▻ ElPishulaDeHueso) » q haces aqui
[18:56:34] [Render thread/INFO]: [System] [CHAT] -------------------[MINELATINO]-------------------
[18:56:34] [Render thread/INFO]: [System] [CHAT]                             ¿Sabías qué...
[18:56:34] [Render thread/INFO]: [System] [CHAT]         MineLatino Network se fundó en julio del 2019?
[18:56:34] [Render thread/INFO]: [System] [CHAT] ------------------------[♥]-----------------------
[18:56:37] [Render thread/INFO]: [System] [CHAT] [][U] vicente » alguien regala un pico porfa esque me mori ase poco
[18:56:39] [Render thread/INFO]: [System] [CHAT] [][U][Luchador] i_TAPYO » necesito un prestamo xd
[18:56:39] [Render thread/INFO]: [System] [CHAT] [][U] EmyGaby » perame
[18:56:40] [Render thread/INFO]: [System] [CHAT] [][U][Luchador] i_TAPYO » necesito un prestamo xd
[18:56:40] [Render thread/INFO]: [System] [CHAT] §6§l ➥ §6✉ (ElPishulaDeHueso ▻ YO) » aburrido xde
[18:56:42] [Render thread/INFO]: [System] [CHAT] [][U] FRED_LOL » alguien se deja hacer tpa necesito salir de este oyo
[18:56:46] [Render thread/INFO]: [System] [CHAT] WITCHBLOOD ha muerto por un flechazo de Esqueleto
[18:56:47] [Render thread/INFO]: [System] [CHAT] §6§l ➥ §6✉ (YO ▻ ElPishulaDeHueso) » vamos ala superficie
[18:56:49] [Render thread/INFO]: [System] [CHAT] vagvdeava se ha estampado contra el suelo
[18:56:52] [Render thread/INFO]: [System] [CHAT] [JRAN][IRON][Luchador] .IsaacA0156 » sr papa porque te hiciste tp
[18:56:58] [Render thread/INFO]: [System] [CHAT] [][IRON] JOTAPE99 » vicente te compro uno
[18:57:04] [Render thread/INFO]: [System] [CHAT] -----------------[TOP DONADORES]-----------------
[18:57:04] [Render thread/INFO]: [System] [CHAT]     Keremy2305 | LordLostLP | RiveraF | Seryi_mc | kkwetx
[18:57:04] [Render thread/INFO]: [System] [CHAT]      ElMimikyu778 | KyoukoMejiro | CrisMartinez17 | Nyoora
[18:57:04] [Render thread/INFO]: [System] [CHAT]       Sucre_128 | zVisanter_ | Hector20203030 | iSavvy
[18:57:04] [Render thread/INFO]: [System] [CHAT]     MauroOMG1 | Coutinhoo7 | Santana25 | musicmasterX12
[18:57:04] [Render thread/INFO]: [System] [CHAT] ----------------------[13/21]----------------------
[18:57:06] [Render thread/INFO]: [System] [CHAT] §6§l ➥ §6✉ (YO ▻ ElPishulaDeHueso) » llevame aarriba
[18:57:07] [Render thread/INFO]: [System] [CHAT] [][IRON]｢!༻ᴊᴜʟɪᴇᴛᴀ༺!｣ SrPapa » .IsaacA0156 para saludarte bro
[18:57:15] [Render thread/INFO]: [System] [CHAT] [JRAN][IRON][Luchador] .IsaacA0156 » a espadazos?
[18:57:19] [Render thread/INFO]: [System] [CHAT] [][IRON] JOTAPE99 » no hay ninguno en venta :C
[18:57:21] [Render thread/INFO]: [System] [CHAT] §6§l ➥ §6✉ (ElPishulaDeHueso ▻ YO) » envia tp
[18:57:21] [Render thread/INFO]: [System] [CHAT] [][U] vicente » hola
[18:57:28] [Render thread/INFO]: [System] [CHAT] XxFurritoCR ha conseguido el progreso [Monster Hunter]
[18:57:30] [Render thread/INFO]: [System] [CHAT] iTam_ara ha conseguido el progreso [Monster Hunter]
[18:57:34] [Render thread/INFO]: [System] [CHAT] -------------------[MINELATINO]-------------------
[18:57:34] [Render thread/INFO]: [System] [CHAT]                         www.minelatino.shop
[18:57:34] [Render thread/INFO]: [System] [CHAT]                      ¡Aceptamos criptomonedas!
[18:57:34] [Render thread/INFO]: [System] [CHAT] ------------------------[♥]-----------------------
[18:57:35] [Render thread/INFO]: [System] [CHAT]  MINELATINO » ¡La petición ha sido enviada a ElPishulaDeHueso!
[18:57:36] [Render thread/INFO]: [System] [CHAT]  MINELATINO » ¡ElPishulaDeHueso ha aceptado tu teletransportación!
[18:57:36] [Render thread/INFO]: [System] [CHAT]  MINELATINO » ¡Teletransportándose a ElPishulaDeHueso!
[18:57:36] [Render thread/INFO]: [System] [CHAT]  MINELATINO » El teletransporte comenzará en 3 segundos. Por favor, no te muevas.
[18:57:39] [Render thread/INFO]: [System] [CHAT] iTam_ara ha sido víctima de Zombi
[18:57:39] [Render thread/INFO]: [System] [CHAT] Fran_ruz ha sido víctima de Vex
[18:57:39] [Render thread/INFO]: [System] [CHAT]  MINELATINO » Teletransportando...
[18:57:39] [Render thread/INFO]: [System] [CHAT]  MINELATINO » ¡Entrando a la zona de ElPishulaDeHueso!
[18:57:40] [Render thread/WARN]: Received passengers for unknown entity
[18:57:46] [Render thread/INFO]: [System] [CHAT] [][U] FRED_LOL » gracias
[18:57:52] [Render thread/INFO]: [System] [CHAT] [][U][Luchador] i_TAPYO » dnd
[18:57:53] [Render thread/INFO]: [System] [CHAT] [][U] DuendePochi » ay mods aca
[18:57:53] [Render thread/INFO]: [System] [CHAT] Hey! Sorry, but you can't use that here.
[18:57:54] [Render thread/INFO]: [System] [CHAT] [][U] FRED_LOL » como salgo
[18:57:56] [Render thread/INFO]: [System] [CHAT] [IMJR][U] ssaannttii » busco trabajador
[18:57:59] [Render thread/INFO]: [System] [CHAT] [][U][Luchador] i_TAPYO » veni
[18:58:04] [Render thread/INFO]: [System] [CHAT] -----------------[TOP DONADORES]-----------------
[18:58:04] [Render thread/INFO]: [System] [CHAT]             Cap_Loli | Matorombo | MaxiLXK | ADONAIMXP
[18:58:04] [Render thread/INFO]: [System] [CHAT]     ELdimplayer | Gamer_Analyst33 | Val_st_pz | Lonngsito
[18:58:04] [Render thread/INFO]: [System] [CHAT]          Sariel1227 | NEONWIZ21 | John_Allen | claman20
[18:58:04] [Render thread/INFO]: [System] [CHAT]    AlejandroMT | AzuraaX_ | kuroganeShiro | Cristhian1602
[18:58:04] [Render thread/INFO]: [System] [CHAT] -----------------------[7/21]----------------------
[18:58:05] [Render thread/INFO]: [System] [CHAT] [][U][Luchador] Zarpas_ » quien para hacer team?
[18:58:11] [Render thread/INFO]: [System] [CHAT] [][U] Emip65t_Y » yo
[18:58:12] [Render thread/INFO]: [System] [CHAT] [67][LATAM+][I] vSrDark04v » ♡ feliz dia de las madres ♡
[18:58:14] [Render thread/INFO]: [System] [CHAT] Paluko ha sido víctima de Zombi
[18:58:14] [Render thread/INFO]: [System] [CHAT] [][U] juanparedes987 » yo
[18:58:15] [Render thread/INFO]: [System] [CHAT] [][U] FRED_LOL » linda base
[18:58:16] [Render thread/INFO]: [System] [CHAT] [67][LATAM+][I] vSrDark04v » ♡ feliz dia robin ♡
[18:58:17] [Render thread/INFO]: [System] [CHAT] [67][GOLD][I]「❤」 Taxel_mc » feliz dia
[18:58:18] [Render thread/INFO]: [System] [CHAT] [][U][Luchador] i_TAPYO » yo
[18:58:20] [Render thread/INFO]: [System] [CHAT] [][U][Luchador] i_TAPYO » gracias
[18:58:22] [Render thread/INFO]: [System] [CHAT] [][U] vicente » alguien regala un pico esque me mori ase poco
[18:58:24] [Render thread/INFO]: [System] [CHAT] [PluS][DIAMOND][I]｢||¡6!||｣ Azure_Kite » el unico mod que tiene el server es el voice chat creo.
[18:58:25] [Render thread/INFO]: [System] [CHAT] [IMJR][U] ssaannttii » busco un chambeador
[18:58:26] [Render thread/INFO]: [System] [CHAT]  MINELATINO » ¡ianzaballaYETS2 se ha unido a nuestro aventura! Es el jugador (#370,904)
[18:58:26] [Render thread/INFO]: [System] [CHAT] ianzaballaYETS2 ha conseguido el progreso [Mejorando herramientas]
[18:58:26] [Render thread/INFO]: [System] [CHAT] [][U][Luchador] Zarpas_ » apenas andan iniciando o llevan tiempo?
[18:58:27] [Render thread/INFO]: [System] [CHAT]  MINELATINO » ¡Saliendo de la zona de ElPishulaDeHueso!
[18:58:28] [Render thread/INFO]: [System] [CHAT]  MINELATINO » ¡Entrando a la zona de ElPishulaDeHueso!
[18:58:28] [Render thread/WARN]: Received passengers for unknown entity
[18:58:33] [Render thread/INFO]: [System] [CHAT] XxFurritoCR ha conseguido el progreso [La Edad de Hierro]
[18:58:33] [Render thread/INFO]: [System] [CHAT] [67][LATAM+][I] vSrDark04v » ♡ Gael2012, Igualmente ♡
[18:58:34] [Render thread/INFO]: [System] [CHAT] [][U][Luchador] i_TAPYO » ya tiempo
[18:58:34] [Render thread/INFO]: [System] [CHAT] -------------------[MINELATINO]-------------------
[18:58:34] [Render thread/INFO]: [System] [CHAT]   ¡Evita ser sancionado por usar clientes ilegales!
[18:58:34] [Render thread/INFO]: [System] [CHAT]        minelatino.com/knowledge/todo-sobre-los-clientes
[18:58:34] [Render thread/INFO]: [System] [CHAT]         ¡Descubre que clientes son legales y cuáles no!
[18:58:34] [Render thread/INFO]: [System] [CHAT] ------------------------[♥]-----------------------
[18:58:35] [Render thread/INFO]: [System] [CHAT] [67][LATAM+][I] vSrDark04v » ♡ feliz dia ♡
[18:58:35] [Render thread/INFO]: [System] [CHAT] [][U] DuendePochi » aseme tp gabx144 asi ves mi base
[18:58:37] [Render thread/INFO]: [System] [CHAT] [][IRON] JOTAPE99 » no hay ninguno en venta :C
[18:58:38] [Render thread/INFO]: [System] [CHAT] [🥇][ONLY][INFINITE][G][I] Gaeellll » nanana
[18:58:42] [Render thread/INFO]: [System] [CHAT] [][U] vicente » alguien regala un pico esque me mori ase poco
[18:58:46] [Render thread/INFO]: [System] [CHAT] [Crew][DIAMOND][I][ ❆ .2025. ❆ ] pepemancraft123 » Azure_Kite y el litematic
[18:58:47] [Render thread/INFO]: [System] [CHAT]  MINELATINO » ¡Tu mensaje ha sido enviado! Por favor, espera respuesta del staff, esto puede demorar algunos minutos.
[18:58:51] [Render thread/INFO]: [System] [CHAT]  MINELATINO » ¡Debes esperar 116 segundos, antes de hacer esto nuevamente!
[18:58:51] [Render thread/INFO]: [System] [CHAT] [][U] Emip65t_Y » llevo tiempó
[18:58:53] [Render thread/WARN]: Received passengers for unknown entity
[18:58:55] [Render thread/WARN]: Received passengers for unknown entity
[18:58:56] [Render thread/INFO]: [System] [CHAT]  MINELATINO » ¡TiziFalcao911 se ha unido a nuestro aventura! Es el jugador (#370,905)
[18:58:56] [Render thread/INFO]: [System] [CHAT] TiziFalcao911 ha conseguido el progreso [Mejorando herramientas]
[18:58:58] [Render thread/INFO]: [System] [CHAT] Zarpas_ ha sido víctima de Zombi
[18:58:58] [Render thread/INFO]: [System] [CHAT] §6§l ➥ §6✉ (gilsonnick182 ▻ YO) » lo ando mirando
[18:59:01] [Render thread/INFO]: [System] [CHAT] [PluS][DIAMOND][I]｢||¡6!||｣ Azure_Kite » :o
[18:59:02] [Render thread/INFO]: [System] [CHAT] [][U] vicente » alguien regala un pico porfa me mori ase poco
[18:59:03] [Render thread/INFO]: [System] [CHAT] §6§l ➥ §6✉ (YO ▻ ElPishulaDeHueso) » vamos a ver esas bases de alfrente :v
[18:59:04] [Render thread/INFO]: [System] [CHAT] -----------------[TOP DONADORES]-----------------
[18:59:04] [Render thread/INFO]: [System] [CHAT]    YARE_LEE | MolinaCR23 | jjoseda | KeisukeBaji | Ignabre
[18:59:04] [Render thread/INFO]: [System] [CHAT]  Kayydxn | Slyrikx | Combine__ELITE | Gregton | 0Aaron88xIm
[18:59:04] [Render thread/INFO]: [System] [CHAT]        WoolOstrich8922 | pachequinpro132 | PanzaBiceps
[18:59:04] [Render thread/INFO]: [System] [CHAT]        Chrislcn11 | Esmail88888 | c_sastre | TheMrCatYT
[18:59:04] [Render thread/INFO]: [System] [CHAT] ----------------------[17/21]----------------------
[18:59:06] [Render thread/INFO]: [System] [CHAT] [][U] needlessgg » tizi manda tp
[18:59:06] [Render thread/INFO]: [System] [CHAT] [][U][Luchador] Zarpas_ » a
[18:59:09] [Render thread/INFO]: [System] [CHAT] §6§l ➥ §6✉ (YO ▻ gilsonnick182) » estaba volando acaba de hacerlo ...
[18:59:11] [Render thread/INFO]: [System] [CHAT] §6§l ➥ §6✉ (ElPishulaDeHueso ▻ YO) » son de amigos
[18:59:15] [Render thread/INFO]: [System] [CHAT] §6§l ➥ §6✉ (YO ▻ ElPishulaDeHueso) » aver llevame
[18:59:16] [Render thread/INFO]: [System] [CHAT] [][U][Luchador] Zarpas_ » xd
[18:59:21] [Render thread/INFO]: [System] [CHAT] [][U] vino_gato » alguien vende fragmentos resonantes???
[18:59:21] [Render thread/INFO]: [System] [CHAT]  MINELATINO » ¡Saliendo de la zona de ElPishulaDeHueso!
[18:59:21] [Render thread/INFO]: [System] [CHAT]  MINELATINO » ¡Entrando a la zona de Guillermo_Felix!
[18:59:25] [Render thread/WARN]: Received passengers for unknown entity
[18:59:26] [Render thread/INFO]: [System] [CHAT] [][U] ianzaballaYETS2 » hola
[18:59:29] [Render thread/INFO]: [System] [CHAT] [][U] vicente » alguien me regala un pico porfa
[18:59:30] [Render thread/INFO]: [System] [CHAT] XxFurritoCR ha conseguido el progreso [Hoy no, gracias]
[18:59:30] [Render thread/INFO]: [System] [CHAT] [][IRON]｢!༻ᴊᴜʟɪᴇᴛᴀ༺!｣ SrPapa » hola
[18:59:32] [Render thread/WARN]: Received passengers for unknown entity
[18:59:33] [Render thread/WARN]: Received passengers for unknown entity
[18:59:34] [Render thread/INFO]: [System] [CHAT] -------------------[MINELATINO]-------------------
[18:59:34] [Render thread/INFO]: [System] [CHAT]                         www.minelatino.shop
[18:59:34] [Render thread/INFO]: [System] [CHAT]           ¡Rangos, picos, espadas, dinero & mucho más!
[18:59:34] [Render thread/INFO]: [System] [CHAT] ------------------------[♥]-----------------------
[18:59:34] [Render thread/INFO]: [System] [CHAT] [][U] argentinaxd » hola
[18:59:35] [Render thread/INFO]: [System] [CHAT] [][U] ianzaballaYETS2 » todo bien
[18:59:36] [Render thread/INFO]: [System] [CHAT] [][U] needlessgg » ai ora
[18:59:37] [Render thread/INFO]: [System] [CHAT] [][U] Alondert » eeaa
[18:59:38] [Render thread/INFO]: [System] [CHAT] [][U] vicente » alguien regala un pico porfa
[18:59:40] [Render thread/INFO]: [System] [CHAT] [][U][Luchador] Zarpas_ » quienes son nuevos para hacer team?
[18:59:41] [Render thread/INFO]: [System] [CHAT] [][U] Naranjitia67 » ....
[18:59:42] [Render thread/INFO]: [System] [CHAT] [][IRON]｢!༻ᴊᴜʟɪᴇᴛᴀ༺!｣ SrPapa » si y ud
[18:59:43] [Render thread/INFO]: [System] [CHAT] [][U] Shafiff5070 » que haces bro
[18:59:43] [Render thread/INFO]: [System] [CHAT] [][U] needlessgg » tizi kedate kieto y manda tp
[18:59:44] [Render thread/INFO]: [System] [CHAT] [IMJR][U] ssaannttii » busco a alguien que quiera chamba
[18:59:44] [Render thread/INFO]: [System] [CHAT] [][U] 777dogui777 » Zeus
[18:59:46] [Render thread/INFO]: [System] [CHAT] [][U] ianzaballaYETS2 » todo bien?
[18:59:46] [Render thread/INFO]: [System] [CHAT] [ONL1][LATAM+][G][I]⌞⛧ |☠| ⛧⌝ _ZeninNaoya_ » yo
[18:59:50] [Render thread/INFO]: [System] [CHAT] [ONL1][LATAM+][G][I]⌞⛧ |☠| ⛧⌝ _ZeninNaoya_ » no
[18:59:52] [Render thread/INFO]: [System] [CHAT] [][U] ianzaballaYETS2 » bien bien
[18:59:56] [Render thread/INFO]: [System] [CHAT]  MINELATINO » ¡Saliendo de la zona de Guillermo_Felix!
[18:59:56] [Render thread/INFO]: [System] [CHAT]  MINELATINO » ¡Entrando a la zona de ElMariskoUwU!
[18:59:56] [Render thread/INFO]: [System] [CHAT] [][U] .Sofia62018 » ups
[18:59:59] [Render thread/WARN]: Received passengers for unknown entity
[19:00:01] [Render thread/INFO]: [System] [CHAT] [][U] argentinaxd » tene comida
[19:00:03] [Render thread/INFO]: [System] [CHAT] (ANUNCIO) Clanes ganadores de la temporada OCT-2025\n 1. ONLY \n 2. ANBU \n 3. URSS
[19:00:03] [Render thread/INFO]: [System] [CHAT] §6§l ➥ §6✉ (YO ▻ ElPishulaDeHueso) » como vuelas xD
[19:00:03] [Render thread/INFO]: [System] [CHAT] [][U] argentinaxd » ?
[19:00:04] [Render thread/INFO]: [System] [CHAT] -----------------[TOP DONADORES]-----------------
[19:00:04] [Render thread/INFO]: [System] [CHAT]      Gilsonnick182 | Mr_Zeratul_9 | PoxerUltraXx | Kamiiral
[19:00:04] [Render thread/INFO]: [System] [CHAT]    Ezetexeira_22 | .RoyMustang1309 | D1VINPR | Kumbiero23
[19:00:04] [Render thread/INFO]: [System] [CHAT]    KratosGameplay | XxpaulitaxX | Elbasuer | ElMrGeekSalad
[19:00:04] [Render thread/INFO]: [System] [CHAT]     Ander_nya | SmokingClouds | iNauzrt | ByBlxCk | melioliva
[19:00:04] [Render thread/INFO]: [System] [CHAT] ----------------------[20/21]----------------------
[19:00:04] [Render thread/INFO]: [System] [CHAT] [][U] ianzaballaYETS2 » aca buscnado con quien jugar
[19:00:06] [Render thread/INFO]: [System] [CHAT] [][U][Luchador] Zarpas_ » quienes son nuevos para hacer team?
[19:00:06] [Render thread/INFO]: [System] [CHAT] [][U] .Sofia62018 » perdon gael
[19:00:13] [Render thread/INFO]: [System] [CHAT] [][U] vicente » alguien regala un pico porfa me mori ase poco
[19:00:13] [Render thread/INFO]: [System] [CHAT] [][U][Luchador] i_TAPYO » yo xd
[19:00:13] [Render thread/INFO]: [System] [CHAT] [][U] needlessgg » lo unico q tengo
[19:00:14] [Render thread/INFO]: [System] [CHAT] lucaazo1313 ha conseguido el progreso [Dulces sueños]
[19:00:18] [Render thread/INFO]: [System] [CHAT] [🥇][ONLY][INFINITE][G][I] Gaeellll » ntp
[19:00:20] [Render thread/INFO]: [System] [CHAT] §6§l ➥ §6✉ (ElPishulaDeHueso ▻ YO) » el mago no revela sus trucos rey
[19:00:21] [Render thread/INFO]: [System] [CHAT] [][U] matiaas42O » kien team
[19:00:24] [Render thread/INFO]: [System] [CHAT] [][U][Luchador] i_TAPYO » yooo
[19:00:26] [Render thread/INFO]: [System] [CHAT] [][U] .Sofia62018 » esque estoy ocupada
[19:00:28] [Render thread/INFO]: [System] [CHAT] [][U] vicente » alguien regala un pico porfa me mori ase poco
[19:00:30] [Render thread/INFO]: [System] [CHAT] §6§l ➥ §6✉ (YO ▻ ElPishulaDeHueso) » cuanto es lo mas alto q puedes volar?
[19:00:30] [Render thread/INFO]: [System] [CHAT] [][U] Emip65t_Y » yo
[19:00:33] [Render thread/INFO]: [System] [CHAT] [][U] needlessgg » em
[19:00:34] [Render thread/INFO]: [System] [CHAT] -------------------[MINELATINO]-------------------
[19:00:34] [Render thread/INFO]: [System] [CHAT] [LATAM+] Naranjitia67 » ¡Que bien me queda el LATAM+!
[19:00:34] [Render thread/INFO]: [System] [CHAT]           Si te gusta como se ve, puedes comprarlo en
[19:00:34] [Render thread/INFO]: [System] [CHAT]                            www.minelatino.shop
[19:00:34] [Render thread/INFO]: [System] [CHAT] ------------------------[♥]-----------------------
[19:00:34] [Render thread/INFO]: [System] [CHAT] [][U] needlessgg » tizi
[19:00:35] [Render thread/INFO]: [System] [CHAT] [][IRON]｢!༻ᴊᴜʟɪᴇᴛᴀ༺!｣ SrPapa » aaaa ok
[19:00:36] [Render thread/INFO]: [System] [CHAT] [][U] Renzimancraft » 5
[19:00:37] [Render thread/INFO]: [System] [CHAT] [][U] EmyGaby » a donde fuiste?
[19:00:37] [Render thread/INFO]: [System] [CHAT] [][U] needlessgg » manda tp
[19:00:42] [Render thread/INFO]: [System] [CHAT] [][U] Naranjitia67 » XDD alabestia
[19:00:42] [Render thread/INFO]: [System] [CHAT] [JRAN][IRON][Luchador] .IsaacA0156 » baja gaby
[19:00:42] [Render thread/INFO]: [System] [CHAT] [][U][Luchador] Zarpas_ » hagamos todos team
[19:00:42] [Render thread/INFO]: [System] [CHAT]  MINELATINO » ¡KatStar78 se ha unido a nuestro aventura! Es el jugador (#370,906)
[19:00:42] [Render thread/INFO]: [System] [CHAT] KatStar78 ha conseguido el progreso [Mejorando herramientas]
[19:00:45] [Render thread/INFO]: [System] [CHAT] [][U] Shafiff5070 » porque me tapaz el camino
[19:00:47] [Render thread/INFO]: [System] [CHAT] needlessgg ha explotado por Creeper
[19:00:53] [Render thread/INFO]: [System] [CHAT] [JRAN][IRON][Luchador] .IsaacA0156 » abajo
[19:00:58] [Render thread/INFO]: [System] [CHAT] [JRAN][IRON][Luchador] .IsaacA0156 » mira mi nick
[19:01:03] [Render thread/INFO]: [System] [CHAT] [][U] vicente » alguien regala un pico porfa
[19:01:04] [Render thread/INFO]: [System] [CHAT] -----------------[TOP DONADORES]-----------------
[19:01:04] [Render thread/INFO]: [System] [CHAT]   dannyreyes | NotxCrazy_ | 40ms | TheWichzz | StayCrying
[19:01:04] [Render thread/INFO]: [System] [CHAT]  Guerrero6542 | jus44 | Azouw7u7 | Krash21z | MauricioARM
[19:01:04] [Render thread/INFO]: [System] [CHAT]       MaoCapo | Jixcode | Catalinaaajj | tiopalta | Alayn3z
[19:01:04] [Render thread/INFO]: [System] [CHAT]          Akqme__ | Pepitoelmanco22 | Showtime7 | V2Etsu
[19:01:04] [Render thread/INFO]: [System] [CHAT] ----------------------[14/21]----------------------
[19:01:06] [Render thread/INFO]: [System] [CHAT] marino se ha ahogado
[19:01:07] [Render thread/INFO]: [System] [CHAT] [][U] FRED_LOL » alguien para hacer equipo?
[19:01:08] [Render thread/INFO]: [System] [CHAT] [][U] DuendePochi » aseme tp gabx144
[19:01:09] [Render thread/INFO]: [System] [CHAT] [][U] Naranjitia67 » XDD
[19:01:13] [Render thread/INFO]: [System] [CHAT] ilovekanki se ha ahogado
[19:01:14] [Render thread/INFO]: [System] [CHAT] [][U] vicente » alguien regala un pico porfa me mori ase poco
[19:01:19] [Render thread/INFO]: [System] [CHAT] [][U][Luchador] Zarpas_ » aver
[19:01:21] [Render thread/INFO]: [System] [CHAT] [][U] Naranjitia67 » q alto XD
[19:01:28] [Render thread/INFO]: [System] [CHAT] tu_turrito ha sido víctima de Araña
[19:01:31] [Render thread/INFO]: [System] [CHAT] [JRAN][IRON][Luchador] .IsaacA0156 » nunca la termine
[19:01:33] [Render thread/INFO]: [System] [CHAT] [][U] DuendePochi » dale porfa
[19:01:34] [Render thread/INFO]: [System] [CHAT] -------------------[MINELATINO]-------------------
[19:01:34] [Render thread/INFO]: [System] [CHAT]                       discord.minelatino.com
[19:01:34] [Render thread/INFO]: [System] [CHAT]                ¡No te pierdas ninguna actualización!
[19:01:34] [Render thread/INFO]: [System] [CHAT] ------------------------[♥]-----------------------
[19:01:36] [Render thread/INFO]: [System] [CHAT] [JRAN][IRON][Luchador] .IsaacA0156 » no pense que haria falta
[19:01:38] [Render thread/INFO]: [System] [CHAT] [][U] argentinaxd » duendepochi estoy full skin
[19:01:39] [Render thread/INFO]: [System] [CHAT] \n [❌] ¡El usuario ElPishulaDeHueso ha sido baneado temporalmente!\n  ➥ (Pasa el mause para saber más)                                                                             \n \n
[19:01:39] [Render thread/INFO]: [System] [CHAT]  MINELATINO » ¡Saliendo de la zona de ElMariskoUwU!
[19:01:39] [Render thread/INFO]: [System] [CHAT]  MINELATINO » ¡Entrando a la zona de ElPishulaDeHueso!
[19:01:41] [Render thread/INFO]: [System] [CHAT] [🥇][ONLY][⚡] Soulzgg » GG
[19:01:42] [Render thread/INFO]: [System] [CHAT] [🥈][ANBU][U][GG] .FrancoTomRom » compro pico encantado y con toque de seda
[19:01:43] [Render thread/INFO]: [System] [CHAT] [][U] argentinaxd » gg
[19:01:44] [Render thread/INFO]: [System] [CHAT] [][U] Naranjitia67 » GG
[19:01:44] [Render thread/INFO]: [System] [CHAT] iTam_ara ha conseguido el progreso [Dulces sueños]
[19:01:45] [Render thread/INFO]: [System] [CHAT] [][U] matiaas42O » tenes comida
[19:01:46] [Render thread/INFO]: [System] [CHAT] [][U] Naranjitia67 » ajjaajaa
[19:01:46] [Render thread/INFO]: [System] [CHAT] [][LATAM][G][I][ ❆ .2025. ❆ ] BizzKun » a
[19:01:47] [Render thread/INFO]: [System] [CHAT] [Crew][DIAMOND][I][ ❆ .2025. ❆ ] pepemancraft123 » ala
[19:01:47] [Render thread/INFO]: [System] [CHAT] [][U] Naranjitia67 » X
[19:01:47] [Render thread/INFO]: [System] [CHAT] [][U] matiaas42O » q me des
[19:01:48] [Render thread/INFO]: [System] [CHAT] [][U] Naranjitia67 » D
[19:01:49] [Render thread/INFO]: [System] [CHAT] [][INFINITE]｢!༺˚ʚ❤ɞ˚༻!｣ Vladimir065 » gg
[19:01:50] [Render thread/WARN]: Received passengers for unknown entity
[19:01:54] [Render thread/INFO]: [System] [CHAT] [🥇][ONLY][⚡] Soulzgg » No aprende el tipo xd
[19:01:54] [Render thread/INFO]: [System] [CHAT] [][U] argentinaxd » duendepochi estoy full skin
[19:01:55] [Render thread/INFO]: [System] [CHAT] [][U][Luchador] Zarpas_ » gg por el ban
[19:01:56] [Render thread/INFO]: [System] [CHAT] [67][LATAM+][I] vSrDark04v » ♡ Qué hack usaba? ♡
[19:01:56] [Render thread/INFO]: [System] [CHAT] [][U][Luchador] i_TAPYO » te dije naranjita
[19:01:57] [Render thread/INFO]: [System] [CHAT] .LEODEER231212 ha sido víctima de Zombi
[19:01:57] [Render thread/INFO]: [System] [CHAT] Rosttova ha sido víctima de Zombi
[19:01:57] [Render thread/INFO]: [System] [CHAT] [][U] Saravia7 » vendo shulker de madera palida y cuarzo
[19:01:58] [Render thread/INFO]: [System] [CHAT] [67][LATAM+][I] vSrDark04v » ♡ Era del clan ♡
[19:01:58] [Render thread/WARN]: Received passengers for unknown entity
[19:02:01] [Render thread/INFO]: [System] [CHAT] Se han removido 1 entidades
[19:02:01] [Render thread/INFO]: [System] [CHAT] [Crew][DIAMOND][I][ ❆ .2025. ❆ ] pepemancraft123 » que hacks uso para banearo por 1 año?
[19:02:04] [Render thread/INFO]: [System] [CHAT] -----------------[TOP DONADORES]-----------------
[19:02:04] [Render thread/INFO]: [System] [CHAT]               Erjize | librasagi | MrPopeta | Elizabath
[19:02:04] [Render thread/INFO]: [System] [CHAT]      iHighBlume | Pescadete | ItsViani01 | bautistagturza_
[19:02:04] [Render thread/INFO]: [System] [CHAT]      _AfterChange | Lesther1504 | josesito24 | ySpintown
[19:02:04] [Render thread/INFO]: [System] [CHAT]        NFLD99 | TheKingNoob | MrBlaky | Elqueviveensan4
[19:02:04] [Render thread/INFO]: [System] [CHAT] -----------------------[1/21]----------------------
[19:02:05] [Render thread/INFO]: [System] [CHAT] [🥈][ANBU][U][GG] .FrancoTomRom » compro pico encantado
[19:02:07] [Render thread/INFO]: [System] [CHAT] [][U] Naranjitia67 » tengo home en su base XD quien quiere venir
[19:02:08] [Render thread/INFO]: [System] [CHAT] [Crew][DIAMOND][I][ ❆ .2025. ❆ ] pepemancraft123 » :O
[19:02:09] [Render thread/INFO]: [System] [CHAT] juanparedes987 ha conseguido el progreso [Cúbreme de diamantes]
[19:02:11] [Render thread/INFO]: [System] [CHAT] [][U][Luchador] i_TAPYO » fly y god mode
[19:02:13] [Render thread/INFO]: [System] [CHAT]  MINELATINO » BizzKun ha pedido teletransportarse hacia a ti
[19:02:13] [Render thread/INFO]: [System] [CHAT]  ✔ Escribe /tpaccept para aceptar el teletransporte.
[19:02:13] [Render thread/INFO]: [System] [CHAT]  ❌ Escribe /tpdeny, para denegar el teletransporte.
[19:02:13] [Render thread/INFO]: [System] [CHAT]  ⌚ La solicitud será cancelada en 120 segundos; no aceptes peticiones de desconocidos.
[19:02:16] [Render thread/INFO]: [System] [CHAT] [🥇][ONLY][⚡] Soulzgg » XD
[19:02:17] [Render thread/INFO]: [System] [CHAT] [][U][Luchador] i_TAPYO » me los hico a mi xd
[19:02:20] [Render thread/INFO]: [System] [CHAT] [][U] Naranjitia67 » Tengo home en la base del pishuladehueso
[19:02:20] [Render thread/INFO]: [System] [CHAT] [Crew][DIAMOND][I][ ❆ .2025. ❆ ] pepemancraft123 » xddd
[19:02:20] [Render thread/INFO]: [System] [CHAT] [][U] Shafiff5070 » pobre pishula
[19:02:21] [Render thread/INFO]: [System] [CHAT] [][U] Naranjitia67 » XD
[19:02:21] [Render thread/INFO]: [System] [CHAT] iTam_ara ha conseguido el progreso [La Edad de Hierro]
[19:02:23] [Render thread/INFO]: [System] [CHAT] Teleport request from i_TAPYO has timed out.
[19:02:23] [Render thread/INFO]: [System] [CHAT] Teleport request from argentinaxd has timed out.
[19:02:23] [Render thread/INFO]: [System] [CHAT]  MINELATINO » Petición de teletransporte aceptada.
[19:02:25] [Render thread/INFO]: [System] [CHAT] [][U][Luchador] manu_ez » hizo*
[19:02:28] [Render thread/INFO]: [System] [CHAT]  MINELATINO » ¡Saliendo de la zona de ElPishulaDeHueso!
[19:02:29] [Render thread/INFO]: [System] [CHAT]  MINELATINO » ¡Entrando a la zona de SainkzMC!
[19:02:29] [Render thread/INFO]: [System] [CHAT] [][U] DuendePochi » dale aseme tp
[19:02:30] [Render thread/INFO]: [System] [CHAT] Paluko ha conseguido el progreso [La Edad de Piedra]
[19:02:30] [Render thread/INFO]: [System] [CHAT]  MINELATINO » ¡Saliendo de la zona de SainkzMC!
[19:02:30] [Render thread/INFO]: [System] [CHAT]  MINELATINO » ¡Entrando a la zona de ElPishulaDeHueso!
[19:02:32] [Render thread/WARN]: Received passengers for unknown entity
[19:02:34] [Render thread/INFO]: [System] [CHAT] -------------------[MINELATINO]-------------------
[19:02:34] [Render thread/INFO]: [System] [CHAT]      ¿Quieres saber los beneficios de los rangos?
[19:02:34] [Render thread/INFO]: [System] [CHAT]       entonces usa el comando /beneficios para saberlo
[19:02:34] [Render thread/INFO]: [System] [CHAT] ------------------------[♥]-----------------------
[19:02:37] [Render thread/INFO]: [System] [CHAT] [][U][Luchador] i_TAPYO » naranjita viste que si usaba cheats
[19:02:39] [Render thread/INFO]: [System] [CHAT]  MINELATINO » ¡Saliendo de la zona de ElPishulaDeHueso!
[19:02:39] [Render thread/INFO]: [System] [CHAT]  MINELATINO » ¡Entrando a la zona de Guillermo_Felix!
[19:02:39] [Render thread/INFO]: [System] [CHAT] Paluko ha sido víctima de Zombi
[19:02:40] [Render thread/INFO]: [System] [CHAT] [][U][Luchador] i_TAPYO » xd
[19:02:42] [Render thread/INFO]: [System] [CHAT] [][U] matiaas42O » juan
[19:02:45] [Render thread/INFO]: [System] [CHAT] [][U] matiaas42O » tenes cmida
[19:02:46] [Render thread/INFO]: [System] [CHAT] §6§l ➥ §6✉ (YO ▻ i_TAPYO) » lo traicione XD
[19:02:48] [Render thread/INFO]: [System] [CHAT]  MINELATINO » ¡Saliendo de la zona de Guillermo_Felix!
[19:02:53] [Render thread/INFO]: [System] [CHAT] .LEODEER231212 ha sido víctima de Aldeano zombi
[19:02:53] [Render thread/INFO]: [System] [CHAT] [BoSS][⚡] KasaneTeto_ » Volvio la leyenda
[19:02:54] [Render thread/INFO]: [System] [CHAT] [][U] Naranjitia67 » yo lo vendi i_TAPYO xD le dije a un staff que venga
[19:02:54] [Render thread/INFO]: [System] [CHAT] §6§l ➥ §6✉ (i_TAPYO ▻ YO) » jajaj
[19:02:56] [Render thread/INFO]: [System] [CHAT] [][U] Emip65t_Y » busco team
[19:02:57] [Render thread/INFO]: [System] [CHAT] [BoSS][⚡] KasaneTeto_ » Dea
[19:02:58] [Render thread/INFO]: [System] [CHAT] [][U] Naranjitia67 » y le dije q vuela XD
[19:03:00] [Render thread/INFO]: [System] [CHAT] [][U][Luchador] i_TAPYO » xd
[19:03:00] [Render thread/INFO]: [System] [CHAT] [BoSS][⚡] KasaneTeto_ » Soul
[19:03:04] [Render thread/INFO]: [System] [CHAT] [BoSS][⚡] KasaneTeto_ » Animal ve a dc
[19:03:04] [Render thread/INFO]: [System] [CHAT] -----------------[TOP DONADORES]-----------------
[19:03:04] [Render thread/INFO]: [System] [CHAT]         TheKillerV2 | Peely_21 | WhoIsFeer | jsebasgr21
[19:03:04] [Render thread/INFO]: [System] [CHAT]          vaca78 | doriano | JulianEhud0909 | Makarov_L
[19:03:04] [Render thread/INFO]: [System] [CHAT]              Fajardex | Pr1me | diatomics | LayonSbR
[19:03:04] [Render thread/INFO]: [System] [CHAT]         Rendo_ | Alex_One23 | Pedroga2002 | byelgamer
[19:03:04] [Render thread/INFO]: [System] [CHAT] -----------------------[4/21]----------------------
[19:03:08] [Render thread/INFO]: [System] [CHAT] [🥇][ONLY]｢⚡｣｢☠ . ʙᴏᴏ . ☠｣ Robinv » ola fofi
[19:03:15] [Render thread/INFO]: [System] [CHAT] [BoSS][⚡] KasaneTeto_ » Robin
[19:03:18] [Render thread/INFO]: [System] [CHAT] [][U] veelt » .IsaacA0156
[19:03:19] [Render thread/INFO]: [System] [CHAT] [JRAN][IRON][Luchador] .IsaacA0156 » ...
[19:03:21] [Render thread/INFO]: [System] [CHAT] [][U] veelt » EmyGaby
[19:03:21] [Render thread/INFO]: [System] [CHAT] [][U] DeMon_pp » pera
[19:03:22] [Render thread/INFO]: [System] [CHAT] [JRAN][IRON][Luchador] .IsaacA0156 » que haces
[19:03:22] [Render thread/INFO]: [System] [CHAT] [BoSS][⚡] KasaneTeto_ » Ve a dc
[19:03:22] [Render thread/INFO]: [System] [CHAT] [][U][Luchador] i_TAPYO » naranja team?
[19:03:23] [Render thread/INFO]: [System] [CHAT] [][U] DeMon_pp » oeoe
[19:03:23] [Render thread/INFO]: [System] [CHAT] [BoSS][⚡] KasaneTeto_ » :D
[19:03:23] [Render thread/INFO]: [System] [CHAT] [][U] veelt » como estan amigos
[19:03:25] [Render thread/INFO]: [System] [CHAT] [][U] Shafiff5070 » donde guardo las vallas rojas
[19:03:28] [Render thread/INFO]: [System] [CHAT] [🥇][ONLY]｢⚡｣｢☠ . ʙᴏᴏ . ☠｣ Robinv » aberr
[19:03:29] [Render thread/INFO]: [System] [CHAT] .LEODEER231212 ha sido víctima de Aldeano zombi
[19:03:31] [Render thread/INFO]: [System] [CHAT] [][U] KatStar78 » ay
[19:03:32] [Render thread/INFO]: [System] [CHAT] [][U] DeMon_pp » no te escucho
[19:03:34] [Render thread/INFO]: [System] [CHAT] -------------------[MINELATINO]-------------------
[19:03:34] [Render thread/INFO]: [System] [CHAT]                ¡250.000 sanciones realizadas!
[19:03:34] [Render thread/INFO]: [System] [CHAT]               así que, por favor, no uses hacks =(
[19:03:34] [Render thread/INFO]: [System] [CHAT] ------------------------[♥]-----------------------
[19:03:34] [Render thread/INFO]: [System] [CHAT] [][U][Luchador] Lui2BleP » t
[19:03:39] [Render thread/INFO]: [System] [CHAT] [][U] DuendePochi » dale aseme tp
[19:03:39] [Render thread/INFO]: [System] [CHAT] [][U] tu_turrito » me regalas algo
[19:03:42] [Render thread/INFO]: [System] [CHAT] [JRAN][IRON][Luchador] .IsaacA0156 » ._.
[19:03:43] [Render thread/INFO]: [System] [CHAT] [🥇][ONLY]｢⚡｣👑i[ＳＰＬ]i👑 vSpelixJpv » wenas
[19:03:45] [Render thread/INFO]: [System] [CHAT] [][U] argentinaxd » alguien me vende un pico nederite full encants sin toque de seda?
[19:03:48] [Render thread/INFO]: [System] [CHAT] [][U]｢ᴄᴜᴘɪᴅᴏ｣ JoycieH » no tienes el mod activado
[19:03:49] [Render thread/INFO]: [System] [CHAT] [JRAN][IRON][Luchador] .IsaacA0156 » gaby que hace
[19:03:51] [Render thread/INFO]: [System] [CHAT] Rosttova ha conseguido el progreso [La Edad de Piedra]
[19:03:55] [Render thread/INFO]: [System] [CHAT] matiaas42O ha conseguido el progreso [¡Diamantes!]
[19:03:55] [Render thread/INFO]: [System] [CHAT] [][U] DeMon_pp » ahi te llamo
[19:03:56] [Render thread/INFO]: [System] [CHAT] [][U]｢ᴄᴜᴘɪᴅᴏ｣ JoycieH » se te movio creo
[19:03:58] [Render thread/INFO]: [System] [CHAT] tu_turrito ha caído desde muy alto
[19:04:01] [Render thread/INFO]: [System] [CHAT] [][U] veelt » isaac
[19:04:04] [Render thread/INFO]: [System] [CHAT] -----------------[TOP DONADORES]-----------------
[19:04:04] [Render thread/INFO]: [System] [CHAT]   Lenynzukich | MoonLight_Haze | Cristanshit | BlackreaperX
[19:04:04] [Render thread/INFO]: [System] [CHAT]     ZPARKY_369 | Un_usuario_raro | Pereiira23 | Pineas21
[19:04:04] [Render thread/INFO]: [System] [CHAT]          Gerard0w0 | Eldarkosu | lapizlazul | ItzSunshain
[19:04:04] [Render thread/INFO]: [System] [CHAT]         Alexco7 | Lilthum | Ben_la_Foca | Ichigo7uu7xdalv
[19:04:04] [Render thread/INFO]: [System] [CHAT] -----------------------[3/21]----------------------
[19:04:04] [Render thread/INFO]: [System] [CHAT] [][U] veelt » amigo
[19:04:07] [Render thread/INFO]: [System] [CHAT] [][U] veelt » te quiero mucho
[19:04:12] [Render thread/INFO]: [System] [CHAT] [BoSS][⚡] KasaneTeto_ » SPELIX?
[19:04:12] [Render thread/INFO]: [System] [CHAT] [JRAN][IRON][Luchador] .IsaacA0156 » me dejas probar algo contigo y la jaula?
[19:04:15] [Render thread/INFO]: [System] [CHAT] [Crew][DIAMOND][I][ ❆ .2025. ❆ ] pepemancraft123 » como puedo ver las hitbox de los mobs?
[19:04:15] [Render thread/INFO]: [System] [CHAT] [🥇][ONLY]｢⚡｣👑i[ＳＰＬ]i👑 vSpelixJpv » yes
[19:04:16] [Render thread/INFO]: Loaded 731 advancements
[19:04:17] [Render thread/INFO]: [System] [CHAT] [JRAN][IRON][Luchador] .IsaacA0156 » no te voy a matar
[19:04:18] [Render thread/INFO]: [System] [CHAT] KatStar78 ha conseguido el progreso [Vístete]
[19:04:19] [Render thread/INFO]: [System] [CHAT] [BoSS][⚡] KasaneTeto_ » :DDDDD
[19:04:21] [Render thread/INFO]: Loaded 731 advancements
[19:04:21] [Render thread/INFO]: [System] [CHAT] [][U] DuendePochi » dundepochi hola
[19:04:23] [Render thread/INFO]: [System] [CHAT] [][U][Luchador] i_TAPYO » alguien me vende 3 lagrimas de ghast?????
[19:04:24] [Render thread/INFO]: [System] [CHAT] [🥇][ONLY]｢⚡｣👑i[ＳＰＬ]i👑 vSpelixJpv » :D
[19:04:24] [Render thread/INFO]: [System] [CHAT]  MINELATINO » ¡Entrando a la zona de XCaliptoX!
[19:04:24] [Render thread/INFO]: [System] [CHAT] [BoSS][⚡] KasaneTeto_ » Spelix volvisteeeeeee
[19:04:24] [Render thread/INFO]: [System] [CHAT] [][U] ianzaballaYETS2 » busoc amigos para jugar juntos
[19:04:26] [Render thread/INFO]: [System] [CHAT] [][U][Luchador] i_TAPYO » alguien me vende 3 lagrimas de ghast?????
[19:04:28] [Render thread/INFO]: [System] [CHAT] [🥇][ONLY]｢⚡｣｢☠ . ʙᴏᴏ . ☠｣ Robinv » el spelix :3
[19:04:28] [Render thread/INFO]: [System] [CHAT] [🥇][ONLY]｢⚡｣👑i[ＳＰＬ]i👑 vSpelixJpv » como les a ido?
[19:04:30] [Render thread/INFO]: [System] [CHAT] [🥇][ONLY]｢⚡｣👑i[ＳＰＬ]i👑 vSpelixJpv » si xD
[19:04:33] [Render thread/INFO]: [System] [CHAT] XxFurritoCR ha conseguido el progreso [¡Diamantes!]
[19:04:34] [Render thread/INFO]: [System] [CHAT] -------------------[MINELATINO]-------------------
[19:04:34] [Render thread/INFO]: [System] [CHAT]       ¿Hackers, jugadores tóxicos o problemas?
[19:04:34] [Render thread/INFO]: [System] [CHAT]      usa /report y el staff de turno entrará en acción
[19:04:34] [Render thread/INFO]: [System] [CHAT] ------------------------[♥]-----------------------
[19:04:34] [Render thread/INFO]: [System] [CHAT] [🥇][ONLY]｢⚡｣👑i[ＳＰＬ]i👑 vSpelixJpv » hola robin
[19:04:41] [Render thread/INFO]: [System] [CHAT] [Crew][DIAMOND][I][ ❆ .2025. ❆ ] pepemancraft123 » como puedo ver las hitbox de los mobs? alguien sabe?
[19:04:44] [Render thread/INFO]: [System] [CHAT] [🥇][ONLY]｢⚡｣｢☠ . ʙᴏᴏ . ☠｣ Robinv » como andas mi compa de verde? :3
[19:04:46] [Render thread/INFO]: [System] [CHAT] [][U][Luchador] i_TAPYO » naranjita
[19:04:48] [Render thread/INFO]: [System] [CHAT] [JRAN][IRON][Luchador] .IsaacA0156 » ponte adentro
[19:04:48] [Render thread/INFO]: [System] [CHAT] [ONL1][LATAM+][G][I]⌞⛧ |☠| ⛧⌝ _ZeninNaoya_ » f3+b
[19:04:49] [Render thread/INFO]: [System] [CHAT] [🥇][ONLY]｢⚡｣👑i[ＳＰＬ]i👑 vSpelixJpv » bien
[19:04:53] [Render thread/INFO]: [System] [CHAT] [🥇][ONLY]｢⚡｣👑i[ＳＰＬ]i👑 vSpelixJpv » y tu compa?
[19:04:56] [Render thread/INFO]: [System] [CHAT] [🥇][ONLY]｢⚡｣👑i[ＳＰＬ]i👑 vSpelixJpv » y fofix
[19:04:56] [Render thread/INFO]: [System] [CHAT] KatStar78 ha conseguido el progreso [La Edad de Piedra]
[19:04:56] [Render thread/INFO]: [System] [CHAT] [Crew][DIAMOND][I][ ❆ .2025. ❆ ] pepemancraft123 » gracias 841Kh1985 <3
[19:04:57] [Render thread/INFO]: [System] [CHAT] [][U][Luchador] i_TAPYO » tpa a mi
[19:04:58] [Render thread/INFO]: [System] [CHAT] [][U] ajidehuevo23 » pera
[19:04:59] [Render thread/INFO]: [System] [CHAT] [BoSS][⚡] KasaneTeto_ » Spelix volviste we
[19:05:00] [Render thread/INFO]: [System] [CHAT] [🥇][ONLY]｢⚡｣｢☠ . ʙᴏᴏ . ☠｣ Robinv » todo bien uwu
[19:05:00] [Render thread/INFO]: [System] [CHAT] [][U][Luchador] i_TAPYO » negociemos
[19:05:01] [Render thread/INFO]: [System] [CHAT] 777dogui777 ha conseguido el progreso [Dulces sueños]
[19:05:03] [Render thread/INFO]: [System] [CHAT] [🥇][ONLY]｢⚡｣👑i[ＳＰＬ]i👑 vSpelixJpv » uwu
[19:05:04] [Render thread/INFO]: [System] [CHAT] -----------------[TOP DONADORES]-----------------
[19:05:04] [Render thread/INFO]: [System] [CHAT]     N1d3a | cerdoycerda | MirandaGZ | sanemi_g2 | Asffer
[19:05:04] [Render thread/INFO]: [System] [CHAT]            ESCANOR243 | sedammvi | SoyOsqui | Naokki_
[19:05:04] [Render thread/INFO]: [System] [CHAT] IsMackBroh | MiDDaY_ch | ExTemporeIV | AshZarok | PazParaMi
[19:05:04] [Render thread/INFO]: [System] [CHAT]         DontHaveTime | phoenix_star | DamyanElBarbaro
[19:05:04] [Render thread/INFO]: [System] [CHAT] ----------------------[10/21]----------------------
[19:05:04] [Render thread/INFO]: [System] [CHAT] [][U] 777dogui777 » e
[19:05:05] [Render thread/INFO]: [System] [CHAT] [🥇][ONLY]｢⚡｣👑i[ＳＰＬ]i👑 vSpelixJpv » que bien
[19:05:08] [Render thread/INFO]: [System] [CHAT] [🥇][ONLY]｢⚡｣👑i[ＳＰＬ]i👑 vSpelixJpv » si volvi fofix
[19:05:22] [Render thread/INFO]: [System] [CHAT] [JRAN][IRON][Luchador] .IsaacA0156 » no no se puede
[19:05:26] [Render thread/INFO]: [System] [CHAT] [🥇][ONLY][⚡] Soulzgg » SPELIX
[19:05:26] [Render thread/INFO]: [System] [CHAT]  MINELATINO » ¡Saliendo de la zona de XCaliptoX!
[19:05:29] [Render thread/INFO]: [System] [CHAT] [🥇][ONLY][⚡] Soulzgg » Holaa
[19:05:32] [Render thread/INFO]: [System] [CHAT] [BoSS][⚡] KasaneTeto_ » Acepte spelix
[19:05:33] [Render thread/INFO]: [System] [CHAT] [][U] FRED_LOL » alguien necesita chambeador
[19:05:33] [Render thread/INFO]: [System] [CHAT] [🥇][ONLY]｢⚡｣👑i[ＳＰＬ]i👑 vSpelixJpv » holaa soul
[19:05:34] [Render thread/INFO]: [System] [CHAT] [][U] argentinaxd » por q me mataste xd
[19:05:34] [Render thread/INFO]: [System] [CHAT] -------------------[MINELATINO]-------------------
[19:05:34] [Render thread/INFO]: [System] [CHAT]                         www.minelatino.shop
[19:05:34] [Render thread/INFO]: [System] [CHAT] para ser un TOP DONADOR, debes donar más de 100 USD
[19:05:34] [Render thread/INFO]: [System] [CHAT] ------------------------[♥]-----------------------
[19:05:37] [Render thread/INFO]: [System] [CHAT] §6§l ➥ §6✉ (YO ▻ i_TAPYO) » me ayudas
[19:05:38] [Render thread/INFO]: [System] [CHAT] [🥇][ONLY][⚡] Soulzgg » Tanto tiempo
[19:05:39] [Render thread/INFO]: [System] [CHAT] [][U][Luchador] i_TAPYO » no fui yo
[19:05:42] [Render thread/INFO]: [System] [CHAT] [🥇][ONLY]｢⚡｣👑i[ＳＰＬ]i👑 vSpelixJpv » sip
[19:05:48] [Render thread/INFO]: [System] [CHAT] [][U] argentinaxd » fue el chiter?
[19:05:49] [Render thread/INFO]: [System] [CHAT] [🥇][ONLY]｢⚡｣👑i[ＳＰＬ]i👑 vSpelixJpv » soul tu eras el que vi la vez pasada que entre?
[19:05:51] [Render thread/INFO]: [System] [CHAT]  MINELATINO » ¡Has vendido un objeto en /ah!
[19:05:51] [Render thread/INFO]: [System] [CHAT]  ➥ Objeto: SHULKER_BOX
[19:05:51] [Render thread/INFO]: [System] [CHAT]  ➥ Precio: $20,000.00
[19:05:52] [Render thread/INFO]: [System] [CHAT] §6§l ➥ §6✉ (i_TAPYO ▻ YO) » aq
[19:05:54] [Render thread/INFO]: [System] [CHAT] §6§l ➥ §6✉ (YO ▻ i_TAPYO) » tp
[19:05:56] [Render thread/INFO]: [System] [CHAT] [][U][Luchador] i_TAPYO » si
[19:05:56] [Render thread/INFO]: [System] [CHAT] [🥇][ONLY][⚡] Soulzgg » Sii
[19:05:56] [Render thread/INFO]: [System] [CHAT] [🥇][ONLY]｢⚡｣👑i[ＳＰＬ]i👑 vSpelixJpv » voy fofix
[19:06:01] [Render thread/INFO]: [System] [CHAT] [][U] matiaas42O » no me das comiida
[19:06:03] [Render thread/INFO]: [System] [CHAT] [][U] matiaas42O » xfa
[19:06:04] [Render thread/INFO]: [System] [CHAT] [][U] argentinaxd » malai soy re pobre :C
[19:06:04] [Render thread/INFO]: [System] [CHAT] -----------------[TOP DONADORES]-----------------
[19:06:04] [Render thread/INFO]: [System] [CHAT]           guillepc | XxkronosMK | JuanDaa08 | Luis_nwn
[19:06:04] [Render thread/INFO]: [System] [CHAT]      blithe_kitsune | SoulsWin | Aranyx | OscarSilva011120
[19:06:04] [Render thread/INFO]: [System] [CHAT]          IrvinML7 | Maquino198 | Sofphire | Omega_Dream
[19:06:04] [Render thread/INFO]: [System] [CHAT]    KONANmyi | Kiuminnu | Srfrox | Soltador | FaithfulPanda48
[19:06:04] [Render thread/INFO]: [System] [CHAT] ----------------------[15/21]----------------------
[19:06:05] [Render thread/INFO]: [System] [CHAT] §6§l ➥ §6✉ (YO ▻ i_TAPYO) » te puedes quedar aqui un poco
[19:06:06] [Render thread/INFO]: [System] [CHAT] [🥇][ONLY]｢⚡｣👑i[ＳＰＬ]i👑 vSpelixJpv » aaa sii , me acuerdo de ti bro
[19:06:12] [Render thread/INFO]: [System] [CHAT] vicente ha sido víctima de Enderman
[19:06:13] [Render thread/INFO]: [System] [CHAT] [][U] DuendePochi » hola fran
[19:06:15] [Render thread/INFO]: [System] [CHAT] [BoSS][⚡] KasaneTeto_ » Volviste we
[19:06:19] [Render thread/INFO]: [System] [CHAT] [🥇][ONLY]｢⚡｣👑i[ＳＰＬ]i👑 vSpelixJpv » zi
[19:06:21] [Render thread/INFO]: [System] [CHAT] [🥇][ONLY][⚡] Soulzgg » Sii Spelix
[19:06:21] [Render thread/INFO]: [System] [CHAT]  MINELATINO » i_TAPYO ha pedido teletransportarse hacia a ti
[19:06:21] [Render thread/INFO]: [System] [CHAT]  ✔ Escribe /tpaccept para aceptar el teletransporte.
[19:06:21] [Render thread/INFO]: [System] [CHAT]  ❌ Escribe /tpdeny, para denegar el teletransporte.
[19:06:21] [Render thread/INFO]: [System] [CHAT]  ⌚ La solicitud será cancelada en 120 segundos; no aceptes peticiones de desconocidos.
[19:06:22] [Render thread/INFO]: [System] [CHAT] [BoSS][⚡] KasaneTeto_ » Viste mis horas?
[19:06:23] [Render thread/INFO]: [System] [CHAT]  MINELATINO » Petición de teletransporte aceptada.
[19:06:27] [Render thread/INFO]: [System] [CHAT] [🥇][ONLY]｢⚡｣👑i[ＳＰＬ]i👑 vSpelixJpv » deja las veo
[19:06:30] [Render thread/INFO]: [System] [CHAT] §6§l ➥ §6✉ (YO ▻ i_TAPYO) » esperame hay
[19:06:31] [Render thread/INFO]: [System] [CHAT] [BoSS][⚡] KasaneTeto_ » Por todo ese tiempo te fuiste
[19:06:32] [Render thread/INFO]: [System] [CHAT] [BoSS][⚡] KasaneTeto_ » XDDD
[19:06:33] [Render thread/INFO]: [System] [CHAT]  MINELATINO » Empezando teletransporte en 3 segundos
[19:06:34] [Render thread/INFO]: [System] [CHAT] [🥇][ONLY]｢⚡｣👑i[ＳＰＬ]i👑 vSpelixJpv » 1070 XD
[19:06:34] [Render thread/INFO]: [System] [CHAT]  MINELATINO » Empezando teletransporte en 2 segundos
[19:06:34] [Render thread/INFO]: [System] [CHAT] -------------------[MINELATINO]-------------------
[19:06:34] [Render thread/INFO]: [System] [CHAT]     ¡Vota por el servidor y serás recompensado!
[19:06:34] [Render thread/INFO]: [System] [CHAT]             para votar, solamente debes usar /vote
[19:06:34] [Render thread/INFO]: [System] [CHAT] ------------------------[♥]-----------------------
[19:06:35] [Render thread/INFO]: [System] [CHAT]  MINELATINO » Empezando teletransporte en 1 segundo
[19:06:36] [Render thread/INFO]: [System] [CHAT] Entrando a la zona de zamahel
[19:06:36] [Render thread/INFO]: Starting [1] Placement Manager Daemon threads
[19:06:36] [Render thread/INFO]: [System] [CHAT] You have been teleported
[19:06:36] [Render thread/INFO]: [System] [CHAT] §6§l ➥ §6✉ (YO ▻ i_TAPYO) » voy por una prote
[19:06:36] [Render thread/INFO]: [System] [CHAT] Rodimus_Prime ha muerto por un flechazo de Saqueador
[19:06:42] [Render thread/INFO]: [System] [CHAT]  MINELATINO » Empezando teletransporte en 3 segundos
[19:06:43] [Render thread/INFO]: [System] [CHAT]  MINELATINO » Empezando teletransporte en 2 segundos
[19:06:44] [Render thread/INFO]: [System] [CHAT]  MINELATINO » Empezando teletransporte en 1 segundo
[19:06:44] [Render thread/INFO]: [System] [CHAT] Saliendo de la zona de zamahel
[19:06:44] [Render thread/INFO]: [System] [CHAT] Entrando a la zona de Tanjiro2016
[19:06:45] [Render thread/INFO]: [System] [CHAT] You have been teleported
[19:06:46] [Render thread/INFO]: [System] [CHAT] [🥇][ONLY]｢⚡｣👑i[ＳＰＬ]i👑 vSpelixJpv » yo tengo 588 desde hace como 7 meses
[19:06:49] [Render thread/INFO]: [System] [CHAT]  MINELATINO » Empezando teletransporte en 3 segundos
[19:06:49] [Render thread/INFO]: [System] [CHAT] [🥇][ONLY][⚡] Soulzgg » ALA
[19:06:50] [Render thread/INFO]: [System] [CHAT] [🥇][ONLY]｢⚡｣👑i[ＳＰＬ]i👑 vSpelixJpv » si soulsito :D
[19:06:50] [Render thread/INFO]: [System] [CHAT]  MINELATINO » Empezando teletransporte en 2 segundos
[19:06:51] [Render thread/INFO]: [System] [CHAT] §6§l ➥ §6✉ (i_TAPYO ▻ YO) » ok
[19:06:51] [Render thread/INFO]: [System] [CHAT]  MINELATINO » Empezando teletransporte en 1 segundo
[19:06:51] [Render thread/INFO]: [System] [CHAT] [🥇][ONLY][⚡] Soulzgg » ajjaja
[19:06:52] [Render thread/INFO]: [System] [CHAT] Saliendo de la zona de Tanjiro2016
[19:06:52] [Render thread/INFO]: [System] [CHAT]  MINELATINO » ¡Entrando a la zona de XxHibekixX!
[19:06:52] [Render thread/INFO]: [System] [CHAT] You have been teleported
[19:06:53] [Render thread/INFO]: [System] [CHAT] [🥇][ONLY][⚡] Soulzgg » ;3
[19:06:54] [Render thread/INFO]: [System] [CHAT] [BoSS][⚡] KasaneTeto_ » Q haces casado con memo AJAKKJA
[19:07:02] [Render thread/INFO]: [System] [CHAT] [BoSS][⚡] KasaneTeto_ » Aparte de eso
[19:07:04] [Render thread/INFO]: [System] [CHAT] -----------------[TOP DONADORES]-----------------
[19:07:04] [Render thread/INFO]: [System] [CHAT]     uScoret | Joker_420 | jorge650 | marco724 | hanry22
[19:07:04] [Render thread/INFO]: [System] [CHAT]       Stan_F77 | M4TTyAlz | ANTRONIXGAMER12 | LuciMoon_
[19:07:04] [Render thread/INFO]: [System] [CHAT]      xlVermeil | 1v4nch0 | Aldegraft | MysticEdy | AmirSb21
[19:07:04] [Render thread/INFO]: [System] [CHAT]        Gohan2305 | Rave_Dxrk | FrancoGlz | MacGregory_
[19:07:04] [Render thread/INFO]: [System] [CHAT] ----------------------[11/21]----------------------
[19:07:06] [Render thread/INFO]: [System] [CHAT]  MINELATINO » ¡Se han divorciado KasaneTeto_ y SIROSSJ!
[19:07:06] [Render thread/INFO]: Loaded 732 advancements
[19:07:10] [Render thread/INFO]: [System] [CHAT] [BoSS][⚡] KasaneTeto_ » :p
[19:07:10] [Render thread/INFO]: [System] [CHAT]  MINELATINO » ✔ Teletransportando a la protección ps-20464x7y-12671z en 3 segundos, no te muevas.
[19:07:10] [Render thread/INFO]: [System] [CHAT] [][U][Luchador] Zarpas_ » D:
[19:07:11] [Render thread/INFO]: [System] [CHAT] [🥇][ONLY]｢⚡｣👑i[ＳＰＬ]i👑 vSpelixJpv » xDxDXxDxd
[19:07:13] [Render thread/INFO]: [System] [CHAT]  MINELATINO » ¡Saliendo de la zona de XxHibekixX!
[19:07:13] [Render thread/INFO]: [System] [CHAT]  MINELATINO » ¡Entrando a la zona de Naranjitia67!
[19:07:13] [Render thread/INFO]: Starting [1] Placement Manager Daemon threads
[19:07:13] [Render thread/INFO]: [System] [CHAT]  MINELATINO » ✔ Teletransportado a la protección ps-20464x7y-12671z
[19:07:16] [Render thread/INFO]: [System] [CHAT] [🥇][ONLY]｢⚡｣｢☠ . ʙᴏᴏ . ☠｣ Robinv » fg
[19:07:16] [Render thread/INFO]: [System] [CHAT] [JRAN][IRON][Luchador] daxxel_2711 » xd
[19:07:20] [Render thread/INFO]: [System] [CHAT]  MINELATINO » ¡Esta zona ahora NO está protegida!
[19:07:20] [Render thread/INFO]: [System] [CHAT]  MINELATINO » ¡Saliendo de la zona de Naranjitia67!
[19:07:22] [Render thread/INFO]: [System] [CHAT] [JRAN][IRON][Luchador] .IsaacA0156 » ..
[19:07:26] [Render thread/INFO]: [System] [CHAT] [JRAN][IRON][Luchador] .IsaacA0156 » no vino XD
[19:07:27] [Render thread/INFO]: [System] [CHAT] [][U] ianzaballaYETS2 » busco gente con quien jugar
[19:07:33] [Render thread/INFO]: [System] [CHAT]  MINELATINO » ¡Esta zona ahora SI está protegida! Recuerda que puedes volver acá usando /ps home y también puedes ver toda la información de tu protección con /ps info.
[19:07:33] [Render thread/INFO]: [System] [CHAT]  MINELATINO » ¡Entrando a la zona de Naranjitia67!
[19:07:34] [Render thread/INFO]: [System] [CHAT] -------------------[MINELATINO]-------------------
[19:07:34] [Render thread/INFO]: [System] [CHAT]        ¿Quieres ser staff y ayudar a MineLatino?
[19:07:34] [Render thread/INFO]: [System] [CHAT]          entonces puedes ingresar al siguiente enlace:
[19:07:34] [Render thread/INFO]: [System] [CHAT]                     minelatino.com/postulaciones/
[19:07:34] [Render thread/INFO]: [System] [CHAT]          para saber los pasos a seguir para ser staff
[19:07:34] [Render thread/INFO]: [System] [CHAT] ------------------------[♥]-----------------------
[19:07:36] [Render thread/INFO]: [System] [CHAT] [][U] Rodimus_Prime » XD
[19:07:39] [Render thread/INFO]: [System] [CHAT]  MINELATINO » ¡Saliendo de la zona de Naranjitia67!
[19:07:41] [Render thread/INFO]: [System] [CHAT]  MINELATINO » ¡Entrando a la zona de Naranjitia67!
[19:07:44] [Render thread/INFO]: [System] [CHAT]  MINELATINO » ¡Saliendo de la zona de Naranjitia67!
[19:07:47] [Render thread/INFO]: [System] [CHAT] [][U][Luchador] ANDREW_MADNESS » regalenme dinero
[19:07:48] [Render thread/INFO]: [System] [CHAT]  MINELATINO » ¡Entrando a la zona de Naranjitia67!
[19:07:49] [Render thread/INFO]: [System] [CHAT]  MINELATINO » ¡Saliendo de la zona de Naranjitia67!
[19:07:50] [Render thread/INFO]: [System] [CHAT] _Azxzel_ ha conseguido el progreso [Mejores amigos para siempre]
[19:07:50] [Render thread/INFO]: [System] [CHAT] [ONL1][LATAM+][G][I]⌞⛧ |☠| ⛧⌝ _ZeninNaoya_ » No
[19:07:52] [Render thread/INFO]: [System] [CHAT] [JRAN][IRON][Luchador] .IsaacA0156 » veelt que pasa?
[19:07:57] [Render thread/INFO]: [System] [CHAT] [JRAN][IRON][Luchador] .IsaacA0156 » pa qke tp
[19:07:57] [Render thread/INFO]: [System] [CHAT] [][U][Luchador] ANDREW_MADNESS » necesito plata
[19:08:00] [Render thread/INFO]: [System] [CHAT]  MINELATINO » ¡No estás en una protección!
[19:08:02] [Render thread/INFO]: [System] [CHAT]  MINELATINO » ¡Entrando a la zona de Naranjitia67!
[19:08:04] [Render thread/INFO]: [System] [CHAT] [JRAN][IRON][Luchador] .IsaacA0156 » manda
[19:08:04] [Render thread/INFO]: [System] [CHAT] -----------------[TOP DONADORES]-----------------
[19:08:04] [Render thread/INFO]: [System] [CHAT]       XxmicheloxX655 | LCAMluis | SofiaOuO | Blumennkranz
[19:08:04] [Render thread/INFO]: [System] [CHAT]          Luluun_ | xDMNTx | Benjax_master | AgusDroid
[19:08:04] [Render thread/INFO]: [System] [CHAT]       MotoZierra0009 | RichKillers | K4miJou | JuanAnimeYT
[19:08:04] [Render thread/INFO]: [System] [CHAT]         UnknownZero | Hirumast | Beth27 | xBadMistakex
[19:08:04] [Render thread/INFO]: [System] [CHAT] -----------------------[6/21]----------------------
[19:08:05] [Render thread/INFO]: [System] [CHAT]  MINELATINO » ¡Esta zona ahora NO está protegida!
[19:08:05] [Render thread/INFO]: [System] [CHAT]  MINELATINO » ¡Saliendo de la zona de Naranjitia67!
[19:08:14] [Render thread/INFO]: [System] [CHAT] [🥇][ONLY]｢⚡｣👑i[ＳＰＬ]i👑 vSpelixJpv » owo
[19:08:15] [Render thread/INFO]: [System] [CHAT] [JRAN][IRON][Luchador] .IsaacA0156 » estoy en mi casa =<=
[19:08:26] [Render thread/INFO]: [System] [CHAT]  MINELATINO » ¡La petición ha sido enviada a i_TAPYO!
[19:08:34] [Render thread/INFO]: [System] [CHAT] -------------------[MINELATINO]-------------------
[19:08:34] [Render thread/INFO]: [System] [CHAT]                             ¿Sabías qué...
[19:08:34] [Render thread/INFO]: [System] [CHAT]         MineLatino Network se fundó en julio del 2019?
[19:08:34] [Render thread/INFO]: [System] [CHAT] ------------------------[♥]-----------------------
[19:08:34] [Render thread/INFO]: [System] [CHAT] [][U][Luchador] ANDREW_MADNESS » busco chamba
[19:08:38] [Render thread/INFO]: [System] [CHAT] §6§l ➥ §6✉ (YO ▻ i_TAPYO) » acepta xd
[19:08:40] [Render thread/INFO]: [System] [CHAT] [🥇][ONLY]｢⚡｣👑i[ＳＰＬ]i👑 vSpelixJpv » recien veo que antes de irme deje bastante merca sin vender
[19:08:41] [Render thread/INFO]: [System] [CHAT] [🥇][ONLY]｢⚡｣👑i[ＳＰＬ]i👑 vSpelixJpv » xD
[19:08:47] [Render thread/INFO]: [System] [CHAT] [🥇][ONLY][⚡] Soulzgg » Oh dios
[19:08:49] [Render thread/INFO]: [System] [CHAT] [🥇][ONLY][⚡] Soulzgg » AJAJJAJA
[19:08:49] [Render thread/INFO]: [System] [CHAT] [BoSS][⚡] KasaneTeto_ » XD
[19:08:49] [Render thread/INFO]: [System] [CHAT]  MINELATINO » ¡i_TAPYO ha aceptado tu teletransportación!
[19:08:49] [Render thread/INFO]: [System] [CHAT]  MINELATINO » ¡Teletransportándose a i_TAPYO!
[19:08:49] [Render thread/INFO]: [System] [CHAT]  MINELATINO » El teletransporte comenzará en 3 segundos. Por favor, no te muevas.
[19:08:53] [Render thread/INFO]: [System] [CHAT]  MINELATINO » Teletransportando...
[19:09:00] [Render thread/INFO]: [System] [CHAT] §6§l ➥ §6✉ (YO ▻ i_TAPYO) » gracias
[19:09:04] [Render thread/INFO]: [System] [CHAT] [][U][Luchador] Zarpas_ » bruh
[19:09:04] [Render thread/INFO]: [System] [CHAT] -----------------[TOP DONADORES]-----------------
[19:09:04] [Render thread/INFO]: [System] [CHAT]          ByPaulSG | paul_erick16 | Aleksaurio | nagi_UwU
[19:09:04] [Render thread/INFO]: [System] [CHAT]   xXx_NOVA_xXx | Theluciferpvp | PsyCereso | Ghostspared
[19:09:04] [Render thread/INFO]: [System] [CHAT]    PANDEMART | JuannnCeee | AthaOblen45 | kaykpi | DrKiller
[19:09:04] [Render thread/INFO]: [System] [CHAT]         DiosEnrique1255 | kausho | mixtang | ElReyDelLag
[19:09:04] [Render thread/INFO]: [System] [CHAT] ----------------------[18/21]----------------------
[19:09:09] [Render thread/INFO]: [System] [CHAT]  MINELATINO » ¡Entrando a la zona de XCaliptoX!
[19:09:11] [Render thread/INFO]: [System] [CHAT]  MINELATINO » ¡Saliendo de la zona de XCaliptoX!
[19:09:11] [Render thread/INFO]: [System] [CHAT]  MINELATINO » ¡Esta zona ahora SI está protegida! Recuerda que puedes volver acá usando /ps home y también puedes ver toda la información de tu protección con /ps info.
[19:09:11] [Render thread/INFO]: [System] [CHAT]  MINELATINO » ¡Entrando a la zona de Naranjitia67!
[19:09:14] [Render thread/INFO]: [System] [CHAT]  MINELATINO » ¡Saliendo de la zona de Naranjitia67!
[19:09:14] [Render thread/INFO]: [System] [CHAT] Lui2BleP fue ensartado por DeMon_pp utilizando [ads ⚴Ｇｕｎｇｎｉｒ⚴ ads]
[19:09:15] [Render thread/INFO]: [System] [CHAT] [][U] Emip65t_Y » o
[19:09:16] [Render thread/INFO]: [System] [CHAT] manu_ez ha conseguido el progreso [Una terrible fortaleza]
[19:09:16] [Render thread/INFO]: [System] [CHAT] [BoSS][⚡] KasaneTeto_ » [aCon Cariño Spelix (x1)]
[19:09:17] [Render thread/INFO]: [System] [CHAT] [][U] Emip65t_Y » voyt
[19:09:20] [Render thread/INFO]: [System] [CHAT]  MINELATINO » ¡La petición ha sido enviada a DeMon_pp!
[19:09:26] [Render thread/INFO]: [System] [CHAT] manu_ez ha conseguido el progreso [Jugando con fuego]
[19:09:27] [Render thread/INFO]: [System] [CHAT] [][U] matiaas42O » quien nuevo para team somos dos
[19:09:27] [Render thread/INFO]: [System] [CHAT] [BoSS][⚡] KasaneTeto_ » XD
[19:09:32] [Render thread/INFO]: [System] [CHAT] [🥇][ONLY]｢⚡｣👑i[ＳＰＬ]i👑 vSpelixJpv » q pro tiene mi firma
[19:09:33] [Render thread/INFO]: [System] [CHAT] [🥇][ONLY]｢⚡｣👑i[ＳＰＬ]i👑 vSpelixJpv » xD
[19:09:33] [Render thread/INFO]: [System] [CHAT] [][U] 777dogui777 » noo
[19:09:34] [Render thread/INFO]: [System] [CHAT] -------------------[MINELATINO]-------------------
[19:09:34] [Render thread/INFO]: [System] [CHAT]                         www.minelatino.shop
[19:09:34] [Render thread/INFO]: [System] [CHAT]                      ¡Aceptamos criptomonedas!
[19:09:34] [Render thread/INFO]: [System] [CHAT] ------------------------[♥]-----------------------
[19:09:36] [Render thread/INFO]: [System] [CHAT] [][U] 777dogui777 » no los maten
[19:09:44] [Render thread/INFO]: [System] [CHAT] ItadoriDeTemu ha completado el desafío [Agujero negro]
[19:09:45] [Render thread/INFO]: [System] [CHAT] [🥇][ONLY][⚡] Soulzgg » SPELIX FIRMAME
[19:09:45] [Render thread/INFO]: [System] [CHAT] KatStar78 ha conseguido el progreso [Plus ultra]
[19:09:45] [Render thread/INFO]: [System] [CHAT] [][U][Luchador] Zarpas_ » ya me es complicado farmear estando solo
[19:09:46] [Render thread/INFO]: [System] [CHAT] [🥇][ONLY][⚡] Soulzgg » ay
[19:09:50] [Render thread/INFO]: [System] [CHAT] [🥇][ONLY]｢⚡｣👑i[ＳＰＬ]i👑 vSpelixJpv » voy
[19:09:51] [Render thread/INFO]: [System] [CHAT] [][U][Luchador] Zarpas_ » el mob spawn rate esta re aumentado
[19:09:51] [Render thread/INFO]: [System] [CHAT] [JRAN][IRON][Luchador] .IsaacA0156 » veelt ayudameeee
[19:09:53] [Render thread/INFO]: [System] [CHAT]  MINELATINO » ¡La petición ha sido enviada a Zarpas_!
[19:09:55] [Render thread/INFO]: [System] [CHAT] §6§l ➥ §6✉ (YO ▻ i_TAPYO) » q haces
[19:10:02] [Render thread/INFO]: [System] [CHAT]  MINELATINO » ¡Zarpas_ ha aceptado tu teletransportación!
[19:10:02] [Render thread/INFO]: [System] [CHAT]  MINELATINO » ¡Teletransportándose a Zarpas_!
[19:10:02] [Render thread/INFO]: [System] [CHAT]  MINELATINO » El teletransporte comenzará en 3 segundos. Por favor, no te muevas.
[19:10:03] [Render thread/INFO]: [System] [CHAT] [🥇][ONLY][⚡] Soulzgg » aqui
[19:10:03] [Render thread/INFO]: [System] [CHAT]  MINELATINO » Petición de teletransporte cancelada.
[19:10:04] [Render thread/INFO]: [System] [CHAT] -----------------[TOP DONADORES]-----------------
[19:10:04] [Render thread/INFO]: [System] [CHAT]            CHAVEZ20 | albino2001 | LoveHaze | Danihell
[19:10:04] [Render thread/INFO]: [System] [CHAT] INSPIREKO1 | iGerber | Dekiller27 | Bostime888 | RickyDeath79
[19:10:04] [Render thread/INFO]: [System] [CHAT]    0nsz | Gusquirtle | Marliton08 | perea78 | Chechocastex
[19:10:04] [Render thread/INFO]: [System] [CHAT]              AKO_RPG | RazorLR | sparduk | TacoGabs
[19:10:04] [Render thread/INFO]: [System] [CHAT] -----------------------[9/21]----------------------
[19:10:07] [Render thread/INFO]: [System] [CHAT] [][U] 777dogui777 » no los maten son los unicos
[19:10:08] [Render thread/INFO]: [System] [CHAT] §6§l ➥ §6✉ (i_TAPYO ▻ YO) » nada
[19:10:09] [Render thread/INFO]: [System] [CHAT]  MINELATINO » ¡La petición ha sido enviada a Zarpas_!
[19:10:10] [Render thread/INFO]: [System] [CHAT] [][U] 777dogui777 » aya ahi comida
[19:10:11] [Render thread/INFO]: [System] [CHAT] [🥇][ONLY]｢⚡｣👑i[ＳＰＬ]i👑 vSpelixJpv » que te firmo?
[19:10:12] [Render thread/INFO]: [System] [CHAT]  MINELATINO » ¡Zarpas_ ha aceptado tu teletransportación!
[19:10:12] [Render thread/INFO]: [System] [CHAT]  MINELATINO » ¡Teletransportándose a Zarpas_!
[19:10:12] [Render thread/INFO]: [System] [CHAT]  MINELATINO » El teletransporte comenzará en 3 segundos. Por favor, no te muevas.
[19:10:13] [Render thread/INFO]: [System] [CHAT] [][U] 777dogui777 » en el cofre
[19:10:14] [Render thread/INFO]: [System] [CHAT] [🥇][ONLY]｢⚡｣👑i[ＳＰＬ]i👑 vSpelixJpv » pasame algo xd
[19:10:16] [Render thread/INFO]: [System] [CHAT]  MINELATINO » Teletransportando...
[19:10:16] [Render thread/INFO]: [System] [CHAT]  MINELATINO » ¡Entrando a la zona de Zarpas_!
[19:10:16] [Render thread/INFO]: Starting [1] Placement Manager Daemon threads
[19:10:17] [Render thread/INFO]: [System] [CHAT] [][U] matiaas42O » y esos arboles rosas
[19:10:17] [Render thread/INFO]: [System] [CHAT] [][U][Luchador] ANDREW_MADNESS » busco chamba weyes
[19:10:20] [Render thread/INFO]: [System] [CHAT] [🥇][ONLY]｢⚡｣👑i[ＳＰＬ]i👑 vSpelixJpv » Ehehehehe
[19:10:21] [Render thread/INFO]: [System] [CHAT] [][U][Luchador] Zarpas_ » bienvenido xd
[19:10:26] [Render thread/INFO]: [System] [CHAT] [🥇][ONLY][⚡] Soulzgg » e,e
[19:10:28] [Render thread/INFO]: [System] [CHAT] [][U][Luchador] Zarpas_ » apenas ando construyendo
[19:10:28] [Render thread/INFO]: [System] [CHAT] Lui2BleP fue ensartado por JoycieH utilizando [ads ⚴Ｇｕｎｇｎｉｒ⚴ ads]
[19:10:34] [Render thread/INFO]: [System] [CHAT] -------------------[MINELATINO]-------------------
[19:10:34] [Render thread/INFO]: [System] [CHAT]   ¡Evita ser sancionado por usar clientes ilegales!
[19:10:34] [Render thread/INFO]: [System] [CHAT]        minelatino.com/knowledge/todo-sobre-los-clientes
[19:10:34] [Render thread/INFO]: [System] [CHAT]         ¡Descubre que clientes son legales y cuáles no!
[19:10:34] [Render thread/INFO]: [System] [CHAT] ------------------------[♥]-----------------------
[19:10:38] [Render thread/INFO]: [System] [CHAT] [🥇][ONLY][⚡] Soulzgg » mi hazada
[19:10:39] [Render thread/INFO]: [System] [CHAT]  MINELATINO » ¡La petición ha sido enviada a JoycieH!
[19:10:40] [Render thread/INFO]: [System] [CHAT] [🥇][ONLY]｢⚡｣👑i[ＳＰＬ]i👑 vSpelixJpv » me salio la notificacion de que entro mi bebito fiu fiu
[19:10:41] [Render thread/INFO]: [System] [CHAT] [][U] DuendePochi » perdon no lo agas
[19:10:41] [Render thread/INFO]: [System] [CHAT] SpelixJp ha completado el desafío [Malos hábitos]
[19:10:41] [Render thread/INFO]: [System] [CHAT] [][U] ianzaballaYETS2 » holaa
[19:10:41] [Render thread/INFO]: [System] [CHAT] vino_gato ha completado el desafío [Cúbreme de netherita]
[19:10:43] [Render thread/INFO]: [System] [CHAT] [🥇][ONLY]｢⚡｣👑i[ＳＰＬ]i👑 vSpelixJpv » okey
[19:10:43] [Render thread/INFO]: [System] [CHAT] lucaazo1313 ha conseguido el progreso [Monster Hunter]
[19:10:46] [Render thread/INFO]: [System] [CHAT] [🥇][ONLY][⚡] Soulzgg » sisis
[19:10:49] [Render thread/INFO]: [System] [CHAT] ianzaballaYETS2 ha conseguido el progreso [¿No es hierrónico?]
[19:10:53] [Render thread/INFO]: [System] [CHAT] [][U] ianzaballaYETS2 » gracias
[19:10:57] [Render thread/INFO]: [System] [CHAT] [🥇][ONLY]｢⚡｣👑i[ＳＰＬ]i👑 vSpelixJpv » ahdahdha
[19:10:59] [Render thread/INFO]: [System] [CHAT] [][U] Emip65t_Y » si
[19:10:59] [Render thread/INFO]: [System] [CHAT] [🥇][ONLY]｢⚡｣👑i[ＳＰＬ]i👑 vSpelixJpv » se me bugeo
[19:11:03] [Render thread/INFO]: [System] [CHAT]  MINELATINO » ¡JoycieH ha aceptado tu teletransportación!
[19:11:03] [Render thread/INFO]: [System] [CHAT]  MINELATINO » ¡Teletransportándose a JoycieH!
[19:11:03] [Render thread/INFO]: [System] [CHAT]  MINELATINO » El teletransporte comenzará en 3 segundos. Por favor, no te muevas.
[19:11:04] [Render thread/INFO]: [System] [CHAT] -----------------[TOP DONADORES]-----------------
[19:11:04] [Render thread/INFO]: [System] [CHAT]              quim009 | KunPlex | Gonzonzo | TheEdixon
[19:11:04] [Render thread/INFO]: [System] [CHAT] ----------------------[21/21]----------------------
[19:11:05] [Render thread/INFO]: [System] [CHAT] [🥇][ONLY]｢⚡｣👑i[ＳＰＬ]i👑 vSpelixJpv » te puedo dar una hoja con la firma?
[19:11:05] [Render thread/INFO]: [System] [CHAT] [][U] DuendePochi » perdon no lo agas
[19:11:06] [Render thread/INFO]: [System] [CHAT]  MINELATINO » Teletransportando...
[19:11:06] [Render thread/INFO]: [System] [CHAT]  MINELATINO » ¡Saliendo de la zona de Zarpas_!
[19:11:06] [Render thread/INFO]: [System] [CHAT]  MINELATINO » ¡Entrando a la zona de Lui2BleP!
[19:11:10] [Render thread/INFO]: [System] [CHAT] [🥇][ONLY]｢⚡｣👑i[ＳＰＬ]i👑 vSpelixJpv » toma
[19:11:12] [Render thread/INFO]: [System] [CHAT] [🥇][ONLY][⚡] Soulzgg » sisi
[19:11:13] [Render thread/INFO]: [System] [CHAT] [][U][Luchador] Zarpas_ » xd
[19:11:16] [Render thread/INFO]: [System] [CHAT] [🥇][ONLY]｢⚡｣👑i[ＳＰＬ]i👑 vSpelixJpv » dale xd
[19:11:19] [Render thread/INFO]: [System] [CHAT] [🥇][ONLY][⚡] Soulzgg » Tenkiu :3
[19:11:24] [Render thread/INFO]: [System] [CHAT]  MINELATINO » ¡Saliendo de la zona de Lui2BleP!
[19:11:24] [Render thread/INFO]: [System] [CHAT]  MINELATINO » ¡Entrando a la zona de DeMon_pp!
[19:11:24] [Render thread/INFO]: [System] [CHAT] [🥇][ONLY]｢⚡｣👑i[ＳＰＬ]i👑 vSpelixJpv » :3
[19:11:26] [Render thread/INFO]: [System] [CHAT] Lui2BleP fue ensartado por JoycieH utilizando [ads ⚴Ｇｕｎｇｎｉｒ⚴ ads]
[19:11:26] [Render thread/INFO]: [System] [CHAT]  MINELATINO » ¡Saliendo de la zona de DeMon_pp!
[19:11:26] [Render thread/INFO]: [System] [CHAT]  MINELATINO » ¡Entrando a la zona de Lui2BleP!
[19:11:30] [Render thread/INFO]: [System] [CHAT]  MINELATINO » ¡Saliendo de la zona de Lui2BleP!
[19:11:30] [Render thread/INFO]: [System] [CHAT] [][U][Luchador] ANDREW_MADNESS » el clan ONLY es el mejor ahora mismo?
[19:11:32] [Render thread/INFO]: [System] [CHAT] [🥇][ONLY]｢⚡｣👑i[ＳＰＬ]i👑 vSpelixJpv » soul pondre deny aca
[19:11:34] [Render thread/INFO]: [System] [CHAT] -------------------[MINELATINO]-------------------
[19:11:34] [Render thread/INFO]: [System] [CHAT]                         www.minelatino.shop
[19:11:34] [Render thread/INFO]: [System] [CHAT]           ¡Rangos, picos, espadas, dinero & mucho más!
[19:11:34] [Render thread/INFO]: [System] [CHAT] ------------------------[♥]-----------------------
[19:11:36] [Render thread/INFO]: [System] [CHAT] [🥇][ONLY]｢⚡｣👑i[ＳＰＬ]i👑 vSpelixJpv » si quieres vamos a otro lugar
[19:11:38] [Render thread/INFO]: [System] [CHAT] [🥇][ONLY][⚡] Soulzgg » Va
[19:11:40] [Render thread/INFO]: [System] [CHAT] [🥇][ONLY]｢⚡｣👑i[ＳＰＬ]i👑 vSpelixJpv » dale dale
[19:11:46] [Render thread/INFO]: [System] [CHAT] ianzaballaYETS2 ha conseguido el progreso [La Edad de Piedra]
[19:11:49] [Render thread/INFO]: [System] [CHAT] [🥇][ONLY][⚡] Soulzgg » Listo me fui
[19:11:54] [Render thread/INFO]: [System] [CHAT] [🥇][ONLY]｢⚡｣👑i[ＳＰＬ]i👑 vSpelixJpv » bueno
[19:11:59] [Render thread/INFO]: [System] [CHAT] [][U][Luchador] ANDREW_MADNESS » la mayoria del server es de un solo clan XD
[19:12:04] [Render thread/INFO]: [System] [CHAT] -----------------[TOP DONADORES]-----------------
[19:12:04] [Render thread/INFO]: [System] [CHAT]     EPIT21 | DrScott18 | _Nighteye | Leslik4rina | Azkurbal
[19:12:04] [Render thread/INFO]: [System] [CHAT]   JEDEFA | mashin | 4rtur0000_2004 | PietroPVLM | Blackweb
[19:12:04] [Render thread/INFO]: [System] [CHAT]      Andriu05 | IEMEI | TheGhostlyPirate | iMayco | Baccus
[19:12:04] [Render thread/INFO]: [System] [CHAT]   ANGELYT1617 | LimonsitoConRon | maikelCraft7w7 | ElKrakos
[19:12:04] [Render thread/INFO]: [System] [CHAT] ----------------------[16/21]----------------------
[19:12:10] [Render thread/INFO]: [System] [CHAT] [][U] EmyGaby » ya puedes salir de alli
[19:12:21] [Render thread/INFO]: [System] [CHAT] §6§l ➥ §6✉ (i_TAPYO ▻ YO) » onde andas
[19:12:28] [Render thread/INFO]: [System] [CHAT]  MINELATINO » ¡Entrando a la zona de Lui2BleP!
[19:12:29] [Render thread/WARN]: Received passengers for unknown entity
[19:12:31] [Render thread/INFO]: [System] [CHAT] XxFurritoCR ha muerto por un flechazo de Esqueleto
[19:12:31] [Render thread/INFO]: [System] [CHAT] ajidehuevo23 ha conseguido el progreso [Escondido en las profundidades]
[19:12:31] [Render thread/INFO]: [System] [CHAT]  MINELATINO » ¡Saliendo de la zona de Lui2BleP!
[19:12:32] [Render thread/INFO]: [System] [CHAT]  MINELATINO » ¡No puedes usar comandos mientras estás en combate (debes esperar 4.26 segundos)!
[19:12:34] [Render thread/INFO]: [System] [CHAT]  MINELATINO » ¡Entrando a la zona de Samuel_Silvio!
[19:12:34] [Render thread/INFO]: [System] [CHAT] -------------------[MINELATINO]-------------------
[19:12:34] [Render thread/INFO]: [System] [CHAT] [LATAM+] Naranjitia67 » ¡Que bien me queda el LATAM+!
[19:12:34] [Render thread/INFO]: [System] [CHAT]           Si te gusta como se ve, puedes comprarlo en
[19:12:34] [Render thread/INFO]: [System] [CHAT]                            www.minelatino.shop
[19:12:34] [Render thread/INFO]: [System] [CHAT] ------------------------[♥]-----------------------
[19:12:35] [Render thread/INFO]: [System] [CHAT] [🥇][ONLY]｢⚡｣👑i[ＳＰＬ]i👑 vSpelixJpv » memox
[19:12:37] [Render thread/INFO]: [System] [CHAT]  MINELATINO » ¡Saliendo de la zona de Samuel_Silvio!
[19:12:38] [Render thread/INFO]: [System] [CHAT] §6§l ➥ §6✉ (YO ▻ i_TAPYO) » unos tipos andan con lanza
[19:12:40] [Render thread/INFO]: [System] [CHAT]  MINELATINO » ¡Entrando a la zona de Zoren_05!
[19:12:41] [Render thread/INFO]: [System] [CHAT] [🥇][ONLY]｢⚡｣👑i[ＳＰＬ]i👑 vSpelixJpv » tiempo sin verte brother
[19:12:41] [Render thread/INFO]: [System] [CHAT]  MINELATINO » ¡No puedes usar comandos mientras estás en combate (debes esperar 13.63 segundos)!
[19:12:42] [Render thread/INFO]: [System] [CHAT] [][U] ianzaballaYETS2 » se permiten ahcks?
[19:12:42] [Render thread/INFO]: [System] [CHAT]  MINELATINO » ¡Saliendo de la zona de Zoren_05!
[19:12:44] [Render thread/INFO]: [System] [CHAT] [][U] TiziFalcao911 » en donde chucha estas
[19:12:44] [Render thread/INFO]: [System] [CHAT]  MINELATINO » ¡Entrando a la zona de DeMon_pp!
[19:12:45] [Render thread/INFO]: [System] [CHAT] [🥇][ONLY]｢⚡｣👑i[ＳＰＬ]i👑 vSpelixJpv » ta afk?
[19:12:45] [Render thread/INFO]: [System] [CHAT]  MINELATINO » ¡Saliendo de la zona de DeMon_pp!
[19:12:47] [Render thread/INFO]: [System] [CHAT] [][U] .HoBeRhi2025iza » holaaaaaaa
[19:12:50] [Render thread/INFO]: [System] [CHAT] [][U][Luchador] ANDREW_MADNESS » no
[19:12:50] [Render thread/INFO]: [System] [CHAT] [][U] EmyGaby » necesito que me ayudes a bajar al ghast
[19:12:51] [Render thread/INFO]: [System] [CHAT] [][U][Luchador] Zarpas_ » quien me puede donar lana o camas?
[19:12:53] [Render thread/INFO]: [System] [CHAT] [🥇][ONLY]｢⚡｣👑i[ＳＰＬ]i👑 vSpelixJpv » no se permiten ianzaballaYETS2
[19:12:54] [Render thread/INFO]: [System] [CHAT]  MINELATINO » i_TAPYO ha pedido teletransportarse hacia a ti
[19:12:54] [Render thread/INFO]: [System] [CHAT]  ✔ Escribe /tpaccept para aceptar el teletransporte.
[19:12:54] [Render thread/INFO]: [System] [CHAT]  ❌ Escribe /tpdeny, para denegar el teletransporte.
[19:12:54] [Render thread/INFO]: [System] [CHAT]  ⌚ La solicitud será cancelada en 120 segundos; no aceptes peticiones de desconocidos.
[19:12:54] [Render thread/WARN]: Received passengers for unknown entity
[19:12:56] [Render thread/INFO]: [System] [CHAT] §6§l ➥ §6✉ (YO ▻ i_TAPYO) » casi me matan
[19:13:00] [Render thread/INFO]: [System] [CHAT] §6§l ➥ §6✉ (YO ▻ i_TAPYO) » son 2
[19:13:02] [Render thread/INFO]: [System] [CHAT] §6§l ➥ §6✉ (i_TAPYO ▻ YO) » xd
[19:13:04] [Render thread/INFO]: [System] [CHAT] -----------------[TOP DONADORES]-----------------
[19:13:04] [Render thread/INFO]: [System] [CHAT]          Theone | xFighterS2 | srgamerx | NiicoElMaquina
[19:13:04] [Render thread/INFO]: [System] [CHAT]         Canales_154 | Mezar7513 | WxrLalo | xXwomanXx
[19:13:04] [Render thread/INFO]: [System] [CHAT]    EltripaZeka | Diandita | whos_rvbnn | Rodribecl | prieto34
[19:13:04] [Render thread/INFO]: [System] [CHAT]      CapitanPichula | 25baaaaammm | GobackCL | Berkshiire
[19:13:04] [Render thread/INFO]: [System] [CHAT] ----------------------[12/21]----------------------
[19:13:08] [Render thread/INFO]: [System] [CHAT] §6§l ➥ §6✉ (i_TAPYO ▻ YO) » te ayudo?
[19:13:09] [Render thread/INFO]: [System] [CHAT] DuendePochi ha muerto por un flechazo de Esqueleto
[19:13:13] [Render thread/INFO]: [System] [CHAT] [🥈][ANBU][U][GG] .FrancoTomRom » compro pico de netherite, toque de seda y con mas encantamientos
[19:13:14] [Render thread/INFO]: [System] [CHAT] [][U][Luchador] Zarpas_ » quien me puede donar lana o camas?, pa farmear ancient debriss
[19:13:15] [Render thread/INFO]: [System] [CHAT] [🥇][ONLY]｢⚡｣👑i[ＳＰＬ]i👑 vSpelixJpv » cada vez que me veo recuerdo cuando era nuevo en el sv
[19:13:15] [Render thread/INFO]: [System] [CHAT] §6§l ➥ §6✉ (YO ▻ i_TAPYO) » con cuidado
[19:13:17] [Render thread/INFO]: [System] [CHAT]  MINELATINO » ¡Entrando a la zona de FJAN!
[19:13:19] [Render thread/INFO]: [System] [CHAT]  MINELATINO » ¡Saliendo de la zona de FJAN!
[19:13:20] [Render thread/INFO]: [System] [CHAT] [][U] .HoBeRhi2025iza » me case con un ender,ayuda
[19:13:20] [Render thread/INFO]: [System] [CHAT] (ANUNCIO) ¡El jugador Vladimir065 ha sumado 5 minutos al ciclo del tiempo! Esto se hará en 30 segundos, atento.
[19:13:21] [Render thread/INFO]: [System] [CHAT]  MINELATINO » ¡Entrando a la zona de FJAN!
[19:13:22] [Render thread/INFO]: [System] [CHAT] [🥇][ONLY]｢⚡｣👑i[ＳＰＬ]i👑 vSpelixJpv » y no tenia ni rango
[19:13:24] [Render thread/INFO]: [System] [CHAT]  MINELATINO » Petición de teletransporte aceptada.
[19:13:25] [Render thread/INFO]: [System] [CHAT] §6§l ➥ §6✉ (i_TAPYO ▻ YO) » ok
[19:13:29] [Render thread/INFO]: [System] [CHAT] §6§l ➥ §6✉ (YO ▻ i_TAPYO) » esos 2
[19:13:32] [Render thread/INFO]: [System] [CHAT] [🥇][ONLY]｢⚡｣👑i[ＳＰＬ]i👑 vSpelixJpv » nostalgia C:
[19:13:33] [Render thread/INFO]: [System] [CHAT] [][U] TiziFalcao911 » en donde estas needles
[19:13:34] [Render thread/INFO]: [System] [CHAT] [][U] Naranjitia67 » me matan :(
[19:13:34] [Render thread/INFO]: [System] [CHAT] [][U] DeMon_pp » devuelve las cosas
[19:13:34] [Render thread/INFO]: [System] [CHAT] -------------------[MINELATINO]-------------------
[19:13:34] [Render thread/INFO]: [System] [CHAT]                       discord.minelatino.com
[19:13:34] [Render thread/INFO]: [System] [CHAT]                ¡No te pierdas ninguna actualización!
[19:13:34] [Render thread/INFO]: [System] [CHAT] ------------------------[♥]-----------------------
[19:13:36] [Render thread/INFO]: [System] [CHAT] [][U] TiziFalcao911 » joaquin
[19:13:46] [Render thread/INFO]: [System] [CHAT] [][U] DeMon_pp » devuelve
[19:13:48] [Render thread/INFO]: [System] [CHAT] §6§l ➥ §6✉ (i_TAPYO ▻ YO) » ocupo mi mazo y los mato
[19:13:54] [Render thread/INFO]: [System] [CHAT] [][U]｢ᴄᴜᴘɪᴅᴏ｣ JoycieH » devuelve
[19:13:59] [Render thread/INFO]: [System] [CHAT] §6§l ➥ §6✉ (YO ▻ i_TAPYO) » usan lanzas y elitras
[19:14:02] [Render thread/INFO]: [System] [CHAT]  MINELATINO » ¡Saliendo de la zona de FJAN!
[19:14:03] [Render thread/INFO]: [System] [CHAT] §6§l ➥ §6✉ (i_TAPYO ▻ YO) » ponlo en ah por 25k
[19:14:04] [Render thread/INFO]: [System] [CHAT] -----------------[TOP DONADORES]-----------------
[19:14:04] [Render thread/INFO]: [System] [CHAT]         MrTaquitoMC | IPeluchito | Loler_Over | soymemox
[19:14:04] [Render thread/INFO]: [System] [CHAT]    Fredy_Graces | GerardLG74 | merlindeplay | Nicoestobar
[19:14:04] [Render thread/INFO]: [System] [CHAT]             benja893 | H4CK3110 | JUANZZY | Ferlantz
[19:14:04] [Render thread/INFO]: [System] [CHAT]            Kamn001 | Jorgemili0 | TheGolemKidd | Touzh
[19:14:04] [Render thread/INFO]: [System] [CHAT] -----------------------[2/21]----------------------
[19:14:08] [Render thread/INFO]: [System] [CHAT] §6§l ➥ §6✉ (i_TAPYO ▻ YO) » ponlo en ah por 25k el mazo
[19:14:09] [Render thread/INFO]: [System] [CHAT]  MINELATINO » ¡Entrando a la zona de FJAN!
[19:14:09] [Render thread/INFO]: [System] [CHAT]  MINELATINO » ¡Saliendo de la zona de FJAN!
[19:14:12] [Render thread/INFO]: [System] [CHAT] [JRAN][IRON][Luchador] .IsaacA0156 » como
[19:14:14] [Render thread/INFO]: [System] [CHAT]  MINELATINO » ¡Entrando a la zona de FJAN!
[19:14:15] [Render thread/INFO]: [System] [CHAT] [][U] LautaroG5421 » buenas
[19:14:18] [Render thread/INFO]: [System] [CHAT] [][U] FRED_LOL » quien me regala 2k porfavor
[19:14:19] [Render thread/INFO]: [System] [CHAT] [][U] DuendePochi » anda ariba
[19:14:27] [Render thread/WARN]: Received passengers for unknown entity
[19:14:28] [Render thread/WARN]: Received passengers for unknown entity
[19:14:32] [Render thread/INFO]: [System] [CHAT] LautaroG5421 ha conseguido el progreso [La Edad de Piedra]
[19:14:34] [Render thread/INFO]: [System] [CHAT] -------------------[MINELATINO]-------------------
[19:14:34] [Render thread/INFO]: [System] [CHAT]      ¿Quieres saber los beneficios de los rangos?
[19:14:34] [Render thread/INFO]: [System] [CHAT]       entonces usa el comando /beneficios para saberlo
[19:14:34] [Render thread/INFO]: [System] [CHAT] ------------------------[♥]-----------------------
[19:14:37] [Render thread/INFO]: [System] [CHAT] §6§l ➥ §6✉ (YO ▻ i_TAPYO) » lo vendi hace rato xD
[19:14:38] [Render thread/WARN]: Received passengers for unknown entity
[19:14:39] [Render thread/INFO]: [System] [CHAT] [][U] DuendePochi » veni 777dogui777
[19:14:44] [Render thread/INFO]: [System] [CHAT] [PEK1][LATAM][Luchador] sCkrillex » alguien me regala linternas marinas porfavor
[19:14:45] [Render thread/INFO]: [System] [CHAT] [][U] FRED_LOL » muchas gracias
[19:14:49] [Render thread/INFO]: [System] [CHAT] xetrix78 ha conseguido el progreso [La Edad de Hierro]
[19:14:49] [Render thread/INFO]: [System] [CHAT] §6§l ➥ §6✉ (i_TAPYO ▻ YO) » pendj estaba firmado
[19:14:52] [Render thread/INFO]: [System] [CHAT] [JRAN][IRON][Luchador] .IsaacA0156 » jumm
[19:14:54] [Render thread/INFO]: [System] [CHAT] [][U] ianzaballaYETS2 » tienes madera?
[19:14:56] [Render thread/INFO]: [System] [CHAT] [][U][Luchador] Zarpas_ » quien me puede donar lana o camas?, pa farmear ancient debriss
[19:14:57] [Render thread/INFO]: [System] [CHAT] TiziFalcao911 ha sido víctima de Zombi
[19:14:59] [Render thread/INFO]: [System] [CHAT] §6§l ➥ §6✉ (YO ▻ i_TAPYO) » XD
[19:14:59] [Render thread/INFO]: [System] [CHAT] [][U] Saravia7 » vendo madera palida y cuarzo
[19:14:59] [Render thread/WARN]: Received passengers for unknown entity
[19:15:00] [Render thread/INFO]: [System] [CHAT] §6§l ➥ §6✉ (i_TAPYO ▻ YO) » ya no te puedo ayudar we
[19:15:01] [Render thread/INFO]: [System] [CHAT] [][U] DuendePochi » veni 777dogui777
[19:15:03] [Render thread/INFO]: [System] [CHAT]  MINELATINO » ¡.Darieltan se ha unido a nuestro aventura! Es el jugador (#370,907)
[19:15:03] [Render thread/INFO]: [System] [CHAT] .Darieltan ha conseguido el progreso [Mejorando herramientas]
[19:15:04] [Render thread/INFO]: [System] [CHAT] -----------------[TOP DONADORES]-----------------
[19:15:04] [Render thread/INFO]: [System] [CHAT]          Pikachu08t | Morita18_ | ladybug | iKenshLuffy_
[19:15:04] [Render thread/INFO]: [System] [CHAT]   Amanda555555555 | InmortalSushy | Mediated4816 | Gatus
[19:15:04] [Render thread/INFO]: [System] [CHAT]      Aitore98 | azm | Chenchiito | NCOFUENTES | BryannnXD
[19:15:04] [Render thread/INFO]: [System] [CHAT]             Darkpl4y | Skvbo | sniperwolf10 | CHAVEZ20
[19:15:04] [Render thread/INFO]: [System] [CHAT] -----------------------[8/21]----------------------
[19:15:04] [Render thread/INFO]: [System] [CHAT]  MINELATINO » ¡Saliendo de la zona de FJAN!
[19:15:05] [Render thread/INFO]: [System] [CHAT] [][U] DuendePochi » furrito
[19:15:08] [Render thread/INFO]: [System] [CHAT]  MINELATINO » ¡.Player400876926 se ha unido a nuestro aventura! Es el jugador (#370,908)
[19:15:08] [Render thread/INFO]: [System] [CHAT] .Player400876926 ha conseguido el progreso [Mejorando herramientas]
[19:15:11] [Render thread/INFO]: [System] [CHAT] Hey! Sorry, but you can't PvP here.
[19:15:12] [Render thread/INFO]: [System] [CHAT] §6§l ➥ §6✉ (i_TAPYO ▻ YO) » me quitaste las mano practicamente
[19:15:14] [Render thread/INFO]: [System] [CHAT]  MINELATINO » ¡Entrando a la zona de FJAN!
[19:15:19] [Render thread/INFO]: [System] [CHAT] xetrix78 ha conseguido el progreso [¿No es hierrónico?]
[19:15:20] [Render thread/INFO]: [System] [CHAT] [JRAN][IRON][Luchador] .IsaacA0156 » hacete tp
[19:15:23] [Render thread/INFO]: [System] [CHAT]  MINELATINO » ¡No puedes usar comandos mientras estás en combate (debes esperar 5.97 segundos)!
[19:15:28] [Render thread/INFO]: [System] [CHAT] [][U] DeMon_pp » pero plantate por que corrwes
[19:15:30] [Render thread/INFO]: [System] [CHAT]  MINELATINO » ¡Saliendo de la zona de FJAN!
[19:15:34] [Render thread/INFO]: [System] [CHAT] §6§l ➥ §6✉ (i_TAPYO ▻ YO) » compra uno
[19:15:34] [Render thread/INFO]: [System] [CHAT] -------------------[MINELATINO]-------------------
[19:15:34] [Render thread/INFO]: [System] [CHAT]                ¡250.000 sanciones realizadas!
[19:15:34] [Render thread/INFO]: [System] [CHAT]               así que, por favor, no uses hacks =(
[19:15:34] [Render thread/INFO]: [System] [CHAT] ------------------------[♥]-----------------------
[19:15:40] [Render thread/INFO]: [System] [CHAT] DuendePochi ha caído desde muy alto
[19:15:41] [Render thread/INFO]: [System] [CHAT] Hey! Sorry, but you can't PvP here.
[19:15:44] [Render thread/INFO]: [System] [CHAT]  MINELATINO » ¡Entrando a la zona de FJAN!
[19:15:46] [Render thread/INFO]: [System] [CHAT] [][U] TiziFalcao911 » eres tu bro?
[19:15:47] [Render thread/INFO]: [System] [CHAT]  MINELATINO » ¡Saliendo de la zona de FJAN!
[19:15:49] [Render thread/INFO]: [System] [CHAT]  MINELATINO » ¡Entrando a la zona de FJAN!
[19:15:50] [Render thread/INFO]: [System] [CHAT] [][U] needlessgg » si
[19:15:51] [Render thread/INFO]: [System] [CHAT] [][U] DeMon_pp » 1 no puede?
[19:15:55] [Render thread/INFO]: [System] [CHAT] LautaroG5421 ha conseguido el progreso [Monster Hunter]
[19:15:59] [Render thread/INFO]: [System] [CHAT] §6§l ➥ §6✉ (YO ▻ i_TAPYO) » XD cuidado
[19:16:04] [Render thread/INFO]: [System] [CHAT] -----------------[TOP DONADORES]-----------------
[19:16:04] [Render thread/INFO]: [System] [CHAT]     Tomas244 | Bry00v | Kronos0820 | romeo2103 | MiniDolly
[19:16:04] [Render thread/INFO]: [System] [CHAT]      RasGrimm | TheNazz_ | johanel | Jp_xp215 | Fenizzz34
[19:16:04] [Render thread/INFO]: [System] [CHAT]   Valdes_14 | Enderoeo | AndrezzGG | Dr4k0_TD | Ghenox19
[19:16:04] [Render thread/INFO]: [System] [CHAT]       Klawdioss | Zero_666 | Rollmaster_ | HolaYoSoyAlexx
[19:16:04] [Render thread/INFO]: [System] [CHAT] ----------------------[19/21]----------------------
[19:16:11] [Render thread/INFO]: [System] [CHAT] xetrix78 ha conseguido el progreso [Hoy no, gracias]
[19:16:11] [Render thread/INFO]: [System] [CHAT] §6§l ➥ §6✉ (YO ▻ i_TAPYO) » no te asomes
[19:16:12] [Render thread/INFO]: [System] [CHAT] [][U] .Darieltan » soy g@y?
[19:16:13] [Render thread/INFO]: [System] [CHAT] [][DIAMOND] Ale0x_ » vendan pala chetada
[19:16:14] [Render thread/INFO]: [System] [CHAT] §6§l ➥ §6✉ (YO ▻ i_TAPYO) » tienen lanzas
[19:16:15] [Render thread/INFO]: [System] [CHAT] [][DIAMOND] Ale0x_ » si
[19:16:16] [Render thread/INFO]: [System] [CHAT] Paluko ha conseguido el progreso [Dulces sueños]
[19:16:17] [Render thread/INFO]: [System] [CHAT] DuendePochi ha caído desde muy alto
[19:16:19] [Render thread/INFO]: [System] [CHAT] [67][LATAM+][I] vSrDark04v » ♡ si ♡
[19:16:20] [Render thread/INFO]: [System] [CHAT] [][U] .Darieltan » :c
[19:16:21] [Render thread/INFO]: [System] [CHAT] [][U] needlessgg » si no como muero
[19:16:29] [Render thread/INFO]: [System] [CHAT] [][U] .Sofia62018 » hagan de día plis
[19:16:34] [Render thread/INFO]: [System] [CHAT] -------------------[MINELATINO]-------------------
[19:16:34] [Render thread/INFO]: [System] [CHAT]       ¿Hackers, jugadores tóxicos o problemas?
[19:16:34] [Render thread/INFO]: [System] [CHAT]      usa /report y el staff de turno entrará en acción
[19:16:34] [Render thread/INFO]: [System] [CHAT] ------------------------[♥]-----------------------
[19:16:35] [Render thread/INFO]: [System] [CHAT] [][U] needlessgg » estoy a un toque de zombie
[19:16:36] [Render thread/INFO]: [System] [CHAT] [][U] .Darieltan » bueno
[19:16:36] [Render thread/INFO]: [System] [CHAT]  MINELATINO » ¡Saliendo de la zona de FJAN!
[19:16:37] [Render thread/INFO]: [System] [CHAT] [][U] DuendePochi » chau gabx144
[19:16:45] [Render thread/INFO]: [System] [CHAT]  MINELATINO » ¡Has vendido un objeto en /ah!
[19:16:45] [Render thread/INFO]: [System] [CHAT]  ➥ Objeto: APPLE
[19:16:45] [Render thread/INFO]: [System] [CHAT]  ➥ Precio: $3,000.00
[19:16:47] [Render thread/INFO]: [System] [CHAT]  MINELATINO » ¡Entrando a la zona de FJAN!
[19:16:49] [Render thread/INFO]: [System] [CHAT] xetrix78 ha conseguido el progreso [¡Diana!]
[19:16:50] [Render thread/INFO]: [System] [CHAT] [][U] TiziFalcao911 » yo no tengo nada jeje
[19:16:51] [Render thread/INFO]: [System] [CHAT] [][DIAMOND] Ale0x_ » ./time set day
[19:16:52] [Render thread/INFO]: [System] [CHAT]  MINELATINO » ¡Saliendo de la zona de FJAN!
[19:16:54] [Render thread/INFO]: [System] [CHAT]  MINELATINO » ¡Entrando a la zona de FJAN!
[19:16:54] [Render thread/INFO]: [System] [CHAT] 0kupa ha conseguido el progreso [¡Diana!]
[19:16:54] [Render thread/INFO]: [System] [CHAT]  MINELATINO » ¡Saliendo de la zona de FJAN!
[19:16:59] [Render thread/INFO]: [System] [CHAT] §6§l ➥ §6✉ (i_TAPYO ▻ YO) » compra uno
[19:17:01] [Render thread/INFO]: [System] [CHAT] [🥈][ANBU][U][GG] .FrancoTomRom » compro pico encantado de nether
[19:17:04] [Render thread/INFO]: [System] [CHAT] §6§l ➥ §6✉ (i_TAPYO ▻ YO) » compra un mazo
[19:17:04] [Render thread/INFO]: [System] [CHAT] -----------------[TOP DONADORES]-----------------
[19:17:04] [Render thread/INFO]: [System] [CHAT]               MiiLis | Lum12345h | Myta39 | CMJBS456
[19:17:04] [Render thread/INFO]: [System] [CHAT]             michael18 | AntooMeow | Stremo | Rramboo
[19:17:04] [Render thread/INFO]: [System] [CHAT]    MonsterWaffle7w7 | R2ZwieDK | iDombush | AngelNotFound
[19:17:04] [Render thread/INFO]: [System] [CHAT]   LordHount | alucard666 | NoSoyShadowL | MamaGamer1234
[19:17:04] [Render thread/INFO]: [System] [CHAT] -----------------------[5/21]----------------------
[19:17:06] [Render thread/INFO]: [System] [CHAT]  MINELATINO » ¡Entrando a la zona de FJAN!
[19:17:08] [Render thread/INFO]: [System] [CHAT] [][U] kirito_kun » a
[19:17:09] [Render thread/INFO]: [System] [CHAT] [][U] needlessgg » qqqq
[19:17:10] [Render thread/INFO]: [System] [CHAT] §6§l ➥ §6✉ (YO ▻ i_TAPYO) » aquien
[19:17:10] [Render thread/INFO]: [System] [CHAT] [67][LATAM+][I] vSrDark04v » ♡ Sariel73, No tengo ♡
[19:17:10] [Render thread/INFO]: [System] [CHAT] §6§l ➥ §6✉ (i_TAPYO ▻ YO) » hay uno en ah
[19:17:14] [Render thread/INFO]: [System] [CHAT] [][U] TiziFalcao911 » q te paso
[19:17:15] [Render thread/INFO]: [System] [CHAT] [🥈][ANBU][U][GG] .FrancoTomRom » compro pico encantado de netherite
[19:17:16] [Render thread/INFO]: [System] [CHAT] [][U] DuendePochi » chau gabx144
[19:17:22] [Render thread/INFO]: [System] [CHAT] [][U] needlessgg » me puedo subir sobre ti
[19:17:23] [Render thread/INFO]: [System] [CHAT] [][U] needlessgg » lol
[19:17:25] [Render thread/INFO]: [System] [CHAT] §6§l ➥ §6✉ (YO ▻ i_TAPYO) » vale 350k .-.
[19:17:28] [Render thread/INFO]: [System] [CHAT] §6§l ➥ §6✉ (i_TAPYO ▻ YO) » se llama destructor de mundos
[19:17:30] [Render thread/INFO]: [System] [CHAT] [][U] DeMon_pp » no quieres 1v1
[19:17:33] [Render thread/INFO]: [System] [CHAT] [][DIAMOND] Ale0x_ » bro?
[19:17:34] [Render thread/INFO]: [System] [CHAT] §6§l ➥ §6✉ (i_TAPYO ▻ YO) » si
[19:17:34] [Render thread/INFO]: [System] [CHAT] -------------------[MINELATINO]-------------------
[19:17:34] [Render thread/INFO]: [System] [CHAT]                         www.minelatino.shop
[19:17:34] [Render thread/INFO]: [System] [CHAT] para ser un TOP DONADOR, debes donar más de 100 USD
[19:17:34] [Render thread/INFO]: [System] [CHAT] ------------------------[♥]-----------------------
[19:17:37] [Render thread/INFO]: [System] [CHAT] §6§l ➥ §6✉ (YO ▻ i_TAPYO) » tas loco
[19:17:41] [Render thread/INFO]: [System] [CHAT] [][U] needlessgg » busca materiales
[19:17:42] [Render thread/INFO]: [System] [CHAT] Hey! Sorry, but you can't PvP here.
[19:17:43] [Render thread/INFO]: [System] [CHAT] Hey! Sorry, but you can't PvP here.
[19:17:43] [Render thread/INFO]: [System] [CHAT] Hey! Sorry, but you can't PvP here.
[19:17:45] [Render thread/INFO]: [System] [CHAT] [][U] needlessgg » madera y etc
[19:17:46] [Render thread/INFO]: [System] [CHAT]  MINELATINO » ¡Saliendo de la zona de FJAN!
[19:17:48] [Render thread/INFO]: [System] [CHAT] ianzaballaYETS2 ha conseguido el progreso [Hoy no, gracias]
[19:17:49] [Render thread/INFO]: [System] [CHAT] §6§l ➥ §6✉ (i_TAPYO ▻ YO) » pues vendiste el otro
[19:17:49] [Render thread/INFO]: [System] [CHAT] [🥇][ONLY][LATAM+][G][ ❆ .2025. ❆ ] AllegroThePanda » pico de netherite encantado en ah
[19:17:50] [Render thread/INFO]: [System] [CHAT] .OSWALD84K9517 ha sido víctima de Gólem de hierro
[19:17:52] [Render thread/INFO]: [System] [CHAT] 0kupa ha completado el desafío [Héroe de la aldea]
[19:17:52] [Render thread/INFO]: [System] [CHAT]  MINELATINO » ¡Entrando a la zona de FJAN!
[19:17:52] [Render thread/INFO]: [System] [CHAT] Hey! Sorry, but you can't PvP here.
[19:17:53] [Render thread/INFO]: [System] [CHAT] Hey! Sorry, but you can't PvP here.
[19:17:54] [Render thread/INFO]: [System] [CHAT] FRED_LOL ha conseguido el progreso [Dulces sueños]
[19:17:58] [Render thread/INFO]: [System] [CHAT] [][DIAMOND] Ale0x_ » vendan una pala súper épica encantada
[19:17:59] [Render thread/INFO]: [System] [CHAT] KatStar78 ha conseguido el progreso [Cúbreme de diamantes]
[19:18:01] [Render thread/INFO]: [System] [CHAT] [][U][Luchador] Zarpas_ » necesito team
[19:18:01] [Render thread/INFO]: [System] [CHAT] ianzaballaYETS2 ha conseguido el progreso [Monster Hunter]
[19:18:01] [Render thread/INFO]: [System] [CHAT]  MINELATINO » ¡No puedes usar comandos mientras estás en combate (debes esperar 3.17 segundos)!
[19:18:02] [Render thread/INFO]: [System] [CHAT] §6§l ➥ §6✉ (i_TAPYO ▻ YO) » minimo lo vendiste a 400k /eso valia(
[19:18:03] [Render thread/INFO]: [System] [CHAT] [][U] TiziFalcao911 » y la piba se va a unir?
[19:18:04] [Render thread/INFO]: [System] [CHAT] [][DIAMOND] Ale0x_ » de netherite
[19:18:04] [Render thread/INFO]: [System] [CHAT] -----------------[TOP DONADORES]-----------------
[19:18:04] [Render thread/INFO]: [System] [CHAT]     Keremy2305 | LordLostLP | RiveraF | Seryi_mc | kkwetx
[19:18:04] [Render thread/INFO]: [System] [CHAT]      ElMimikyu778 | KyoukoMejiro | CrisMartinez17 | Nyoora
[19:18:04] [Render thread/INFO]: [System] [CHAT]       Sucre_128 | zVisanter_ | Hector20203030 | iSavvy
[19:18:04] [Render thread/INFO]: [System] [CHAT]     MauroOMG1 | Coutinhoo7 | Santana25 | musicmasterX12
[19:18:04] [Render thread/INFO]: [System] [CHAT] ----------------------[13/21]----------------------
[19:18:06] [Render thread/INFO]: [System] [CHAT] iTam_ara ha muerto por un flechazo de Esqueleto
[19:18:06] [Render thread/INFO]: [System] [CHAT] §6§l ➥ §6✉ (YO ▻ i_TAPYO) » lo vendi en 90k XD
[19:18:14] [Render thread/INFO]: [System] [CHAT] kirito_kun ha conseguido el progreso [Vístete]
[19:18:14] [Render thread/INFO]: [System] [CHAT] kirito_kun ha conseguido el progreso [¿No es hierrónico?]
[19:18:15] [Render thread/INFO]: [System] [CHAT] needlessgg ha conseguido el progreso [La Edad de Hierro]
[19:18:16] [Render thread/INFO]: [System] [CHAT] [IMJR][U][Luchador] ThiagoGod10 » vendo casa
[19:18:19] [Render thread/INFO]: [System] [CHAT] [][U] matiaas42O » team somos dos
[19:18:19] [Render thread/INFO]: [System] [CHAT]  MINELATINO » ¡Saliendo de la zona de FJAN!
[19:18:20] [Render thread/INFO]: [System] [CHAT] .HoBeRhi2025iza ha explotado por Creeper
[19:18:29] [Render thread/INFO]: [System] [CHAT]  MINELATINO » ¡Entrando a la zona de FJAN!
[19:18:31] [Render thread/INFO]: [System] [CHAT] Hey! Sorry, but you can't PvP here.
[19:18:31] [Render thread/INFO]: [System] [CHAT] §6§l ➥ §6✉ (i_TAPYO ▻ YO) » pendjo esta firmado y full encantado
[19:18:32] [Render thread/INFO]: [System] [CHAT] [][U] KatStar78 » notengomas
[19:18:34] [Render thread/INFO]: [System] [CHAT]  MINELATINO » ¡Los resultados de la loteria se darán en 00:59:15! El premio se encuentra en 15000$, para participar usa /lottery buy.
[19:18:34] [Render thread/INFO]: [System] [CHAT] -------------------[MINELATINO]-------------------
[19:18:34] [Render thread/INFO]: [System] [CHAT]     ¡Vota por el servidor y serás recompensado!
[19:18:34] [Render thread/INFO]: [System] [CHAT]             para votar, solamente debes usar /vote
[19:18:34] [Render thread/INFO]: [System] [CHAT] ------------------------[♥]-----------------------
[19:18:35] [Render thread/INFO]: [System] [CHAT] [][U] DeMon_pp » pa eso
[19:18:35] [Render thread/INFO]: [System] [CHAT]  MINELATINO » ¡No puedes usar comandos mientras estás en combate (debes esperar 8.92 segundos)!
[19:18:35] [Render thread/INFO]: [System] [CHAT] [][U][Luchador] Zarpas_ » matiaas42O andas en team?
[19:18:37] [Render thread/INFO]: [System] [CHAT]  MINELATINO » ¡No puedes usar comandos mientras estás en combate (debes esperar 6.45 segundos)!
[19:18:39] [Render thread/INFO]: [System] [CHAT] [][U][Luchador] Zarpas_ » pa unirme
[19:18:42] [Render thread/INFO]: [System] [CHAT]  MINELATINO » ¡No puedes usar comandos mientras estás en combate (debes esperar 1.75 segundos)!
[19:18:45] [Render thread/INFO]: [System] [CHAT] [][U] matiaas42O » si
[19:18:47] [Render thread/INFO]: [System] [CHAT] §6§l ➥ §6✉ (YO ▻ i_TAPYO) » cuidado tienen pots de fuerza
[19:18:48] [Render thread/INFO]: [System] [CHAT] [67][LATAM+][I] vSrDark04v » ♡ Bloques de hierro y caparazones de shulker /ah ♡
[19:18:51] [Render thread/INFO]: [System] [CHAT] §6§l ➥ §6✉ (YO ▻ i_TAPYO) » voy por notch
[19:18:53] [Render thread/INFO]: [System] [CHAT]  MINELATINO » ✔ Teletransportando a la protección ps68102x80y-74506z en 3 segundos, no te muevas.
[19:18:57] [Render thread/INFO]: [System] [CHAT]  MINELATINO » ¡Saliendo de la zona de FJAN!
[19:18:57] [Render thread/INFO]: [System] [CHAT]  MINELATINO » ¡Entrando a la zona de Martinaaa16!
[19:18:57] [Render thread/INFO]: Starting [1] Placement Manager Daemon threads
[19:18:57] [Render thread/INFO]: [System] [CHAT]  MINELATINO » ✔ Teletransportado a la protección ps68102x80y-74506z
[19:19:04] [Render thread/INFO]: [System] [CHAT] -----------------[TOP DONADORES]-----------------
[19:19:04] [Render thread/INFO]: [System] [CHAT]             Cap_Loli | Matorombo | MaxiLXK | ADONAIMXP
[19:19:04] [Render thread/INFO]: [System] [CHAT]     ELdimplayer | Gamer_Analyst33 | Val_st_pz | Lonngsito
[19:19:04] [Render thread/INFO]: [System] [CHAT]          Sariel1227 | NEONWIZ21 | John_Allen | claman20
[19:19:04] [Render thread/INFO]: [System] [CHAT]    AlejandroMT | AzuraaX_ | kuroganeShiro | Cristhian1602
[19:19:04] [Render thread/INFO]: [System] [CHAT] -----------------------[7/21]----------------------
[19:19:10] [Render thread/INFO]: [System] [CHAT] [][U] bautistaeche5 » mira
[19:19:15] [Render thread/INFO]: [System] [CHAT] [][U] DuendePochi » desile a cronos que se una a mineberri
[19:19:22] [Render thread/INFO]: [System] [CHAT] [][U] ianzaballaYETS2 » em
[19:19:26] [Render thread/INFO]: [System] [CHAT] gabx144 ha sido víctima de Zombi
[19:19:34] [Render thread/INFO]: [System] [CHAT] -------------------[MINELATINO]-------------------
[19:19:34] [Render thread/INFO]: [System] [CHAT]        ¿Quieres ser staff y ayudar a MineLatino?
[19:19:34] [Render thread/INFO]: [System] [CHAT]          entonces puedes ingresar al siguiente enlace:
[19:19:34] [Render thread/INFO]: [System] [CHAT]                     minelatino.com/postulaciones/
[19:19:34] [Render thread/INFO]: [System] [CHAT]          para saber los pasos a seguir para ser staff
[19:19:34] [Render thread/INFO]: [System] [CHAT] ------------------------[♥]-----------------------
[19:19:35] [Render thread/INFO]: [System] [CHAT] [][U] ianzaballaYETS2 » eres hacker?
[19:19:40] [Render thread/INFO]: [System] [CHAT] 777dogui777 ha conseguido el progreso [Aprendiz de mago]
[19:19:40] [Render thread/INFO]: [System] [CHAT]  MINELATINO » ¡La petición ha sido enviada a i_TAPYO!
[19:19:51] [Render thread/INFO]: [System] [CHAT] [🥇][ONLY][INFINITE][G][I] Gaeellll » tengo el fly jaja
[19:19:53] [Render thread/INFO]: [System] [CHAT] [FYA][LATAM+][||✱||2024||✱||] Adriasan » Vendo Pixel arts :D /tpa adriasan para verlos
[19:19:56] [Render thread/INFO]: [System] [CHAT] [][U] Emip65t_Y » ah
[19:19:56] [Render thread/INFO]: [System] [CHAT] §6§l ➥ §6✉ (YO ▻ i_TAPYO) » acepta
[19:19:59] [Render thread/INFO]: [System] [CHAT] [67][LATAM+][I] vSrDark04v » ♡ Gael2012 Eres hacker :o? ♡
[19:19:59] [Render thread/INFO]: [System] [CHAT]  MINELATINO » ¡i_TAPYO ha aceptado tu teletransportación!
[19:19:59] [Render thread/INFO]: [System] [CHAT]  MINELATINO » ¡Teletransportándose a i_TAPYO!
[19:19:59] [Render thread/INFO]: [System] [CHAT]  MINELATINO » El teletransporte comenzará en 3 segundos. Por favor, no te muevas.
[19:20:02] [Render thread/INFO]: [System] [CHAT] [][U] Emip65t_Y » por el rango
[19:20:03] [Render thread/INFO]: [System] [CHAT] [🥇][ONLY][INFINITE][G][I] Gaeellll » no w
[19:20:03] [Render thread/INFO]: [System] [CHAT] [][U] DuendePochi » gabx144
[19:20:03] [Render thread/INFO]: [System] [CHAT]  MINELATINO » Teletransportando...
[19:20:03] [Render thread/INFO]: [System] [CHAT]  MINELATINO » ¡Saliendo de la zona de Martinaaa16!
[19:20:03] [Render thread/INFO]: [System] [CHAT]  MINELATINO » ¡Entrando a la zona de FJAN!
[19:20:03] [Render thread/INFO]: Starting [1] Placement Manager Daemon threads
[19:20:04] [Render thread/INFO]: [System] [CHAT] -----------------[TOP DONADORES]-----------------
[19:20:04] [Render thread/INFO]: [System] [CHAT]    YARE_LEE | MolinaCR23 | jjoseda | KeisukeBaji | Ignabre
[19:20:04] [Render thread/INFO]: [System] [CHAT]  Kayydxn | Slyrikx | Combine__ELITE | Gregton | 0Aaron88xIm
[19:20:04] [Render thread/INFO]: [System] [CHAT]        WoolOstrich8922 | pachequinpro132 | PanzaBiceps
[19:20:04] [Render thread/INFO]: [System] [CHAT]        Chrislcn11 | Esmail88888 | c_sastre | TheMrCatYT
[19:20:04] [Render thread/INFO]: [System] [CHAT] ----------------------[17/21]----------------------
[19:20:06] [Render thread/INFO]: [System] [CHAT] [][U] ianzaballaYETS2 » miren
[19:20:06] [Render thread/INFO]: [System] [CHAT] [DISCORD] mayco5460 » a
[19:20:10] [Render thread/INFO]: [System] [CHAT] ianzaballaYETS2 ha muerto por un flechazo de Esqueleto
[19:20:12] [Render thread/INFO]: [System] [CHAT] [🥇][ONLY][INFINITE][G][I] Gaeellll » q piensan q tengo hacks por el fly
[19:20:13] [Render thread/INFO]: [System] [CHAT] §6§l ➥ §6✉ (YO ▻ i_TAPYO) » donde se fueron xD
[19:20:15] [Render thread/INFO]: [System] [CHAT] [][U][Luchador] i_TAPYO » q
[19:20:16] [Render thread/INFO]: [System] [CHAT] [][U] .Sofia62018 » XD
[19:20:16] [Render thread/INFO]: [System] [CHAT] [🥈][ANBU][U][GG] .FrancoTomRom » osea dentro de tu proteccion?
[19:20:18] [Render thread/INFO]: [System] [CHAT] -------------------------------------------------
[19:20:18] [Render thread/INFO]: [System] [CHAT] ➥ El jugador ThiagoGod10 acaba de votar por el
[19:20:18] [Render thread/INFO]: [System] [CHAT] ➥ servidor y ha ganado increíbles cosas ♥
[19:20:18] [Render thread/INFO]: [System] [CHAT] ➥ Si también quieres ganar, usa /vote
[19:20:18] [Render thread/INFO]: [System] [CHAT] -------------------------------------------------
[19:20:19] [Render thread/INFO]: [System] [CHAT]  MINELATINO » ¡Saliendo de la zona de FJAN!
[19:20:20] [Render thread/INFO]: [System] [CHAT] [67][LATAM+][I] vSrDark04v » ♡ eres jacker bro ♡
[19:20:25] [Render thread/INFO]: [System] [CHAT] §6§l ➥ §6✉ (i_TAPYO ▻ YO) » no c
[19:20:30] [Render thread/INFO]: [System] [CHAT] [🥇][ONLY][INFINITE][G][I] Gaeellll » zizoy tengo flai
[19:20:31] [Render thread/INFO]: [System] [CHAT] [][U] needlessgg » acepta
[19:20:31] [Render thread/INFO]: [System] [CHAT] Fran_ruz ha conseguido el progreso [Aprendiz de mago]
[19:20:33] [Render thread/INFO]: [System] [CHAT] -------------------------------------------------
[19:20:33] [Render thread/INFO]: [System] [CHAT] ➥ El jugador ThiagoGod10 acaba de votar por el
[19:20:33] [Render thread/INFO]: [System] [CHAT] ➥ servidor y ha ganado increíbles cosas ♥
[19:20:33] [Render thread/INFO]: [System] [CHAT] ➥ Si también quieres ganar, usa /vote
[19:20:33] [Render thread/INFO]: [System] [CHAT] -------------------------------------------------
[19:20:33] [Render thread/INFO]: [System] [CHAT] [][U] .Sofia62018 » a poco vuelas?
[19:20:34] [Render thread/INFO]: [System] [CHAT] FRED_LOL ha sido víctima de la magia de Bruja
[19:20:34] [Render thread/INFO]: [System] [CHAT] -------------------[MINELATINO]-------------------
[19:20:34] [Render thread/INFO]: [System] [CHAT]                             ¿Sabías qué...
[19:20:34] [Render thread/INFO]: [System] [CHAT]         MineLatino Network se fundó en julio del 2019?
[19:20:34] [Render thread/INFO]: [System] [CHAT] ------------------------[♥]-----------------------
[19:20:35] [Render thread/INFO]: [System] [CHAT] [][U] DuendePochi » gabx144
[19:20:39] [Render thread/INFO]: [System] [CHAT] [][U] needlessgg » pone /tpaccept si lo cerraste
[19:20:45] [Render thread/INFO]: [System] [CHAT] §6§l ➥ §6✉ (YO ▻ DeMon_pp) » donde estan xD
[19:20:45] [Render thread/INFO]: [System] [CHAT]  MINELATINO » ¡.GuiltyDust04449 se ha unido a nuestro aventura! Es el jugador (#370,909)
[19:20:45] [Render thread/INFO]: [System] [CHAT] .GuiltyDust04449 ha conseguido el progreso [Mejorando herramientas]
[19:20:45] [Render thread/INFO]: [System] [CHAT] [][U] vicente » busco chamba por dinero
[19:20:47] [Render thread/INFO]: [System] [CHAT]  MINELATINO » ¡LULU se ha unido a nuestro aventura! Es el jugador (#370,910)
[19:20:47] [Render thread/INFO]: [System] [CHAT] LULU ha conseguido el progreso [Mejorando herramientas]
[19:20:48] [Render thread/INFO]: [System] [CHAT] [][U] .Sofia62018 » nunca había visto un sándwich volador
[19:20:50] [Render thread/INFO]: [System] [CHAT]  MINELATINO » ¡Entrando a la zona de FJAN!
[19:20:52] [Render thread/INFO]: [System] [CHAT]  MINELATINO » ¡Saliendo de la zona de FJAN!
[19:20:52] [Render thread/INFO]: [System] [CHAT]  MINELATINO » ¡Entrando a la zona de JoycieH!
[19:20:53] [Render thread/INFO]: [System] [CHAT] [][U] matiaas42O » porque rosa
[19:20:53] [Render thread/INFO]: [System] [CHAT] Emip65t_Y ha explotado por Creeper
[19:20:54] [Render thread/INFO]: [System] [CHAT]  MINELATINO » ¡Saliendo de la zona de JoycieH!
[19:20:54] [Render thread/INFO]: [System] [CHAT] [][U] vicente » busco chamba por dinero
[19:20:55] [Render thread/INFO]: [System] [CHAT]  MINELATINO » ¡Entrando a la zona de Lui2BleP!
[19:20:55] [Render thread/INFO]: [System] [CHAT]  MINELATINO » ¡Saliendo de la zona de Lui2BleP!
[19:20:56] [Render thread/INFO]: [System] [CHAT]  MINELATINO » ¡Entrando a la zona de Samuel_Silvio!
[19:20:57] [Render thread/INFO]: [System] [CHAT]  MINELATINO » ¡Saliendo de la zona de Samuel_Silvio!
[19:20:57] [Render thread/INFO]: [System] [CHAT]  MINELATINO » ¡Entrando a la zona de Samuel_Silvio!
[19:20:58] [Render thread/INFO]: [System] [CHAT] [🥇][ONLY][INFINITE][G][I] Gaeellll » manden tp
[19:20:59] [Render thread/INFO]: [System] [CHAT]  MINELATINO » ¡Saliendo de la zona de Samuel_Silvio!
[19:21:00] [Render thread/INFO]: [System] [CHAT] [][U] LULU » busco team
[19:21:00] [Render thread/INFO]: [System] [CHAT] §6§l ➥ §6✉ (DeMon_pp ▻ YO) » no me hables cobarde
[19:21:02] [Render thread/INFO]: [System] [CHAT]  MINELATINO » ¡Entrando a la zona de Zoren_05!
[19:21:04] [Render thread/INFO]: [System] [CHAT] -----------------[TOP DONADORES]-----------------
[19:21:04] [Render thread/INFO]: [System] [CHAT]      Gilsonnick182 | Mr_Zeratul_9 | PoxerUltraXx | Kamiiral
[19:21:04] [Render thread/INFO]: [System] [CHAT]    Ezetexeira_22 | .RoyMustang1309 | D1VINPR | Kumbiero23
[19:21:04] [Render thread/INFO]: [System] [CHAT]    KratosGameplay | XxpaulitaxX | Elbasuer | ElMrGeekSalad
[19:21:04] [Render thread/INFO]: [System] [CHAT]     Ander_nya | SmokingClouds | iNauzrt | ByBlxCk | melioliva
[19:21:04] [Render thread/INFO]: [System] [CHAT] ----------------------[20/21]----------------------
[19:21:07] [Render thread/WARN]: Unable to play empty soundEvent: minecraft:entity.snow_golem.ambient
[19:21:07] [Render thread/INFO]: [System] [CHAT] Hey! Sorry, but you can't PvP here.
[19:21:13] [Render thread/INFO]: [System] [CHAT] [][U][Luchador] i_TAPYO » q we
[19:21:15] [Render thread/INFO]: [System] [CHAT] -------------------------------------------------
[19:21:15] [Render thread/INFO]: [System] [CHAT] ➥ El jugador ThiagoGod10 acaba de votar por el
[19:21:15] [Render thread/INFO]: [System] [CHAT] ➥ servidor y ha ganado increíbles cosas ♥
[19:21:15] [Render thread/INFO]: [System] [CHAT] ➥ Si también quieres ganar, usa /vote
[19:21:15] [Render thread/INFO]: [System] [CHAT] -------------------------------------------------
[19:21:15] [Render thread/INFO]: [System] [CHAT] §6§l ➥ §6✉ (YO ▻ DeMon_pp) » por? q hice solo venia a ver :(
[19:21:16] [Render thread/INFO]: [System] [CHAT] [][U] TiziFalcao911 » hey
[19:21:20] [Render thread/INFO]: [System] [CHAT] [][U] TiziFalcao911 » manda otra peticion
[19:21:21] [Render thread/INFO]: [System] [CHAT] [][U] LULU » busko team
[19:21:32] [Render thread/INFO]: [System] [CHAT] [][U] DuendePochi » gabx144 vamos a prision op
[19:21:33] [Render thread/INFO]: [System] [CHAT] [FYA][LATAM+][||✱||2024||✱||] Adriasan » D:
[19:21:34] [Render thread/INFO]: [System] [CHAT] -------------------[MINELATINO]-------------------
[19:21:34] [Render thread/INFO]: [System] [CHAT]                         www.minelatino.shop
[19:21:34] [Render thread/INFO]: [System] [CHAT]                      ¡Aceptamos criptomonedas!
[19:21:34] [Render thread/INFO]: [System] [CHAT] ------------------------[♥]-----------------------
[19:21:35] [Render thread/INFO]: [System] [CHAT] ianzaballaYETS2 ha conseguido el progreso [Vístete]
[19:21:35] [Render thread/INFO]: [System] [CHAT] [][U]｢ᴄᴜᴘɪᴅᴏ｣ JoycieH » tiene voice chat
[19:21:35] [Render thread/INFO]: [System] [CHAT] [🥇][ONLY][INFINITE][G][I] Gaeellll » XD?
[19:21:36] [Render thread/INFO]: [System] [CHAT] ianzaballaYETS2 ha conseguido el progreso [¡Diamantes!]
[19:21:37] [Render thread/INFO]: [System] [CHAT] §6§l ➥ §6✉ (DeMon_pp ▻ YO) » agarrastes las cosas
[19:21:40] [Render thread/INFO]: [System] [CHAT] [][U]｢ᴄᴜᴘɪᴅᴏ｣ JoycieH » tienen voice chat
[19:21:42] [Render thread/INFO]: [System] [CHAT] [][U][Luchador] i_TAPYO » si pero en otra pc
[19:21:42] [Render thread/INFO]: [System] [CHAT] [🥇][ONLY][INFINITE][G][I] Gaeellll » holaa :D
[19:21:45] [Render thread/INFO]: [System] [CHAT] §6§l ➥ §6✉ (YO ▻ DeMon_pp) » no agarre nada...
[19:21:48] [Render thread/INFO]: [System] [CHAT] [][U] ianzaballaYETS2 » esto no es mio
[19:21:48] [Render thread/INFO]: [System] [CHAT] [][U] Renzimancraft » pepe gordito pou =D
[19:21:50] [Render thread/INFO]: [System] [CHAT] TiziFalcao911 ha conseguido el progreso [La Edad de Piedra]
[19:21:51] [Render thread/INFO]: [System] [CHAT] [Crew][DIAMOND][I][ ❆ .2025. ❆ ] pepemancraft123 » xd
[19:21:53] [Render thread/INFO]: [System] [CHAT] §6§l ➥ §6✉ (YO ▻ DeMon_pp) » solte todo si no te fijastes :/
[19:21:54] [Render thread/INFO]: [System] [CHAT] [FYA][LATAM+][||✱||2024||✱||] Adriasan » lo mataste
[19:21:55] [Render thread/INFO]: [System] [CHAT] [FYA][LATAM+][||✱||2024||✱||] Adriasan » xD
[19:21:56] [Render thread/INFO]: [System] [CHAT] [][U] DuendePochi » gabx144 vamos a prision op
[19:22:00] [Render thread/INFO]: [System] [CHAT] [🥇][ONLY][INFINITE][G][I] Gaeellll » noo
[19:22:01] [Render thread/INFO]: [System] [CHAT] [][U] EmyGaby » pero necesito muchos esqueletos, lava y tolvas
[19:22:02] [Render thread/INFO]: [System] [CHAT] [FYA][LATAM+][||✱||2024||✱||] Adriasan » aa
[19:22:03] [Render thread/INFO]: [System] [CHAT] [🥇][ONLY][INFINITE][G][I] Gaeellll » se murii
[19:22:03] [Render thread/INFO]: [System] [CHAT] [][U] LULU » alguien me une a su clan
[19:22:03] [Render thread/INFO]: [System] [CHAT] []｢⚡｣｢!༻ᴊᴜʟɪᴇᴛᴀ༺!｣ soymemox » hagan ban all
[19:22:03] [Render thread/INFO]: [System] [CHAT] [Crew][DIAMOND][I][ ❆ .2025. ❆ ] pepemancraft123 » denle ban
[19:22:04] [Render thread/INFO]: [System] [CHAT] [][U] Renzimancraft » bo
[19:22:04] [Render thread/INFO]: [System] [CHAT] [FYA][LATAM+][||✱||2024||✱||] Adriasan » que bueno :D
[19:22:04] [Render thread/INFO]: [System] [CHAT] -----------------[TOP DONADORES]-----------------
[19:22:04] [Render thread/INFO]: [System] [CHAT]   dannyreyes | NotxCrazy_ | 40ms | TheWichzz | StayCrying
[19:22:04] [Render thread/INFO]: [System] [CHAT]  Guerrero6542 | jus44 | Azouw7u7 | Krash21z | MauricioARM
[19:22:04] [Render thread/INFO]: [System] [CHAT]       MaoCapo | Jixcode | Catalinaaajj | tiopalta | Alayn3z
[19:22:04] [Render thread/INFO]: [System] [CHAT]          Akqme__ | Pepitoelmanco22 | Showtime7 | V2Etsu
[19:22:04] [Render thread/INFO]: [System] [CHAT] ----------------------[14/21]----------------------
[19:22:04] [Render thread/INFO]: [System] [CHAT]  MINELATINO » ¡Este comando requiere un usuario!
[19:22:05] [Render thread/WARN]: Received passengers for unknown entity
[19:22:05] [Render thread/INFO]: [System] [CHAT] [🥈][ANBU][U][GG] .FrancoTomRom » averlo
[19:22:05] [Render thread/INFO]: [System] [CHAT] []｢⚡｣｢!༻ᴊᴜʟɪᴇᴛᴀ༺!｣ soymemox » yamevoy
[19:22:06] [Render thread/INFO]: [System] [CHAT] [🥇][ONLY][INFINITE][G][I] Gaeellll » murio
[19:22:12] [Render thread/INFO]: [System] [CHAT] [][U] vicente » alguien me regala un pico me mori ase poco
[19:22:13] [Render thread/INFO]: [System] [CHAT] [][U] LULU » xd
[19:22:14] [Render thread/INFO]: [System] [CHAT] MR_gato000000 ha conseguido el progreso [El dulce cantar]
[19:22:16] [Render thread/INFO]: [System] [CHAT] [🥇][ONLY][INFINITE][G][I] Gaeellll » se cayó creo :v
[19:22:16] [Render thread/INFO]: [System] [CHAT] [FYA][LATAM+][||✱||2024||✱||] Adriasan » :D
[19:22:16] [Render thread/INFO]: [System] [CHAT] [][U][Luchador] i_TAPYO » no
[19:22:19] [Render thread/INFO]: [System] [CHAT] [FYA][LATAM+][||✱||2024||✱||] Adriasan » cres
[19:22:20] [Render thread/INFO]: [System] [CHAT] [FYA][LATAM+][||✱||2024||✱||] Adriasan » jaja
[19:22:34] [Render thread/INFO]: [System] [CHAT] -------------------[MINELATINO]-------------------
[19:22:34] [Render thread/INFO]: [System] [CHAT]   ¡Evita ser sancionado por usar clientes ilegales!
[19:22:34] [Render thread/INFO]: [System] [CHAT]        minelatino.com/knowledge/todo-sobre-los-clientes
[19:22:34] [Render thread/INFO]: [System] [CHAT]         ¡Descubre que clientes son legales y cuáles no!
[19:22:34] [Render thread/INFO]: [System] [CHAT] ------------------------[♥]-----------------------
[19:22:41] [Render thread/INFO]: [System] [CHAT] [][U] vicente » busco chamba
[19:22:42] [Render thread/INFO]: [System] [CHAT] §6§l ➥ §6✉ (YO ▻ DeMon_pp) » quieres guerra?
[19:22:43] [Render thread/INFO]: [System] [CHAT] [][U] EmyGaby » voy a casa
[19:22:44] [Render thread/INFO]: [System] [CHAT] [][U] needlessgg » casi me caigo al abismo
[19:22:45] [Render thread/INFO]: [System] [CHAT] [][U] LULU » ke me bez
[19:22:47] [Render thread/INFO]: [System] [CHAT] [][U] LULU » ola
[19:22:50] [Render thread/INFO]: [System] [CHAT] [67][LATAM+][I] vSrDark04v » ♡ busco novia para jugar roblox y maikra le regalo rangos ♡
[19:22:53] [Render thread/INFO]: [System] [CHAT] §6§l ➥ §6✉ (DeMon_pp ▻ YO) » si eres recontra malo
[19:22:53] [Render thread/INFO]: [System] [CHAT] [][U][Luchador] i_TAPYO » joy
[19:22:55] [Render thread/INFO]: [System] [CHAT] [FYA][LATAM+][||✱||2024||✱||] Adriasan » jsdjsadj
[19:22:58] [Render thread/INFO]: [System] [CHAT] [][U]｢ᴄᴜᴘɪᴅᴏ｣ JoycieH » que
[19:22:59] [Render thread/INFO]: [System] [CHAT] §6§l ➥ §6✉ (YO ▻ DeMon_pp) » ok probemos ..
[19:23:00] [Render thread/INFO]: [System] [CHAT] [FYA][LATAM+][||✱||2024||✱||] Adriasan » yo
[19:23:01] [Render thread/INFO]: [System] [CHAT] [][U] vicente » busco chamba
[19:23:01] [Render thread/INFO]: [System] [CHAT] §6§l ➥ §6✉ (DeMon_pp ▻ YO) » ni me quieres hacer 1v1
[19:23:01] [Render thread/INFO]: [System] [CHAT] [FYA][LATAM+][||✱||2024||✱||] Adriasan » :v
[19:23:02] [Render thread/INFO]: [System] [CHAT] [][IRON]｢!༻ʀᴏᴍᴇᴏ༺!｣ kurotsuno5 » vendo kit netherita+elitros=100k
[19:23:02] [Render thread/INFO]: [System] [CHAT] [ONL1][DIAMOND][Luchador] alexsanrroman » y repa
[19:23:02] [Render thread/INFO]: [System] [CHAT] [FYA][LATAM+][||✱||2024||✱||] Adriasan » jadjjads
[19:23:03] [Render thread/INFO]: [System] [CHAT] [][U] bautistaeche5 » xd
[19:23:04] [Render thread/INFO]: [System] [CHAT] [][U] Angelp033 » hace mucho que no junego, aun se juega por llamadas de discord?
[19:23:04] [Render thread/INFO]: [System] [CHAT] -----------------[TOP DONADORES]-----------------
[19:23:04] [Render thread/INFO]: [System] [CHAT]               Erjize | librasagi | MrPopeta | Elizabath
[19:23:04] [Render thread/INFO]: [System] [CHAT]      iHighBlume | Pescadete | ItsViani01 | bautistagturza_
[19:23:04] [Render thread/INFO]: [System] [CHAT]      _AfterChange | Lesther1504 | josesito24 | ySpintown
[19:23:04] [Render thread/INFO]: [System] [CHAT]        NFLD99 | TheKingNoob | MrBlaky | Elqueviveensan4
[19:23:04] [Render thread/INFO]: [System] [CHAT] -----------------------[1/21]----------------------
[19:23:05] [Render thread/INFO]: [System] [CHAT] §6§l ➥ §6✉ (DeMon_pp ▻ YO) » ni me quieres hacer 1v1
[19:23:05] [Render thread/INFO]: [System] [CHAT] §6§l ➥ §6✉ (DeMon_pp ▻ YO) » ni me quieres hacer 1v1
[19:23:06] [Render thread/INFO]: [System] [CHAT] [][U] 0kupa » yo xd
[19:23:07] [Render thread/INFO]: [System] [CHAT] [][U] ianzaballaYETS2 » hola
[19:23:08] [Render thread/INFO]: [System] [CHAT]  MINELATINO » ¡Saliendo de la zona de Zoren_05!
[19:23:08] [Render thread/INFO]: [System] [CHAT] [67][LATAM+][I] vSrDark04v » ♡ XD ♡
[19:23:09] [Render thread/INFO]: [System] [CHAT] [][U] vicente » busco chamba
[19:23:09] [Render thread/INFO]: [System] [CHAT] §6§l ➥ §6✉ (YO ▻ DeMon_pp) » 1v1 donde estas
[19:23:11] [Render thread/INFO]: [System] [CHAT] [][U] bautistaeche5 » xd
[19:23:11] [Render thread/INFO]: [System] [CHAT]  MINELATINO » ¡Entrando a la zona de Samuel_Silvio!
[19:23:11] [Render thread/INFO]: [System] [CHAT] [🥇][ONLY]｢⚡｣👑i[ＳＰＬ]i👑 vSpelixJpv » xd
[19:23:12] [Render thread/INFO]: [System] [CHAT]  MINELATINO » ¡Saliendo de la zona de Samuel_Silvio!
[19:23:14] [Render thread/INFO]: [System] [CHAT]  MINELATINO » ¡Entrando a la zona de JoycieH!
[19:23:14] [Render thread/INFO]: [System] [CHAT] [🥉] [URSS][LATAM+][L][I] vazquez09 » alguien vende coral?
[19:23:15] [Render thread/INFO]: [System] [CHAT]  MINELATINO » ¡Saliendo de la zona de JoycieH!
[19:23:15] [Render thread/INFO]: [System] [CHAT]  MINELATINO » ¡Entrando a la zona de FJAN!
[19:23:15] [Render thread/INFO]: [System] [CHAT] lucaazo1313 ha conseguido el progreso [La Edad de Hierro]
[19:23:15] [Render thread/INFO]: [System] [CHAT] [][U] TiziFalcao911 » bro donde estas
[19:23:16] [Render thread/INFO]: [System] [CHAT]  MINELATINO » ¡Saliendo de la zona de FJAN!
[19:23:16] [Render thread/INFO]: [System] [CHAT]  MINELATINO » ¡Entrando a la zona de JoycieH!
[19:23:18] [Render thread/INFO]: [System] [CHAT] [][U] LULU » BUSKO TEAM
[19:23:18] [Render thread/INFO]: [System] [CHAT]  MINELATINO » ¡Saliendo de la zona de JoycieH!
[19:23:22] [Render thread/INFO]: [System] [CHAT] [🥉] [URSS][LATAM+][L][I] vazquez09 » alguien vende coral? pf
[19:23:23] [Render thread/INFO]: [System] [CHAT] [67][LATAM+][I] vSrDark04v » ♡ Angelp033, Si pero tambien puedes descargar el mod del voice y hablar por aqui ♡
[19:23:24] [Render thread/INFO]: [System] [CHAT] [][U] needlessgg » manda tp
[19:23:24] [Render thread/INFO]: [System] [CHAT]  MINELATINO » ¡Entrando a la zona de Zoren_05!
[19:23:29] [Render thread/INFO]: [System] [CHAT] lucaazo1313 ha conseguido el progreso [¿No es hierrónico?]
[19:23:31] [Render thread/INFO]: [System] [CHAT] [][U] LULU » alguien me manda tp
[19:23:34] [Render thread/INFO]: [System] [CHAT] §6§l ➥ §6✉ (YO ▻ DeMon_pp) » donde estas
[19:23:34] [Render thread/INFO]: [System] [CHAT] -------------------[MINELATINO]-------------------
[19:23:34] [Render thread/INFO]: [System] [CHAT]                         www.minelatino.shop
[19:23:34] [Render thread/INFO]: [System] [CHAT]           ¡Rangos, picos, espadas, dinero & mucho más!
[19:23:34] [Render thread/INFO]: [System] [CHAT] ------------------------[♥]-----------------------
[19:23:41] [Render thread/INFO]: [System] [CHAT] [][DIAMOND] Ale0x_ » yo puedo ser tu novia, soy mujer mira
[19:23:42] [Render thread/INFO]: [System] [CHAT] [][U] LULU » para hacer team
[19:23:44] [Render thread/INFO]: [System] [CHAT] [][DIAMOND] Ale0x_ » no me sé estacionar
[19:23:46] [Render thread/INFO]: [System] [CHAT] [][U] needlessgg » tizi
[19:23:47] [Render thread/INFO]: [System] [CHAT] [FYA][LATAM+][||✱||2024||✱||] Adriasan » ese we
[19:23:50] [Render thread/INFO]: [System] [CHAT] [JRAN][IRON][Luchador] daxxel_2711 » xd
[19:23:50] [Render thread/INFO]: [System] [CHAT] [][U] needlessgg » chancho
[19:23:51] [Render thread/INFO]: [System] [CHAT] [][U] vicente » busco amigos
[19:23:51] [Render thread/INFO]: [System] [CHAT] [67][LATAM+][I] vSrDark04v » ♡ yaya ♡
[19:23:51] [Render thread/INFO]: [System] [CHAT]  MINELATINO » ¡Saliendo de la zona de Zoren_05!
[19:23:52] [Render thread/INFO]: [System] [CHAT] [67][LATAM+][I] AroIsPro » xd
[19:23:52] [Render thread/INFO]: [System] [CHAT] [67][LATAM+][I] vSrDark04v » ♡ eres mujer ♡
[19:23:54] [Render thread/INFO]: [System] [CHAT] [][U] vicente » busco amigos
[19:23:55] [Render thread/INFO]: [System] [CHAT] [67][LATAM+][I] AroIsPro » comppro base
[19:23:56] [Render thread/INFO]: [System] [CHAT] [🥇][ONLY][INFINITE][G][I] Gaeellll » zizi
[19:23:58] [Render thread/INFO]: [System] [CHAT]  MINELATINO » ¡Entrando a la zona de Zoren_05!
[19:23:58] [Render thread/INFO]: [System] [CHAT] [][U] vicente » busco amigos
[19:24:04] [Render thread/INFO]: [System] [CHAT] -----------------[TOP DONADORES]-----------------
[19:24:04] [Render thread/INFO]: [System] [CHAT]         TheKillerV2 | Peely_21 | WhoIsFeer | jsebasgr21
[19:24:04] [Render thread/INFO]: [System] [CHAT]          vaca78 | doriano | JulianEhud0909 | Makarov_L
[19:24:04] [Render thread/INFO]: [System] [CHAT]              Fajardex | Pr1me | diatomics | LayonSbR
[19:24:04] [Render thread/INFO]: [System] [CHAT]         Rendo_ | Alex_One23 | Pedroga2002 | byelgamer
[19:24:04] [Render thread/INFO]: [System] [CHAT] -----------------------[4/21]----------------------
[19:24:06] [Render thread/INFO]: [System] [CHAT] [][U] DeMon_pp » malloooo
[19:24:07] [Render thread/INFO]: [System] [CHAT] [][U] needlessgg » y eso
[19:24:08] [Render thread/INFO]: [System] [CHAT] [67][LATAM+][I] AroIsPro » compro base
[19:24:08] [Render thread/INFO]: [System] [CHAT] [][U] ianzaballaYETS2 » es hacker
[19:24:08] [Render thread/INFO]: [System] [CHAT] [][U] DeMon_pp » remalo
[19:24:09] [Render thread/INFO]: [System] [CHAT] [][U] Shafiff5070 » brother se pueden conprar antorchar
[19:24:09] [Render thread/INFO]: [System] [CHAT] [][U] .Sofia62018 » que tenía que ver el que no se sepa estacionar a ser mujer xd
[19:24:10] [Render thread/INFO]: [System] [CHAT]  MINELATINO » ¡Saliendo de la zona de Zoren_05!
[19:24:12] [Render thread/INFO]: [System] [CHAT] [][U] LULU » ola
[19:24:12] [Render thread/INFO]: [System] [CHAT] [🥉] [URSS][LATAM+][L][I] vazquez09 » alguien vende coral? pf
[19:24:12] [Render thread/INFO]: [System] [CHAT]  MINELATINO » ¡Entrando a la zona de Zoren_05!
[19:24:15] [Render thread/INFO]: [System] [CHAT] [][U] matiaas42O » xddd
[19:24:16] [Render thread/INFO]: [System] [CHAT] [67][LATAM+][I] vSrDark04v » ♡ uhh} ♡
[19:24:16] [Render thread/INFO]: [System] [CHAT]  MINELATINO » ¡Saliendo de la zona de Zoren_05!
[19:24:19] [Render thread/INFO]: [System] [CHAT]  MINELATINO » ¡Entrando a la zona de Samuel_Silvio!
[19:24:19] [Render thread/INFO]: [System] [CHAT] [][U] LULU » pos komo c hace team
[19:24:20] [Render thread/INFO]: [System] [CHAT]  MINELATINO » ¡Saliendo de la zona de Samuel_Silvio!
[19:24:22] [Render thread/INFO]: [System] [CHAT]  MINELATINO » ¡Entrando a la zona de JoycieH!
[19:24:22] [Render thread/INFO]: [System] [CHAT] _Azxzel_ ha conseguido el progreso [Plus ultra]
[19:24:24] [Render thread/INFO]: [System] [CHAT] [][U] DuendePochi » chau me voy
[19:24:30] [Render thread/INFO]: [System] [CHAT] §6§l ➥ §6✉ (YO ▻ i_TAPYO) » estan peliando?
[19:24:33] [Render thread/INFO]: [System] [CHAT] [][U] .GuiltyDust04449 » si
[19:24:33] [Render thread/INFO]: [System] [CHAT] [][U] DeMon_pp » oe rodrigo el mato a los obejkas
[19:24:34] [Render thread/INFO]: [System] [CHAT]  MINELATINO » ¡Saliendo de la zona de JoycieH!
[19:24:34] [Render thread/INFO]: [System] [CHAT] -------------------[MINELATINO]-------------------
[19:24:34] [Render thread/INFO]: [System] [CHAT] [LATAM+] Naranjitia67 » ¡Que bien me queda el LATAM+!
[19:24:34] [Render thread/INFO]: [System] [CHAT]           Si te gusta como se ve, puedes comprarlo en
[19:24:34] [Render thread/INFO]: [System] [CHAT]                            www.minelatino.shop
[19:24:34] [Render thread/INFO]: [System] [CHAT] ------------------------[♥]-----------------------
[19:24:35] [Render thread/INFO]: [System] [CHAT] [FYA][LATAM+][||✱||2024||✱||] Adriasan » jaja
[19:24:36] [Render thread/INFO]: [System] [CHAT] [][U] DeMon_pp » obejas
[19:24:36] [Render thread/INFO]: [System] [CHAT] [][U] vicente » alguien quiere ser mi amigo
[19:24:37] [Render thread/INFO]: [System] [CHAT] [][U] ianzaballaYETS2 » es hackeñ
[19:24:37] [Render thread/INFO]: [System] [CHAT] [🥇][ONLY][INFINITE][G][I] Gaeellll » jeje
[19:24:37] [Render thread/INFO]: [System] [CHAT]  MINELATINO » ¡Entrando a la zona de Samuel_Silvio!
[19:24:38] [Render thread/INFO]: [System] [CHAT] [][U] LULU » k hago no se como se juega
[19:24:38] [Render thread/INFO]: [System] [CHAT]  MINELATINO » ¡Saliendo de la zona de Samuel_Silvio!
[19:24:41] [Render thread/INFO]: [System] [CHAT]  MINELATINO » ¡Entrando a la zona de Lui2BleP!
[19:24:42] [Render thread/INFO]: [System] [CHAT] [][U] DeMon_pp » no te digo que son re malos
[19:24:43] [Render thread/INFO]: [System] [CHAT] §6§l ➥ §6✉ (i_TAPYO ▻ YO) » si
[19:24:45] [Render thread/INFO]: [System] [CHAT] [][U] EmyGaby » ire a mi casita...
[19:24:45] [Render thread/INFO]: [System] [CHAT] [FYA][LATAM+][||✱||2024||✱||] Adriasan » si bro
[19:24:46] [Render thread/INFO]: [System] [CHAT] [67][LATAM+][I] vSrDark04v » ♡ Angelp033 ♡
[19:24:47] [Render thread/INFO]: [System] [CHAT]  MINELATINO » ¡Saliendo de la zona de Lui2BleP!
[19:24:47] [Render thread/INFO]: [System] [CHAT]  MINELATINO » ¡Entrando a la zona de DeMon_pp!
[19:24:47] [Render thread/INFO]: [System] [CHAT] [FYA][LATAM+][||✱||2024||✱||] Adriasan » soy hacker
[19:24:51] [Render thread/INFO]: [System] [CHAT] Hey! Sorry, but you can't PvP here.
[19:24:52] [Render thread/INFO]: [System] [CHAT] Hey! Sorry, but you can't PvP here.
[19:24:54] [Render thread/INFO]: [System] [CHAT] [][IRON]｢!༻ʀᴏᴍᴇᴏ༺!｣ kurotsuno5 » alguien quiere un area de 64x64 aplanada?
[19:24:54] [Render thread/INFO]: [System] [CHAT] [][U] ianzaballaYETS2 » esya en creativo
[19:24:55] [Render thread/INFO]: [System] [CHAT] [🥇][ONLY]｢⚡｣👑i[ＳＰＬ]i👑 vSpelixJpv » bueno entro al rato o mañana cuidense papus los quiero , suerte
[19:24:56] [Render thread/INFO]: [System] [CHAT] §6§l ➥ §6✉ (YO ▻ DeMon_pp) » 1v1
[19:24:58] [Render thread/INFO]: [System] [CHAT] lucaazo1313 ha conseguido el progreso [Vístete]
[19:24:59] [Render thread/INFO]: [System] [CHAT] [FYA][LATAM+][||✱||2024||✱||] Adriasan » tengo el hack que los que me miran soy geys
[19:25:02] [Render thread/INFO]: [System] [CHAT] Hey! Sorry, but you can't PvP here.
[19:25:04] [Render thread/INFO]: [System] [CHAT] -----------------[TOP DONADORES]-----------------
[19:25:04] [Render thread/INFO]: [System] [CHAT]   Lenynzukich | MoonLight_Haze | Cristanshit | BlackreaperX
[19:25:04] [Render thread/INFO]: [System] [CHAT]     ZPARKY_369 | Un_usuario_raro | Pereiira23 | Pineas21
[19:25:04] [Render thread/INFO]: [System] [CHAT]          Gerard0w0 | Eldarkosu | lapizlazul | ItzSunshain
[19:25:04] [Render thread/INFO]: [System] [CHAT]         Alexco7 | Lilthum | Ben_la_Foca | Ichigo7uu7xdalv
[19:25:04] [Render thread/INFO]: [System] [CHAT] -----------------------[3/21]----------------------
[19:25:05] [Render thread/INFO]: [System] [CHAT] [🥉] [URSS][LATAM+][L][I] vazquez09 » alguien vende coral?
[19:25:10] [Render thread/INFO]: [System] [CHAT] [🥇][ONLY][⚡] Soulzgg » bye spelix
[19:25:12] [Render thread/INFO]: [System] [CHAT] [][U] LULU » khe hago wee
[19:25:16] [Render thread/INFO]: [System] [CHAT] [][U] ianzaballaYETS2 » esta en creativo
[19:25:16] [Render thread/INFO]: [System] [CHAT] Hey! Sorry, but you can't break that block here.
[19:25:20] [Render thread/INFO]: [System] [CHAT] Hey! Sorry, but you can't PvP here.
[19:25:21] [Render thread/INFO]: [System] [CHAT] Hey! Sorry, but you can't PvP here.
[19:25:22] [Render thread/INFO]: [System] [CHAT] Hey! Sorry, but you can't break that block here.
[19:25:26] [Render thread/INFO]: [System] [CHAT] Hey! Sorry, but you can't use that here.
[19:25:27] [Render thread/INFO]: [System] [CHAT] Hey! Sorry, but you can't use that here.
[19:25:27] [Render thread/INFO]: [System] [CHAT] [][U] .GuiltyDust04449 » haz rtp
[19:25:28] [Render thread/INFO]: [System] [CHAT] [][U] Emip65t_Y » estoy confundido
[19:25:28] [Render thread/INFO]: [System] [CHAT] Hey! Sorry, but you can't use that here.
[19:25:28] [Render thread/INFO]: [System] [CHAT] Hey! Sorry, but you can't use that here.
[19:25:29] [Render thread/INFO]: [System] [CHAT] Hey! Sorry, but you can't use that here.
[19:25:30] [Render thread/INFO]: [System] [CHAT] Hey! Sorry, but you can't use that here.
[19:25:30] [Render thread/INFO]: [System] [CHAT] Hey! Sorry, but you can't use that here.
[19:25:33] [Render thread/INFO]: [System] [CHAT] Hey! Sorry, but you can't PvP here.
[19:25:34] [Render thread/INFO]: [System] [CHAT] -------------------[MINELATINO]-------------------
[19:25:34] [Render thread/INFO]: [System] [CHAT]                       discord.minelatino.com
[19:25:34] [Render thread/INFO]: [System] [CHAT]                ¡No te pierdas ninguna actualización!
[19:25:34] [Render thread/INFO]: [System] [CHAT] ------------------------[♥]-----------------------
[19:25:37] [Render thread/WARN]: Received passengers for unknown entity
[19:25:39] [Render thread/INFO]: [System] [CHAT] [67][LATAM+][I] vSrDark04v » ♡ Busca en google voicechat-forge 1.21.11 - 2.6.16 ♡
[19:25:41] [Render thread/INFO]: [System] [CHAT] [][U] Emip65t_Y » por que buelan
[19:25:42] [Render thread/INFO]: [System] [CHAT] [67][LATAM+][I] vSrDark04v » ♡ y ya ♡
[19:25:43] [Render thread/INFO]: [System] [CHAT] [FYF][IRON] Kirito_KunI » si eres nuevo usa /tiktok te daran un kit de inicio
[19:25:43] [Render thread/INFO]: [System] [CHAT] needlessgg ha conseguido el progreso [¿No es hierrónico?]
[19:25:44] [Render thread/WARN]: Received passengers for unknown entity
[19:25:44] [Render thread/INFO]: [System] [CHAT]  MINELATINO » ¡Saliendo de la zona de DeMon_pp!
[19:25:44] [Render thread/INFO]: [System] [CHAT]  MINELATINO » ¡Entrando a la zona de Samuel_Silvio!
[19:25:47] [Render thread/INFO]: [System] [CHAT] [][U] ianzaballaYETS2 » jejej
[19:25:47] [Render thread/INFO]: [System] [CHAT] [FYA][LATAM+][||✱||2024||✱||] Adriasan » por el rango
[19:25:49] [Render thread/INFO]: [System] [CHAT]  MINELATINO » ¡Saliendo de la zona de Samuel_Silvio!
[19:25:49] [Render thread/INFO]: [System] [CHAT]  MINELATINO » ¡Entrando a la zona de Samuel_Silvio!
[19:25:55] [Render thread/INFO]: [System] [CHAT] [][U] matiaas42O » yo voy a buscar materiales
[19:25:58] [Render thread/INFO]: [System] [CHAT] Renzimancraft se ha ahogado
[19:25:59] [Render thread/INFO]: [System] [CHAT] [][U] ianzaballaYETS2 » jej
[19:26:00] [Render thread/INFO]: [System] [CHAT] Hey! Sorry, but you can't PvP here.
[19:26:02] [Render thread/INFO]: [System] [CHAT] [][U] Emip65t_Y » oh ya increible son admins
[19:26:03] [Render thread/INFO]: [System] [CHAT] [FYA][LATAM+][||✱||2024||✱||] Adriasan » el de este es hack
[19:26:04] [Render thread/INFO]: [System] [CHAT] -----------------[TOP DONADORES]-----------------
[19:26:04] [Render thread/INFO]: [System] [CHAT]     N1d3a | cerdoycerda | MirandaGZ | sanemi_g2 | Asffer
[19:26:04] [Render thread/INFO]: [System] [CHAT]            ESCANOR243 | sedammvi | SoyOsqui | Naokki_
[19:26:04] [Render thread/INFO]: [System] [CHAT] IsMackBroh | MiDDaY_ch | ExTemporeIV | AshZarok | PazParaMi
[19:26:04] [Render thread/INFO]: [System] [CHAT]         DontHaveTime | phoenix_star | DamyanElBarbaro
[19:26:04] [Render thread/INFO]: [System] [CHAT] ----------------------[10/21]----------------------
[19:26:06] [Render thread/INFO]: [System] [CHAT]  MINELATINO » ¡Saliendo de la zona de Samuel_Silvio!
[19:26:06] [Render thread/INFO]: [System] [CHAT] Se han removido 6 entidades
[19:26:10] [Render thread/INFO]: [System] [CHAT] [][U] Saravia7 » vendo shulker de madera palida y cuarzo
[19:26:15] [Render thread/INFO]: [System] [CHAT]  MINELATINO » ¡Entrando a la zona de Samuel_Silvio!
[19:26:16] [Render thread/INFO]: [System] [CHAT] [][U] DeMon_pp » pa eso
[19:26:17] [Render thread/INFO]: [System] [CHAT] [][U] Emip65t_Y » ok
[19:26:22] [Render thread/INFO]: [System] [CHAT] gabx144 ha sido víctima de Zombi
[19:26:26] [Render thread/INFO]: [System] [CHAT] [][U] DeMon_pp » agggg
[19:26:28] [Render thread/INFO]: [System] [CHAT] [][U] DuendePochi » chau chau nos vemos mañana alas 18:59
[19:26:31] [Render thread/INFO]: [System] [CHAT] §6§l ➥ §6✉ (YO ▻ DeMon_pp) » es 1v1 tu novia se metera con lanza
[19:26:34] [Render thread/INFO]: [System] [CHAT]  MINELATINO » ¡Saliendo de la zona de Samuel_Silvio!
[19:26:34] [Render thread/INFO]: [System] [CHAT] -------------------[MINELATINO]-------------------
[19:26:34] [Render thread/INFO]: [System] [CHAT]      ¿Quieres saber los beneficios de los rangos?
[19:26:34] [Render thread/INFO]: [System] [CHAT]       entonces usa el comando /beneficios para saberlo
[19:26:34] [Render thread/INFO]: [System] [CHAT] ------------------------[♥]-----------------------
[19:26:35] [Render thread/INFO]: [System] [CHAT] [][U] DeMon_pp » es 1v1
[19:26:38] [Render thread/INFO]: [System] [CHAT] ianzaballaYETS2 fue empalado por una estalagmita
[19:26:41] [Render thread/INFO]: [System] [CHAT] [FYA][LATAM+][||✱||2024||✱||] Adriasan » jaja
[19:26:42] [Render thread/INFO]: [System] [CHAT] [FYA][LATAM+][||✱||2024||✱||] Adriasan » lmao
[19:26:45] [Render thread/INFO]: [System] [CHAT] [][U] ianzaballaYETS2 » naa
[19:26:47] [Render thread/INFO]: [System] [CHAT] [🥉] [URSS][LATAM+][L][I] vazquez09 » alguien vende coral?
[19:26:48] [Render thread/INFO]: [System] [CHAT] [][U] DeMon_pp » pa esololoo
[19:26:49] [Render thread/INFO]: [System] [CHAT] [][IRON]｢!༻ʀᴏᴍᴇᴏ༺!｣ kurotsuno5 » alguien quiere un area de 64x64 aplanada con unas granjas de caña y moobs?
[19:27:02] [Render thread/INFO]: [System] [CHAT] [🥈][ANBU][U][GG] .FrancoTomRom » pago 10k al que me repare mis elytras
[19:27:04] [Render thread/INFO]: [System] [CHAT] -----------------[TOP DONADORES]-----------------
[19:27:04] [Render thread/INFO]: [System] [CHAT]           guillepc | XxkronosMK | JuanDaa08 | Luis_nwn
[19:27:04] [Render thread/INFO]: [System] [CHAT]      blithe_kitsune | SoulsWin | Aranyx | OscarSilva011120
[19:27:04] [Render thread/INFO]: [System] [CHAT]          IrvinML7 | Maquino198 | Sofphire | Omega_Dream
[19:27:04] [Render thread/INFO]: [System] [CHAT]    KONANmyi | Kiuminnu | Srfrox | Soltador | FaithfulPanda48
[19:27:04] [Render thread/INFO]: [System] [CHAT] ----------------------[15/21]----------------------
[19:27:06] [Render thread/INFO]: [System] [CHAT] [JRAN][IRON][Luchador] .IsaacA0156 » mmm..
[19:27:07] [Render thread/INFO]: [System] [CHAT] [67][LATAM+][I] vSrDark04v » ♡ .FrancoTomRom ♡
[19:27:08] [Render thread/INFO]: [System] [CHAT] [FYA][LATAM+][||✱||2024||✱||] Adriasan » Gael2012
[19:27:11] [Render thread/INFO]: [System] [CHAT] [FYA][LATAM+][||✱||2024||✱||] Adriasan » comprame map arts :D
[19:27:13] [Render thread/INFO]: [System] [CHAT] [][U] DeMon_pp » jajajaja
[19:27:13] [Render thread/INFO]: [System] [CHAT] [67][LATAM+][I] vSrDark04v » ♡ Yo te lo hago gratis ♡
[19:27:17] [Render thread/INFO]: [System] [CHAT] [🥇][ONLY][INFINITE][G][I] Gaeellll » avel
[19:27:23] [Render thread/INFO]: [System] [CHAT] [][U] EmyGaby » je....
[19:27:28] [Render thread/INFO]: [System] [CHAT] [][U]｢ᴄᴜᴘɪᴅᴏ｣ JoycieH » recuperaste DeMon_pp
[19:27:30] [Render thread/INFO]: [System] [CHAT]  MINELATINO » ¡Entrando a la zona de Samuel_Silvio!
[19:27:30] [Render thread/INFO]: [System] [CHAT]  MINELATINO » ¡Saliendo de la zona de Samuel_Silvio!
[19:27:30] [Render thread/INFO]: [System] [CHAT]  MINELATINO » ¡Entrando a la zona de Lui2BleP!
[19:27:31] [Render thread/INFO]: [System] [CHAT]  MINELATINO » ¡Saliendo de la zona de Lui2BleP!
[19:27:31] [Render thread/INFO]: [System] [CHAT] [🥈][ANBU][U][GG] .FrancoTomRom » oyeee
[19:27:32] [Render thread/INFO]: [System] [CHAT] [][IRON] Valois667 » ayyy que ofreton
[19:27:33] [Render thread/INFO]: [System] [CHAT] [][U] TiziFalcao911 » bro
[19:27:34] [Render thread/INFO]: [System] [CHAT] -------------------[MINELATINO]-------------------
[19:27:34] [Render thread/INFO]: [System] [CHAT]                ¡250.000 sanciones realizadas!
[19:27:34] [Render thread/INFO]: [System] [CHAT]               así que, por favor, no uses hacks =(
[19:27:34] [Render thread/INFO]: [System] [CHAT] ------------------------[♥]-----------------------
[19:27:35] [Render thread/INFO]: [System] [CHAT] [🥈][ANBU][U][GG] .FrancoTomRom » como es tu suer
[19:27:35] [Render thread/INFO]: [System] [CHAT] [🥉] [URSS][LATAM+][L][I] vazquez09 » alguien vende coral?
[19:27:35] [Render thread/INFO]: [System] [CHAT] [][U] needlessgg » q
[19:27:39] [Render thread/INFO]: [System] [CHAT] [][U] TiziFalcao911 » te llevaste la mesa de crafteo
[19:27:39] [Render thread/INFO]: [System] [CHAT] [][IRON] Valois667 » casi siempre pago :(
[19:27:39] [Render thread/INFO]: [System] [CHAT] [67][LATAM+][I] vSrDark04v » ♡ .FrancoTomRom No me pagues ♡
[19:27:42] [Render thread/INFO]: [System] [CHAT]  MINELATINO » ¡Entrando a la zona de Samuel_Silvio!
[19:27:43] [Render thread/INFO]: [System] [CHAT] [67][LATAM+][I] vSrDark04v » ♡ Te regalo el fix ♡
[19:27:43] [Render thread/INFO]: [System] [CHAT]  MINELATINO » ¡Saliendo de la zona de Samuel_Silvio!
[19:27:44] [Render thread/INFO]: [System] [CHAT]  MINELATINO » ¡Entrando a la zona de Samuel_Silvio!
[19:27:46] [Render thread/INFO]: [System] [CHAT] [][U] needlessgg » mal la mia
[19:27:47] [Render thread/INFO]: [System] [CHAT] [🥈][ANBU][U][GG] .FrancoTomRom » graciaaass eres el mejor
[19:27:49] [Render thread/INFO]: [System] [CHAT] [][U] LULU » alguien me dice que tengo que hacer??
[19:27:54] [Render thread/INFO]: [System] [CHAT] [🥇][ONLY][INFINITE][G][I][¿Qué?] Tenseiv » asd
[19:27:54] [Render thread/INFO]: [System] [CHAT] [][U] JuanLuisxd » alguien de venezuela que tenga rango?
[19:27:54] [Render thread/INFO]: [System] [CHAT] [🥇][ONLY][INFINITE][G][I] Gaeellll » osiosi
[19:27:56] [Render thread/INFO]: [System] [CHAT] Hey! Sorry, but you can't PvP here.
[19:27:56] [Render thread/INFO]: [System] [CHAT] xetrix78 ha conseguido el progreso [Vístete]
[19:27:56] [Render thread/INFO]: [System] [CHAT] [][U] DeMon_pp » pa eso
[19:27:57] [Render thread/INFO]: [System] [CHAT] Hey! Sorry, but you can't PvP here.
[19:27:58] [Render thread/INFO]: [System] [CHAT] [][U] Emip65t_Y » te falta algo
[19:27:58] [Render thread/INFO]: [System] [CHAT] [🥈][ANBU][U][GG] .FrancoTomRom » ya me repararon grx a todos :3
[19:27:59] [Render thread/INFO]: [System] [CHAT]  MINELATINO » ¡Saliendo de la zona de Samuel_Silvio!
[19:28:01] [Render thread/INFO]: [System] [CHAT] [🥇][ONLY][INFINITE][G][I] Gaeellll » eswe
[19:28:03] [Render thread/INFO]: [System] [CHAT] [FYA][LATAM+][||✱||2024||✱||] Adriasan » va
[19:28:04] [Render thread/INFO]: [System] [CHAT] -----------------[TOP DONADORES]-----------------
[19:28:04] [Render thread/INFO]: [System] [CHAT]     uScoret | Joker_420 | jorge650 | marco724 | hanry22
[19:28:04] [Render thread/INFO]: [System] [CHAT]       Stan_F77 | M4TTyAlz | ANTRONIXGAMER12 | LuciMoon_
[19:28:04] [Render thread/INFO]: [System] [CHAT]      xlVermeil | 1v4nch0 | Aldegraft | MysticEdy | AmirSb21
[19:28:04] [Render thread/INFO]: [System] [CHAT]        Gohan2305 | Rave_Dxrk | FrancoGlz | MacGregory_
[19:28:04] [Render thread/INFO]: [System] [CHAT] ----------------------[11/21]----------------------
[19:28:06] [Render thread/WARN]: Received passengers for unknown entity
[19:28:06] [Render thread/WARN]: Received passengers for unknown entity
[19:28:07] [Render thread/INFO]: [System] [CHAT] [FYA][LATAM+][||✱||2024||✱||] Adriasan » que otro
[19:28:07] [Render thread/INFO]: [System] [CHAT] [][U] matiaas42O » encontre aldeanos
[19:28:08] [Render thread/INFO]: [System] [CHAT] [][U] Shafiff5070 » gente como conpran cosas aqui
[19:28:08] [Render thread/INFO]: [System] [CHAT] [][U] bautistaeche5 » xd
[19:28:09] [Render thread/INFO]: [System] [CHAT] [][U] ianzaballaYETS2 » la espada el pico
[19:28:10] [Render thread/INFO]: [System] [CHAT] [67][LATAM+][I] vSrDark04v » ♡ LULU, Solo pon /tiktok, y despues /rtp ♡
[19:28:11] [Render thread/INFO]: [System] [CHAT] [JRAN][IRON][Luchador] .IsaacA0156 » venn
[19:28:12] [Render thread/INFO]: [System] [CHAT] [67][LATAM+][I] vSrDark04v » ♡ Y juega mine xd ♡
[19:28:13] [Render thread/INFO]: [System] [CHAT] [][U][Luchador] Zarpas_ » Dios que lag que tengo
[19:28:16] [Render thread/INFO]: [System] [CHAT] [][U] bautistaeche5 » xd
[19:28:17] [Render thread/INFO]: [System] [CHAT] [][U] LULU » k agoh ashuda
[19:28:17] [Render thread/INFO]: [System] [CHAT]  MINELATINO » ¡Entrando a la zona de Samuel_Silvio!
[19:28:22] [Render thread/INFO]: [System] [CHAT] [][U] Naranjitia67 » con lanza XD
[19:28:22] [Render thread/INFO]: [System] [CHAT] [][U] TiziFalcao911 » bro
[19:28:25] [Render thread/INFO]: [System] [CHAT] [][U] TiziFalcao911 » ya vengo
[19:28:25] [Render thread/INFO]: [System] [CHAT] LULU ha conseguido el progreso [Plus ultra]
[19:28:33] [Render thread/INFO]: [System] [CHAT] [][U] needlessgg » va
[19:28:34] [Render thread/INFO]: [System] [CHAT] [FYA][LATAM+][||✱||2024||✱||] Adriasan » uuf 1ryanh
[19:28:34] [Render thread/INFO]: [System] [CHAT] -------------------[MINELATINO]-------------------
[19:28:34] [Render thread/INFO]: [System] [CHAT]       ¿Hackers, jugadores tóxicos o problemas?
[19:28:34] [Render thread/INFO]: [System] [CHAT]      usa /report y el staff de turno entrará en acción
[19:28:34] [Render thread/INFO]: [System] [CHAT] ------------------------[♥]-----------------------
[19:28:35] [Render thread/INFO]: [System] [CHAT] [][U] DeMon_pp » eres malo nto
[19:28:38] [Render thread/INFO]: [System] [CHAT] [][U] DeMon_pp » eresss malooooo
[19:28:38] [Render thread/INFO]: [System] [CHAT] [🥇][ONLY][INFINITE][G][I] Gaeellll » ohsiohsi
[19:28:38] [Render thread/INFO]: [System] [CHAT] [][U] Naranjitia67 » con lanza :v
[19:28:39] [Render thread/INFO]: [System] [CHAT] [][U] bautistaeche5 » xd
[19:28:40] [Render thread/INFO]: [System] [CHAT] [FYA][LATAM+][||✱||2024||✱||] Adriasan » la mejor expicacion
[19:28:42] [Render thread/INFO]: [System] [CHAT]  MINELATINO » ¡Saliendo de la zona de Samuel_Silvio!
[19:28:44] [Render thread/INFO]: [System] [CHAT] [][U] DeMon_pp » quieres guerra ps xddd}
[19:28:45] [Render thread/INFO]: [System] [CHAT] [FYA][LATAM+][||✱||2024||✱||] Adriasan » ese?
[19:28:47] [Render thread/INFO]: [System] [CHAT] [][U] DeMon_pp » que abuso}
[19:28:48] [Render thread/INFO]: [System] [CHAT] [🥇][ONLY][INFINITE][G][I] Gaeellll » si
[19:28:48] [Render thread/INFO]: [System] [CHAT]  MINELATINO » ¡Entrando a la zona de Samuel_Silvio!
[19:28:49] [Render thread/INFO]: [System] [CHAT] [FYA][LATAM+][||✱||2024||✱||] Adriasan » va
[19:28:51] [Render thread/INFO]: [System] [CHAT] [][U][Luchador] i_TAPYO » eresm malo dice xd
[19:28:51] [Render thread/INFO]: [System] [CHAT] kirito_kun ha conseguido el progreso [Plus ultra]
[19:28:56] [Render thread/INFO]: [System] [CHAT]  MINELATINO » ¡No tienes permiso para usar este comando!
[19:29:00] [Render thread/INFO]: [System] [CHAT] [][U][Luchador] i_TAPYO » nomas que me den mazo y gg
[19:29:04] [Render thread/INFO]: [System] [CHAT] §6§l ➥ §6✉ (YO ▻ i_TAPYO) » tienes 1 flecha?
[19:29:04] [Render thread/INFO]: [System] [CHAT] -----------------[TOP DONADORES]-----------------
[19:29:04] [Render thread/INFO]: [System] [CHAT]       XxmicheloxX655 | LCAMluis | SofiaOuO | Blumennkranz
[19:29:04] [Render thread/INFO]: [System] [CHAT]          Luluun_ | xDMNTx | Benjax_master | AgusDroid
[19:29:04] [Render thread/INFO]: [System] [CHAT]       MotoZierra0009 | RichKillers | K4miJou | JuanAnimeYT
[19:29:04] [Render thread/INFO]: [System] [CHAT]         UnknownZero | Hirumast | Beth27 | xBadMistakex
[19:29:04] [Render thread/INFO]: [System] [CHAT] -----------------------[6/21]----------------------
[19:29:08] [Render thread/INFO]: [System] [CHAT] [][U] DeMon_pp » pierdete nomas
[19:29:09] [Render thread/INFO]: [System] [CHAT] [][U] Shafiff5070 » antorchas
[19:29:12] [Render thread/INFO]: [System] [CHAT] §6§l ➥ §6✉ (YO ▻ i_TAPYO) » osea 1 de tnt
[19:29:12] [Render thread/INFO]: [System] [CHAT] [][GOLD] xXKELVINXx » juan paredes gomes
[19:29:13] [Render thread/INFO]: [System] [CHAT] §6§l ➥ §6✉ (i_TAPYO ▻ YO) » no
[19:29:14] [Render thread/INFO]: [System] [CHAT] [🥇][ONLY][INFINITE][G][I] Gaeellll » yaya eso cuanto
[19:29:15] [Render thread/INFO]: [System] [CHAT]  MINELATINO » ✔ Teletransportando a la protección ps68102x80y-74506z en 3 segundos, no te muevas.
[19:29:16] [Render thread/INFO]: [System] [CHAT] §6§l ➥ §6✉ (YO ▻ i_TAPYO) » esperame
[19:29:18] [Render thread/INFO]: [System] [CHAT]  MINELATINO » ¡Saliendo de la zona de Samuel_Silvio!
[19:29:18] [Render thread/INFO]: [System] [CHAT]  MINELATINO » ¡Entrando a la zona de Martinaaa16!
[19:29:18] [Render thread/INFO]: Starting [1] Placement Manager Daemon threads
[19:29:18] [Render thread/INFO]: [System] [CHAT]  MINELATINO » ✔ Teletransportado a la protección ps68102x80y-74506z
[19:29:19] [Render thread/INFO]: [System] [CHAT] [FYA][LATAM+][||✱||2024||✱||] Adriasan » 32k
[19:29:21] [Render thread/INFO]: [System] [CHAT] §6§l ➥ §6✉ (i_TAPYO ▻ YO) » si
[19:29:23] [Render thread/INFO]: [System] [CHAT] [🥇][ONLY][INFINITE][G][I] Gaeellll » va
[19:29:25] [Render thread/INFO]: [System] [CHAT] [][U][Luchador] Lui2BleP » aqui hay maso oh sano
[19:29:33] [Render thread/INFO]: [System] [CHAT] iTam_ara ha conseguido el progreso [Vístete]
[19:29:34] [Render thread/INFO]: [System] [CHAT] -------------------[MINELATINO]-------------------
[19:29:34] [Render thread/INFO]: [System] [CHAT]                         www.minelatino.shop
[19:29:34] [Render thread/INFO]: [System] [CHAT] para ser un TOP DONADOR, debes donar más de 100 USD
[19:29:34] [Render thread/INFO]: [System] [CHAT] ------------------------[♥]-----------------------
[19:29:39] [Render thread/INFO]: [System] [CHAT] [][U] dylan_123 » alguien tiene coetes
[19:29:40] [Render thread/INFO]: [System] [CHAT]  MINELATINO » ¡La petición ha sido enviada a i_TAPYO!
[19:29:45] [Render thread/INFO]: [System] [CHAT] §6§l ➥ §6✉ (YO ▻ i_TAPYO) » me haces 1 vagoneta de tnt?
[19:29:47] [Render thread/INFO]: [System] [CHAT] §6§l ➥ §6✉ (YO ▻ i_TAPYO) » o 2
[19:29:48] [Render thread/INFO]: [System] [CHAT] [][U][Luchador] i_TAPYO » zs
[19:29:54] [Render thread/INFO]: [System] [CHAT] §6§l ➥ §6✉ (i_TAPYO ▻ YO) » ok
[19:29:55] [Render thread/INFO]: [System] [CHAT] [][U] LULU » me teletransportaron a una kasa
[19:29:57] [Render thread/INFO]: [System] [CHAT] [🥇][ONLY][INFINITE][G][I] Gaeellll » bien
[19:29:59] [Render thread/INFO]: [System] [CHAT] §6§l ➥ §6✉ (YO ▻ i_TAPYO) » acepta llevame aya
[19:30:00] [Render thread/INFO]: [System] [CHAT] [][U] LULU » que hago
[19:30:00] [Render thread/INFO]: [System] [CHAT] [FYA][LATAM+][||✱||2024||✱||] Adriasan » otro cliente feliz :D
[19:30:02] [Render thread/INFO]: [System] [CHAT] §6§l ➥ §6✉ (YO ▻ i_TAPYO) » dnvo xD
[19:30:04] [Render thread/INFO]: [System] [CHAT] -----------------[TOP DONADORES]-----------------
[19:30:04] [Render thread/INFO]: [System] [CHAT]          ByPaulSG | paul_erick16 | Aleksaurio | nagi_UwU
[19:30:04] [Render thread/INFO]: [System] [CHAT]   xXx_NOVA_xXx | Theluciferpvp | PsyCereso | Ghostspared
[19:30:04] [Render thread/INFO]: [System] [CHAT]    PANDEMART | JuannnCeee | AthaOblen45 | kaykpi | DrKiller
[19:30:04] [Render thread/INFO]: [System] [CHAT]         DiosEnrique1255 | kausho | mixtang | ElReyDelLag
[19:30:04] [Render thread/INFO]: [System] [CHAT] ----------------------[18/21]----------------------
[19:30:06] [Render thread/INFO]: [System] [CHAT] [🥇][ONLY][INFINITE][G][I] Gaeellll » muy
[19:30:14] [Render thread/INFO]: [System] [CHAT] [🥇][ONLY][INFINITE][G][I] Gaeellll » manda tp
[19:30:15] [Render thread/INFO]: [System] [CHAT] [][U] DeMon_pp » fuerzs?
[19:30:18] [Render thread/INFO]: [System] [CHAT] [FYA][LATAM+][||✱||2024||✱||] Adriasan » voy
[19:30:19] [Render thread/INFO]: [System] [CHAT] -------------------------------------------------
[19:30:19] [Render thread/INFO]: [System] [CHAT] ➥ El jugador Ale0x_ acaba de votar por el
[19:30:19] [Render thread/INFO]: [System] [CHAT] ➥ servidor y ha ganado increíbles cosas ♥
[19:30:19] [Render thread/INFO]: [System] [CHAT] ➥ Si también quieres ganar, usa /vote
[19:30:19] [Render thread/INFO]: [System] [CHAT] -------------------------------------------------
[19:30:20] [Render thread/INFO]: [System] [CHAT] [][IRON]｢!༻ʀᴏᴍᴇᴏ༺!｣ kurotsuno5 » alguien quiere un area aplanada de 64x64 con granjas de caña y moobs?
[19:30:22] [Render thread/INFO]: [System] [CHAT] -------------------------------------------------
[19:30:22] [Render thread/INFO]: [System] [CHAT] ➥ El jugador Ale0x_ acaba de votar por el
[19:30:22] [Render thread/INFO]: [System] [CHAT] ➥ servidor y ha ganado increíbles cosas ♥
[19:30:22] [Render thread/INFO]: [System] [CHAT] ➥ Si también quieres ganar, usa /vote
[19:30:22] [Render thread/INFO]: [System] [CHAT] -------------------------------------------------
[19:30:22] [Render thread/INFO]: [System] [CHAT] [][U] LULU » como mando tp
[19:30:27] [Render thread/INFO]: [System] [CHAT] KatStar78 ha conseguido el progreso [Monster Hunter]
[19:30:29] [Render thread/INFO]: [System] [CHAT] §6§l ➥ §6✉ (YO ▻ i_TAPYO) » acepta el tp
[19:30:32] [Render thread/INFO]: [System] [CHAT] [][IRON]｢!༻ᴊᴜʟɪᴇᴛᴀ༺!｣ SrPapa » ./tpa (name jugador)
[19:30:34] [Render thread/INFO]: [System] [CHAT] -------------------[MINELATINO]-------------------
[19:30:34] [Render thread/INFO]: [System] [CHAT]     ¡Vota por el servidor y serás recompensado!
[19:30:34] [Render thread/INFO]: [System] [CHAT]             para votar, solamente debes usar /vote
[19:30:34] [Render thread/INFO]: [System] [CHAT] ------------------------[♥]-----------------------
[19:30:37] [Render thread/INFO]: [System] [CHAT] [][U] bautistaeche5 » si
[19:30:40] [Render thread/INFO]: [System] [CHAT] .Abriilnezz ha muerto por un flechazo de Esqueleto
[19:30:40] [Render thread/INFO]: [System] [CHAT] [][U] bautistaeche5 » aca
[19:30:42] [Render thread/INFO]: [System] [CHAT] [][U] Alondert » 7homes
[19:30:46] [Render thread/INFO]: [System] [CHAT] -------------------------------------------------
[19:30:46] [Render thread/INFO]: [System] [CHAT] ➥ El jugador Ale0x_ acaba de votar por el
[19:30:46] [Render thread/INFO]: [System] [CHAT] ➥ servidor y ha ganado increíbles cosas ♥
[19:30:46] [Render thread/INFO]: [System] [CHAT] ➥ Si también quieres ganar, usa /vote
[19:30:46] [Render thread/INFO]: [System] [CHAT] -------------------------------------------------
[19:30:48] [Render thread/INFO]: [System] [CHAT] iTam_ara ha conseguido el progreso [¿No es hierrónico?]
[19:30:51] [Render thread/INFO]: [System] [CHAT] ianzaballaYETS2 ha muerto por un flechazo de Esqueleto
[19:30:56] [Render thread/INFO]: [System] [CHAT] [][U] ianzaballaYETS2 » naa
[19:31:02] [Render thread/INFO]: [System] [CHAT] [][IRON]｢!༻ʀᴏᴍᴇᴏ༺!｣ kurotsuno5 » estaba eso por aca
[19:31:03] [Render thread/INFO]: [System] [CHAT] [][U] TiziFalcao911 » volvi
[19:31:04] [Render thread/INFO]: [System] [CHAT] [][U] TiziFalcao911 » aa
[19:31:04] [Render thread/INFO]: [System] [CHAT] -----------------[TOP DONADORES]-----------------
[19:31:04] [Render thread/INFO]: [System] [CHAT]            CHAVEZ20 | albino2001 | LoveHaze | Danihell
[19:31:04] [Render thread/INFO]: [System] [CHAT] INSPIREKO1 | iGerber | Dekiller27 | Bostime888 | RickyDeath79
[19:31:04] [Render thread/INFO]: [System] [CHAT]    0nsz | Gusquirtle | Marliton08 | perea78 | Chechocastex
[19:31:04] [Render thread/INFO]: [System] [CHAT]              AKO_RPG | RazorLR | sparduk | TacoGabs
[19:31:04] [Render thread/INFO]: [System] [CHAT] -----------------------[9/21]----------------------
[19:31:04] [Render thread/INFO]: [System] [CHAT] [][IRON]｢!༻ʀᴏᴍᴇᴏ༺!｣ kurotsuno5 » tirado xD
[19:31:06] [Render thread/INFO]: [System] [CHAT] [][U] TiziFalcao911 » donde estoy
[19:31:10] [Render thread/INFO]: [System] [CHAT] needlessgg ha muerto por un flechazo de Esqueleto
[19:31:11] [Render thread/INFO]: [System] [CHAT] [FYA][LATAM+][||✱||2024||✱||] Adriasan » cuanto?
[19:31:12] [Render thread/INFO]: [System] [CHAT] [][U] matiaas42O » esto es tuyo =?
[19:31:16] [Render thread/INFO]: [System] [CHAT] [][IRON]｢!༻ʀᴏᴍᴇᴏ༺!｣ kurotsuno5 » nop
[19:31:18] [Render thread/INFO]: [System] [CHAT] [][U] LULU » ora k hago
[19:31:19] [Render thread/INFO]: [System] [CHAT] [][IRON]｢!༻ʀᴏᴍᴇᴏ༺!｣ kurotsuno5 » lo encontre de paso
[19:31:27] [Render thread/INFO]: [System] [CHAT] [][U] DeMon_pp » JAJAJAJA
[19:31:28] [Render thread/INFO]: [System] [CHAT] [][U] matiaas42O » aa
[19:31:28] [Render thread/INFO]: [System] [CHAT] [][IRON]｢!༻ʀᴏᴍᴇᴏ༺!｣ kurotsuno5 » no es de nadie xD
[19:31:29] [Render thread/INFO]: [System] [CHAT] [][U] LULU » busco team
[19:31:31] [Render thread/INFO]: [System] [CHAT] [][U] DeMon_pp » 2 TOTEN
[19:31:34] [Render thread/INFO]: [System] [CHAT] -------------------[MINELATINO]-------------------
[19:31:34] [Render thread/INFO]: [System] [CHAT]        ¿Quieres ser staff y ayudar a MineLatino?
[19:31:34] [Render thread/INFO]: [System] [CHAT]          entonces puedes ingresar al siguiente enlace:
[19:31:34] [Render thread/INFO]: [System] [CHAT]                     minelatino.com/postulaciones/
[19:31:34] [Render thread/INFO]: [System] [CHAT]          para saber los pasos a seguir para ser staff
[19:31:34] [Render thread/INFO]: [System] [CHAT] ------------------------[♥]-----------------------
[19:31:36] [Render thread/INFO]: [System] [CHAT] [][U] matiaas42O » esta sin proteccion?
[19:31:36] [Render thread/INFO]: [System] [CHAT] [][U][Luchador] ANDREW_MADNESS » busco chamba
[19:31:39] [Render thread/INFO]: [System] [CHAT] iTam_ara ha conseguido el progreso [Hoy no, gracias]
[19:31:39] [Render thread/INFO]: [System] [CHAT] [][IRON]｢!༻ʀᴏᴍᴇᴏ༺!｣ kurotsuno5 » si
[19:31:42] [Render thread/INFO]: [System] [CHAT]  MINELATINO » ¡La petición ha sido enviada a i_TAPYO!
[19:31:45] [Render thread/INFO]: [System] [CHAT] §6§l ➥ §6✉ (YO ▻ i_TAPYO) » acepta tp los mato
[19:31:51] [Render thread/INFO]: [System] [CHAT] [][IRON]｢!༻ʀᴏᴍᴇᴏ༺!｣ kurotsuno5 » fua 291 de ping
[19:31:55] [Render thread/INFO]: [System] [CHAT] [][IRON]｢!༻ʀᴏᴍᴇᴏ༺!｣ kurotsuno5 » durisimo
[19:31:55] [Render thread/INFO]: [System] [CHAT]  MINELATINO » ¡i_TAPYO ha aceptado tu teletransportación!
[19:31:55] [Render thread/INFO]: [System] [CHAT]  MINELATINO » ¡Teletransportándose a i_TAPYO!
[19:31:55] [Render thread/INFO]: [System] [CHAT]  MINELATINO » El teletransporte comenzará en 3 segundos. Por favor, no te muevas.
[19:31:58] [Render thread/INFO]: [System] [CHAT]  MINELATINO » Teletransportando...
[19:31:58] [Render thread/INFO]: [System] [CHAT]  MINELATINO » ¡Saliendo de la zona de Martinaaa16!
[19:31:58] [Render thread/INFO]: [System] [CHAT]  MINELATINO » ¡Entrando a la zona de i_TAPYO!
[19:31:59] [Render thread/INFO]: [System] [CHAT] [][U] matiaas42O » xd
[19:31:59] [Render thread/INFO]: [System] [CHAT] [67][LATAM+][I] vSrDark04v » ♡ kurotsuno5, Apaga los jacks ♡
[19:32:04] [Render thread/INFO]: [System] [CHAT] -----------------[TOP DONADORES]-----------------
[19:32:04] [Render thread/INFO]: [System] [CHAT]              quim009 | KunPlex | Gonzonzo | TheEdixon
[19:32:04] [Render thread/INFO]: [System] [CHAT] ----------------------[21/21]----------------------
[19:32:05] [Render thread/INFO]: [System] [CHAT] [FYA][LATAM+][||✱||2024||✱||] Adriasan » xDD
[19:32:05] [Render thread/INFO]: [System] [CHAT] §6§l ➥ §6✉ (YO ▻ i_TAPYO) » te fuistes de aya xD
[19:32:07] [Render thread/INFO]: [System] [CHAT] Serk ha conseguido el progreso [¡Diana!]
[19:32:08] [Render thread/INFO]: [System] [CHAT] [][IRON]｢!༻ʀᴏᴍᴇᴏ༺!｣ kurotsuno5 » no mios, de otro
[19:32:09] [Render thread/INFO]: [System] [CHAT] [][U] juanparedes987 » listo
[19:32:10] [Render thread/INFO]: [System] [CHAT] _Azxzel_ ha conseguido el progreso [Una terrible fortaleza]
[19:32:11] [Render thread/INFO]: [System] [CHAT] [][IRON]｢!༻ʀᴏᴍᴇᴏ༺!｣ kurotsuno5 » xD
[19:32:15] [Render thread/INFO]: [System] [CHAT] [🥇][ONLY][INFINITE][G][I] Gaeellll » ando en la coleccion
[19:32:15] [Render thread/INFO]: [System] [CHAT] §6§l ➥ §6✉ (i_TAPYO ▻ YO) » si
[19:32:17] [Render thread/INFO]: [System] [CHAT] [][U] DeMon_pp » OE
[19:32:19] [Render thread/INFO]: [System] [CHAT] [🥇][ONLY][INFINITE][G][I] Gaeellll » me faltaba esa
[19:32:20] [Render thread/INFO]: [System] [CHAT] [FYA][LATAM+][||✱||2024||✱||] Adriasan » ooo
[19:32:21] [Render thread/INFO]: [System] [CHAT] §6§l ➥ §6✉ (YO ▻ i_TAPYO) » xD y como volvemos
[19:32:23] [Render thread/INFO]: [System] [CHAT] [][U] matiaas42O » toy viendo neflix
[19:32:24] [Render thread/INFO]: [System] [CHAT] needlessgg ha muerto por un flechazo de Esqueleto
[19:32:24] [Render thread/INFO]: [System] [CHAT] [FYA][LATAM+][||✱||2024||✱||] Adriasan » jaja
[19:32:25] [Render thread/INFO]: [System] [CHAT] [][U][Luchador] ANDREW_MADNESS » vendo casa en 25k, si estas interesado envia /msg.
[19:32:27] [Render thread/INFO]: [System] [CHAT] §6§l ➥ §6✉ (i_TAPYO ▻ YO) » no c
[19:32:28] [Render thread/INFO]: [System] [CHAT]  MINELATINO » ✔ Teletransportando a la protección ps68102x80y-74506z en 3 segundos, no te muevas.
[19:32:29] [Render thread/INFO]: [System] [CHAT] [][U]｢ᴄᴜᴘɪᴅᴏ｣ JoycieH » call
[19:32:31] [Render thread/INFO]: [System] [CHAT]  MINELATINO » ¡Saliendo de la zona de i_TAPYO!
[19:32:31] [Render thread/INFO]: [System] [CHAT]  MINELATINO » ¡Entrando a la zona de Martinaaa16!
[19:32:31] [Render thread/INFO]: [System] [CHAT]  MINELATINO » ✔ Teletransportado a la protección ps68102x80y-74506z
[19:32:34] [Render thread/INFO]: [System] [CHAT] §6§l ➥ §6✉ (YO ▻ i_TAPYO) » voy por pociones de exp
[19:32:34] [Render thread/INFO]: [System] [CHAT] -------------------[MINELATINO]-------------------
[19:32:34] [Render thread/INFO]: [System] [CHAT]                             ¿Sabías qué...
[19:32:34] [Render thread/INFO]: [System] [CHAT]         MineLatino Network se fundó en julio del 2019?
[19:32:34] [Render thread/INFO]: [System] [CHAT] ------------------------[♥]-----------------------
[19:32:36] [Render thread/INFO]: [System] [CHAT] [][U]｢ᴄᴜᴘɪᴅᴏ｣ JoycieH » the boss
[19:32:44] [Render thread/INFO]: [System] [CHAT] §6§l ➥ §6✉ (i_TAPYO ▻ YO) » ok
[19:32:45] [Render thread/INFO]: [System] [CHAT] [][U] matiaas42O » q es eso
[19:32:48] [Render thread/INFO]: [System] [CHAT] WITCHBLOOD ha conseguido el progreso [Una terrible fortaleza]
[19:32:51] [Render thread/INFO]: [System] [CHAT] [][IRON] Cloaker115 » Big boss?
[19:32:53] [Render thread/INFO]: [System] [CHAT] [67][LATAM+][I] vSrDark04v » ♡ dan_dan gay gay ♡
[19:32:55] [Render thread/INFO]: [System] [CHAT] [FYA][LATAM+][||✱||2024||✱||] Adriasan » no quieres mas :V
[19:32:58] [Render thread/INFO]: [System] [CHAT] (ANUNCIO) ¡El jugador Vladimir065 ha sumado 5 minutos al ciclo del tiempo! Esto se hará en 30 segundos, atento.
[19:33:01] [Render thread/INFO]: [System] [CHAT] [🥇][ONLY][INFINITE][G][I] Gaeellll » em
[19:33:01] [Render thread/INFO]: [System] [CHAT] [FYA][LATAM+][||✱||2024||✱||] Adriasan » necesito money ;C
[19:33:04] [Render thread/INFO]: [System] [CHAT] -----------------[TOP DONADORES]-----------------
[19:33:04] [Render thread/INFO]: [System] [CHAT]     EPIT21 | DrScott18 | _Nighteye | Leslik4rina | Azkurbal
[19:33:04] [Render thread/INFO]: [System] [CHAT]   JEDEFA | mashin | 4rtur0000_2004 | PietroPVLM | Blackweb
[19:33:04] [Render thread/INFO]: [System] [CHAT]      Andriu05 | IEMEI | TheGhostlyPirate | iMayco | Baccus
[19:33:04] [Render thread/INFO]: [System] [CHAT]   ANGELYT1617 | LimonsitoConRon | maikelCraft7w7 | ElKrakos
[19:33:04] [Render thread/INFO]: [System] [CHAT] ----------------------[16/21]----------------------
[19:33:06] [Render thread/INFO]: [System] [CHAT] §6§l ➥ §6✉ (YO ▻ i_TAPYO) » mandales tp mientras xd
[19:33:07] [Render thread/INFO]: [System] [CHAT] PETERETEjr ha sido víctima de Zombi
[19:33:09] [Render thread/INFO]: [System] [CHAT] [🥇][ONLY][INFINITE][G][I] Gaeellll » jajaj
[19:33:11] [Render thread/INFO]: [System] [CHAT] [FYA][LATAM+][||✱||2024||✱||] Adriasan » jaja
[19:33:13] [Render thread/INFO]: [System] [CHAT] [🥇][ONLY][INFINITE][G][I] Gaeellll » yo tmb...
[19:33:16] [Render thread/INFO]: [System] [CHAT] [FYA][LATAM+][||✱||2024||✱||] Adriasan » D:
[19:33:18] [Render thread/INFO]: [System] [CHAT] [FYA][LATAM+][||✱||2024||✱||] Adriasan » somos 2 pobres
[19:33:19] [Render thread/INFO]: [System] [CHAT] Serk ha completado el desafío [Cálidos destinos turísticos]
[19:33:22] [Render thread/INFO]: [System] [CHAT] [🥇][ONLY][INFINITE][G][I] Gaeellll » sisi
[19:33:24] [Render thread/INFO]: [System] [CHAT] [🥉] [URSS][LATAM+][L][I] vazquez09 » alguien vende coral?
[19:33:27] [Render thread/INFO]: [System] [CHAT] [][U] Emip65t_Y » voy
[19:33:29] [Render thread/INFO]: [System] [CHAT]  MINELATINO » ¡Molocho2024 se ha unido a nuestro aventura! Es el jugador (#370,911)
[19:33:29] [Render thread/INFO]: [System] [CHAT] Molocho2024 ha conseguido el progreso [Mejorando herramientas]
[19:33:30] [Render thread/INFO]: [System] [CHAT] [FYA][LATAM+][||✱||2024||✱||] Adriasan » otra mas de las cumbias
[19:33:33] [Render thread/INFO]: [System] [CHAT] [FYA][LATAM+][||✱||2024||✱||] Adriasan » originales
[19:33:34] [Render thread/INFO]: [System] [CHAT] [][U] LULU » wenas
[19:33:34] [Render thread/INFO]: [System] [CHAT] -------------------[MINELATINO]-------------------
[19:33:34] [Render thread/INFO]: [System] [CHAT]                         www.minelatino.shop
[19:33:34] [Render thread/INFO]: [System] [CHAT]                      ¡Aceptamos criptomonedas!
[19:33:34] [Render thread/INFO]: [System] [CHAT] ------------------------[♥]-----------------------
[19:33:39] [Render thread/INFO]: [System] [CHAT] .IsaacA0156 ha caído desde muy alto
[19:33:43] [Render thread/INFO]: [System] [CHAT] [FYA][LATAM+][||✱||2024||✱||] Adriasan » vuelve a marcar compa carlos
[19:33:45] [Render thread/INFO]: [System] [CHAT] [FYA][LATAM+][||✱||2024||✱||] Adriasan » tun
[19:33:46] [Render thread/INFO]: [System] [CHAT] [FYA][LATAM+][||✱||2024||✱||] Adriasan » un
[19:33:47] [Render thread/INFO]: [System] [CHAT] [JRAN][IRON][Luchador] .IsaacA0156 » Xddd
[19:33:48] [Render thread/INFO]: [System] [CHAT] [][U] needlessgg » como consigo dinero?
[19:33:48] [Render thread/INFO]: [System] [CHAT] [][U] LULU » gracias
[19:33:49] [Render thread/INFO]: [System] [CHAT]  MINELATINO » ¡.molan1682 se ha unido a nuestro aventura! Es el jugador (#370,912)
[19:33:49] [Render thread/INFO]: [System] [CHAT] .molan1682 ha conseguido el progreso [Mejorando herramientas]
[19:33:50] [Render thread/INFO]: [System] [CHAT] [PEK1][INFINITE][D][G]｢!༻ʀᴏᴍᴇᴏ༺!｣ Chatooo » ya se fue nino?
[19:33:53] [Render thread/INFO]: [System] [CHAT] [PEK1][INFINITE][D][G]｢!༻ʀᴏᴍᴇᴏ༺!｣ Chatooo » o no se ha conectado
[19:33:53] [Render thread/INFO]: [System] [CHAT] FRED_LOL ha sido víctima de Zombi
[19:33:54] [Render thread/INFO]: [System] [CHAT] [][U] kirito_kun » usa /tiktok
[19:33:59] [Render thread/INFO]: [System] [CHAT] Fran_ruz ha alcanzado el objetivo [Post mortem]
[19:33:59] [Render thread/INFO]: [System] [CHAT] .Abriilnezz ha muerto entre llamas
[19:33:59] [Render thread/INFO]: [System] [CHAT] [][U][Luchador] Zarpas_ » asd
[19:34:00] [Render thread/INFO]: [System] [CHAT] Fran_ruz ha sido víctima de Vex
[19:34:04] [Render thread/INFO]: [System] [CHAT] -----------------[TOP DONADORES]-----------------
[19:34:04] [Render thread/INFO]: [System] [CHAT]          Theone | xFighterS2 | srgamerx | NiicoElMaquina
[19:34:04] [Render thread/INFO]: [System] [CHAT]         Canales_154 | Mezar7513 | WxrLalo | xXwomanXx
[19:34:04] [Render thread/INFO]: [System] [CHAT]    EltripaZeka | Diandita | whos_rvbnn | Rodribecl | prieto34
[19:34:04] [Render thread/INFO]: [System] [CHAT]      CapitanPichula | 25baaaaammm | GobackCL | Berkshiire
[19:34:04] [Render thread/INFO]: [System] [CHAT] ----------------------[12/21]----------------------
[19:34:12] [Render thread/INFO]: [System] [CHAT] [][U] 777dogui777 » que necesitas
[19:34:13] [Render thread/INFO]: [System] [CHAT] [][U] 777dogui777 » dime
[19:34:13] [Render thread/INFO]: [System] [CHAT] [FYA][LATAM+][||✱||2024||✱||] Adriasan » grande
[19:34:14] [Render thread/INFO]: [System] [CHAT] _Azxzel_ ha conseguido el progreso [Jugando con fuego]
[19:34:15] [Render thread/INFO]: [System] [CHAT] [][U] 777dogui777 » :3
[19:34:16] [Render thread/INFO]: [System] [CHAT] [🥇][ONLY][INFINITE][G][I] Gaeellll » JEJE
[19:34:20] [Render thread/INFO]: [System] [CHAT] [][U] 777dogui777 » ayudame hacer una casa
[19:34:20] [Render thread/INFO]: [System] [CHAT] [][U] LULU » como se juega
[19:34:23] [Render thread/INFO]: [System] [CHAT] [FYA][LATAM+][||✱||2024||✱||] Adriasan » puedo ver?
[19:34:26] [Render thread/INFO]: [System] [CHAT] [🥇][ONLY][INFINITE][G][I] Gaeellll » no
[19:34:27] [Render thread/INFO]: [System] [CHAT] [][U] .Sofia62018 » que pedo con el gael xd
[19:34:27] [Render thread/INFO]: [System] [CHAT] [🥇][ONLY][INFINITE][G][I] Gaeellll » si
[19:34:28] [Render thread/INFO]: [System] [CHAT] [][U] Saravia7 » busco chamba
[19:34:28] [Render thread/INFO]: [System] [CHAT] [FYA][LATAM+][||✱||2024||✱||] Adriasan » ok
[19:34:34] [Render thread/INFO]: [System] [CHAT] -------------------[MINELATINO]-------------------
[19:34:34] [Render thread/INFO]: [System] [CHAT]   ¡Evita ser sancionado por usar clientes ilegales!
[19:34:34] [Render thread/INFO]: [System] [CHAT]        minelatino.com/knowledge/todo-sobre-los-clientes
[19:34:34] [Render thread/INFO]: [System] [CHAT]         ¡Descubre que clientes son legales y cuáles no!
[19:34:34] [Render thread/INFO]: [System] [CHAT] ------------------------[♥]-----------------------
[19:34:36] [Render thread/INFO]: [System] [CHAT] Fran_ruz ha sido víctima de Vex
[19:34:39] [Render thread/INFO]: [System] [CHAT] [FYA][LATAM+][||✱||2024||✱||] Adriasan » :O
[19:34:43] [Render thread/INFO]: [System] [CHAT] [][U] kirito_kun » para volver al inicio solo usa /spawn
[19:34:50] [Render thread/INFO]: [System] [CHAT] [][U] LULU » yia
[19:34:53] [Render thread/INFO]: [System] [CHAT] [][U] kirito_kun » y luego /rtp para jugar
[19:35:04] [Render thread/INFO]: [System] [CHAT] -----------------[TOP DONADORES]-----------------
[19:35:04] [Render thread/INFO]: [System] [CHAT]         MrTaquitoMC | IPeluchito | Loler_Over | soymemox
[19:35:04] [Render thread/INFO]: [System] [CHAT]    Fredy_Graces | GerardLG74 | merlindeplay | Nicoestobar
[19:35:04] [Render thread/INFO]: [System] [CHAT]             benja893 | H4CK3110 | JUANZZY | Ferlantz
[19:35:04] [Render thread/INFO]: [System] [CHAT]            Kamn001 | Jorgemili0 | TheGolemKidd | Touzh
[19:35:04] [Render thread/INFO]: [System] [CHAT] -----------------------[2/21]----------------------
[19:35:15] [Render thread/INFO]: [System] [CHAT] [🥇][ONLY][INFINITE][G][I] Gaeellll » no funcionan
[19:35:21] [Render thread/INFO]: [System] [CHAT] [FYA][LATAM+][||✱||2024||✱||] Adriasan » ni se de que son
[19:35:22] [Render thread/INFO]: [System] [CHAT] Emip65t_Y ha conseguido el progreso [¡Diana!]
[19:35:22] [Render thread/INFO]: [System] [CHAT] [FYA][LATAM+][||✱||2024||✱||] Adriasan » xD
[19:35:24] [Render thread/INFO]: [System] [CHAT] [🥇][ONLY][INFINITE][G][I] Gaeellll » jajaja
[19:35:25] [Render thread/INFO]: [System] [CHAT] [][U] kirito_kun » al inicio te dan una proteccion de carbon solo ponlo en un lugar y listo, ya tienes casa
[19:35:28] [Render thread/INFO]: [System] [CHAT] Fran_ruz ha sido víctima de Vex
[19:35:28] [Render thread/INFO]: [System] [CHAT] [🥇][ONLY][INFINITE][G][I] Gaeellll » granaj de madera
[19:35:33] [Render thread/INFO]: [System] [CHAT] [][U] Saravia7 » vendo madera palida y cuarzo en cantidades industriales
[19:35:34] [Render thread/INFO]: [System] [CHAT] [FYA][LATAM+][||✱||2024||✱||] Adriasan » a
[19:35:34] [Render thread/INFO]: [System] [CHAT] -------------------[MINELATINO]-------------------
[19:35:34] [Render thread/INFO]: [System] [CHAT]                         www.minelatino.shop
[19:35:34] [Render thread/INFO]: [System] [CHAT]           ¡Rangos, picos, espadas, dinero & mucho más!
[19:35:34] [Render thread/INFO]: [System] [CHAT] ------------------------[♥]-----------------------
[19:35:36] [Render thread/INFO]: [System] [CHAT] [FYA][LATAM+][||✱||2024||✱||] Adriasan » cierto
[19:35:39] [Render thread/INFO]: [System] [CHAT]  MINELATINO » ¡Teletransportando en 3 seconds! No te muevas...
[19:35:39] [Render thread/INFO]: [System] [CHAT] [FYA][LATAM+][||✱||2024||✱||] Adriasan » ya vi el arbol
[19:35:40] [Render thread/INFO]: [System] [CHAT]  MINELATINO » ¡Teletransportando en 2 seconds! No te muevas...
[19:35:41] [Render thread/INFO]: [System] [CHAT]  MINELATINO » ¡Teletransportando en 1 seconds! No te muevas...
[19:35:42] [Render thread/INFO]: [System] [CHAT] [🥇][ONLY][INFINITE][G][I] Gaeellll » jsjsjs
[19:35:42] [Render thread/INFO]: [System] [CHAT]  MINELATINO » ¡Te has teletransportado con éxito al warp Tradeos!
[19:35:42] [Render thread/INFO]: [System] [CHAT]  MINELATINO » ¡Saliendo de la zona de Martinaaa16!
[19:35:42] [Render thread/INFO]: [System] [CHAT]  MINELATINO » ¡Entrando a la zona de Keremy2305!
[19:35:42] [Render thread/INFO]: Starting [1] Placement Manager Daemon threads
[19:36:04] [Render thread/INFO]: [System] [CHAT] -----------------[TOP DONADORES]-----------------
[19:36:04] [Render thread/INFO]: [System] [CHAT]          Pikachu08t | Morita18_ | ladybug | iKenshLuffy_
[19:36:04] [Render thread/INFO]: [System] [CHAT]   Amanda555555555 | InmortalSushy | Mediated4816 | Gatus
[19:36:04] [Render thread/INFO]: [System] [CHAT]      Aitore98 | azm | Chenchiito | NCOFUENTES | BryannnXD
[19:36:04] [Render thread/INFO]: [System] [CHAT]             Darkpl4y | Skvbo | sniperwolf10 | CHAVEZ20
[19:36:04] [Render thread/INFO]: [System] [CHAT] -----------------------[8/21]----------------------
[19:36:06] [Render thread/INFO]: [System] [CHAT] [PEK1][INFINITE][D][G]｢!༻ʀᴏᴍᴇᴏ༺!｣ Chatooo » oye darksito
[19:36:13] [Render thread/INFO]: [System] [CHAT] [67][LATAM+][I] vSrDark04v » ♡ q ♡
[19:36:17] [Render thread/INFO]: [System] [CHAT] [PEK1][INFINITE][D][G]｢!༻ʀᴏᴍᴇᴏ༺!｣ Chatooo » gei
[19:36:19] [Render thread/INFO]: [System] [CHAT] [JRAN][IRON][Luchador] .IsaacA0156 » lo demas 1uedatelñ
[19:36:19] [Render thread/INFO]: [System] [CHAT] [][U] LULU » xd
[19:36:22] [Render thread/INFO]: [System] [CHAT] matiaas42O ha caído desde muy alto
[19:36:24] [Render thread/INFO]: [System] [CHAT] [JRAN][IRON][Luchador] .IsaacA0156 » quedatelo
[19:36:25] [Render thread/INFO]: [System] [CHAT] [67][LATAM+][I] vSrDark04v » ♡ tu eres la mama ahora ♡
[19:36:27] [Render thread/INFO]: [System] [CHAT] [🥇][ONLY][INFINITE][G][I] Gaeellll » MUAJAJA
[19:36:27] [Render thread/INFO]: [System] [CHAT] [JRAN][IRON][Luchador] .IsaacA0156 » si queres
[19:36:29] [Render thread/INFO]: [System] [CHAT] [67][LATAM+][I] vSrDark04v » ♡ feliz dia de la mami dan ♡
[19:36:30] [Render thread/INFO]: [System] [CHAT] [FYA][LATAM+][||✱||2024||✱||] Adriasan » jaja
[19:36:30] [Render thread/INFO]: [System] [CHAT] [PEK1][INFINITE][D][G]｢!༻ʀᴏᴍᴇᴏ༺!｣ Chatooo » ash bueno
[19:36:31] [Render thread/INFO]: [System] [CHAT] xetrix78 ha sido víctima de Zombi
[19:36:32] [Render thread/INFO]: [System] [CHAT] [FYA][LATAM+][||✱||2024||✱||] Adriasan » risa malvada
[19:36:34] [Render thread/INFO]: [System] [CHAT] -------------------[MINELATINO]-------------------
[19:36:34] [Render thread/INFO]: [System] [CHAT] [LATAM+] Naranjitia67 » ¡Que bien me queda el LATAM+!
[19:36:34] [Render thread/INFO]: [System] [CHAT]           Si te gusta como se ve, puedes comprarlo en
[19:36:34] [Render thread/INFO]: [System] [CHAT]                            www.minelatino.shop
[19:36:34] [Render thread/INFO]: [System] [CHAT] ------------------------[♥]-----------------------
[19:36:36] [Render thread/INFO]: [System] [CHAT] [][U] Molocho2024 » como obtener un terreno
[19:36:36] [Render thread/INFO]: [System] [CHAT] [🥇][ONLY][INFINITE][G][I] Gaeellll » zizi
[19:36:39] [Render thread/INFO]: [System] [CHAT] iTam_ara ha sido víctima de Zombi
[19:36:40] [Render thread/INFO]: [System] [CHAT]  MINELATINO » ¡La petición ha sido enviada a DeMon_pp!
[19:36:42] [Render thread/INFO]: [System] [CHAT] [][U] .Sofia62018 » oye Gael eso no era azucar
[19:36:50] [Render thread/INFO]: [System] [CHAT]  MINELATINO » ¡La petición ha sido enviada a JoycieH!
[19:36:55] [Render thread/INFO]: [System] [CHAT] [🥉] [URSS][LATAM+][L][I] vazquez09 » alguien vende coral?
[19:36:56] [Render thread/INFO]: [System] [CHAT] [JRAN][IRON][Luchador] .IsaacA0156 » ponemos agua?
[19:37:02] [Render thread/INFO]: [System] [CHAT] [JRAN][IRON][Luchador] .IsaacA0156 » no no?
[19:37:04] [Render thread/INFO]: [System] [CHAT] -----------------[TOP DONADORES]-----------------
[19:37:04] [Render thread/INFO]: [System] [CHAT]     Tomas244 | Bry00v | Kronos0820 | romeo2103 | MiniDolly
[19:37:04] [Render thread/INFO]: [System] [CHAT]      RasGrimm | TheNazz_ | johanel | Jp_xp215 | Fenizzz34
[19:37:04] [Render thread/INFO]: [System] [CHAT]   Valdes_14 | Enderoeo | AndrezzGG | Dr4k0_TD | Ghenox19
[19:37:04] [Render thread/INFO]: [System] [CHAT]       Klawdioss | Zero_666 | Rollmaster_ | HolaYoSoyAlexx
[19:37:04] [Render thread/INFO]: [System] [CHAT] ----------------------[19/21]----------------------
[19:37:06] [Render thread/INFO]: [System] [CHAT] Fran_ruz ha sido víctima de Vex
[19:37:07] [Render thread/INFO]: [System] [CHAT] §6§l ➥ §6✉ (YO ▻ DeMon_pp) » pvp
[19:37:07] [Render thread/INFO]: [System] [CHAT] [🥇][ONLY][INFINITE][G][I] Gaeellll » XD
[19:37:15] [Render thread/INFO]: [System] [CHAT] [PEK1][LATAM][Luchador] sCkrillex » alguien me regala linternas marinas porfavor
[19:37:15] [Render thread/INFO]: [System] [CHAT] [FYA][LATAM+][||✱||2024||✱||] Adriasan » el golem bien ahi
[19:37:20] [Render thread/INFO]: [System] [CHAT] §6§l ➥ §6✉ (DeMon_pp ▻ YO) » si eres malo
[19:37:20] [Render thread/INFO]: [System] [CHAT] [🥇][ONLY][INFINITE][G][I] Gaeellll » sii
[19:37:21] [Render thread/INFO]: [System] [CHAT] §6§l ➥ §6✉ (DeMon_pp ▻ YO) » si eres malo
[19:37:22] [Render thread/INFO]: [System] [CHAT] [][U] LULU » y como jugamos
[19:37:22] [Render thread/INFO]: [System] [CHAT]  MINELATINO » ¡Jhonny05 se ha unido a nuestro aventura! Es el jugador (#370,913)
[19:37:22] [Render thread/INFO]: [System] [CHAT] Jhonny05 ha conseguido el progreso [Mejorando herramientas]
[19:37:23] [Render thread/INFO]: [System] [CHAT] [FYA][LATAM+][||✱||2024||✱||] Adriasan » feliz de la vida
[19:37:23] [Render thread/INFO]: [System] [CHAT] [67][LATAM+][I] vSrDark04v » ♡ Caparazones de shulker y bloques de hierro en /ah ♡
[19:37:25] [Render thread/INFO]: [System] [CHAT] §6§l ➥ §6✉ (YO ▻ DeMon_pp) » sin lanza..
[19:37:26] [Render thread/INFO]: [System] [CHAT]  MINELATINO » ¡Thiago1337 se ha unido a nuestro aventura! Es el jugador (#370,914)
[19:37:26] [Render thread/INFO]: [System] [CHAT] Thiago1337 ha conseguido el progreso [Mejorando herramientas]
[19:37:31] [Render thread/INFO]: [System] [CHAT] [PEK1][INFINITE][D][G]｢!༻ʀᴏᴍᴇᴏ༺!｣ Chatooo » darksito
[19:37:31] [Render thread/INFO]: [System] [CHAT] §6§l ➥ §6✉ (YO ▻ DeMon_pp) » o miedo
[19:37:32] [Render thread/INFO]: [System] [CHAT] [67][LATAM+][I] vSrDark04v » ♡ dan_dan ♡
[19:37:32] [Render thread/INFO]: [System] [CHAT] [][U] Shafiff5070 » estoy sin mouse y es un lio a la hora de pelea
[19:37:34] [Render thread/INFO]: [System] [CHAT] -------------------[MINELATINO]-------------------
[19:37:34] [Render thread/INFO]: [System] [CHAT]                       discord.minelatino.com
[19:37:34] [Render thread/INFO]: [System] [CHAT]                ¡No te pierdas ninguna actualización!
[19:37:34] [Render thread/INFO]: [System] [CHAT] ------------------------[♥]-----------------------
[19:37:36] [Render thread/INFO]: [System] [CHAT] [🥇][ONLY][INFINITE][G][I] Gaeellll » ups
[19:37:36] [Render thread/INFO]: [System] [CHAT] [67][LATAM+][I] vSrDark04v » ♡ Salte de ese clan feo ♡
[19:37:38] [Render thread/INFO]: [System] [CHAT] §6§l ➥ §6✉ (DeMon_pp ▻ YO) » pierdete nto
[19:37:44] [Render thread/INFO]: [System] [CHAT] §6§l ➥ §6✉ (YO ▻ DeMon_pp) » miedo xd
[19:37:47] [Render thread/INFO]: [System] [CHAT] [][U] EmyGaby » mm
[19:37:47] [Render thread/INFO]: [System] [CHAT]  MINELATINO » ¡burger3279 se ha unido a nuestro aventura! Es el jugador (#370,915)
[19:37:47] [Render thread/INFO]: [System] [CHAT] burger3279 ha conseguido el progreso [Mejorando herramientas]
[19:37:49] [Render thread/INFO]: [System] [CHAT] [PEK1][INFINITE][D][G]｢!༻ʀᴏᴍᴇᴏ༺!｣ Chatooo » ya termine el x64
[19:37:52] [Render thread/INFO]: [System] [CHAT] [JRAN][IRON][Luchador] .IsaacA0156 » pera aqui
[19:37:54] [Render thread/INFO]: [System] [CHAT] [PEK1][LATAM][Luchador] sCkrillex » alguien me regala linternas marinas porfavor
[19:37:55] [Render thread/INFO]: [System] [CHAT] [][U] LULU » como jugamos
[19:37:55] [Render thread/INFO]: [System] [CHAT] [67][LATAM+][I] vSrDark04v » ♡ ojo ♡
[19:37:58] [Render thread/INFO]: [System] [CHAT] [67][LATAM+][I] vSrDark04v » ♡ se viene casino ♡
[19:38:03] [Render thread/INFO]: [System] [CHAT] §6§l ➥ §6✉ (DeMon_pp ▻ YO) » JAJAJAJA MIEDO
[19:38:04] [Render thread/INFO]: [System] [CHAT] -----------------[TOP DONADORES]-----------------
[19:38:04] [Render thread/INFO]: [System] [CHAT]               MiiLis | Lum12345h | Myta39 | CMJBS456
[19:38:04] [Render thread/INFO]: [System] [CHAT]             michael18 | AntooMeow | Stremo | Rramboo
[19:38:04] [Render thread/INFO]: [System] [CHAT]    MonsterWaffle7w7 | R2ZwieDK | iDombush | AngelNotFound
[19:38:04] [Render thread/INFO]: [System] [CHAT]   LordHount | alucard666 | NoSoyShadowL | MamaGamer1234
[19:38:04] [Render thread/INFO]: [System] [CHAT] -----------------------[5/21]----------------------
[19:38:11] [Render thread/INFO]: [System] [CHAT] §6§l ➥ §6✉ (DeMon_pp ▻ YO) » PIERDETE NOMAS
[19:38:11] [Render thread/INFO]: [System] [CHAT] veelt ha conseguido el progreso [¡La cosa está que arde!]
[19:38:18] [Render thread/INFO]: [System] [CHAT]  MINELATINO » ¡Has adquirido un objeto, usa /ah redeem, para reclamarlo!
[19:38:22] [Render thread/INFO]: [System] [CHAT] Molocho2024 ha conseguido el progreso [La Edad de Piedra]
[19:38:23] [Render thread/INFO]: [System] [CHAT] Sp4wn665 ha alcanzado el objetivo [Faroneitor]
[19:38:24] [Render thread/INFO]: [System] [CHAT] [PEK1][INFINITE][D][G]｢!༻ʀᴏᴍᴇᴏ༺!｣ Chatooo » Tu sabes de alguien q sepa de decoracion?
[19:38:25] [Render thread/INFO]: [System] [CHAT] §6§l ➥ §6✉ (YO ▻ DeMon_pp) » xD si etiene
[19:38:28] [Render thread/INFO]: [System] [CHAT] [FYA][LATAM+][||✱||2024||✱||] Adriasan » yo
[19:38:34] [Render thread/INFO]: [System] [CHAT] -------------------[MINELATINO]-------------------
[19:38:34] [Render thread/INFO]: [System] [CHAT]      ¿Quieres saber los beneficios de los rangos?
[19:38:34] [Render thread/INFO]: [System] [CHAT]       entonces usa el comando /beneficios para saberlo
[19:38:34] [Render thread/INFO]: [System] [CHAT] ------------------------[♥]-----------------------
[19:38:37] [Render thread/INFO]: [System] [CHAT] [67][LATAM+][I] vSrDark04v » ♡ adriasan ♡
[19:38:39] [Render thread/INFO]: [System] [CHAT] Shafiff5070 ha sido víctima de Piglin zombificado
[19:38:39] [Render thread/INFO]: [System] [CHAT] [67][LATAM+][I] vSrDark04v » ♡ recomendado ♡
[19:38:43] [Render thread/INFO]: [System] [CHAT] veelt ha conseguido el progreso [Mente fría]
[19:38:46] [Render thread/INFO]: [System] [CHAT] [FYA][LATAM+][||✱||2024||✱||] Adriasan » no es cierto era broma ;c
[19:38:46] [Render thread/INFO]: [System] [CHAT] [PEK1][LATAM][Luchador] sCkrillex » alguien vende linternas marinas?
[19:38:52] [Render thread/INFO]: [System] [CHAT]  MINELATINO » ✔ Teletransportando a la protección ps68102x80y-74506z en 3 segundos, no te muevas.
[19:38:52] [Render thread/INFO]: [System] [CHAT] Fran_ruz ha sido víctima de Vex
[19:38:52] [Render thread/INFO]: [System] [CHAT] [FYA][LATAM+][||✱||2024||✱||] Adriasan » decoro bien de la
[19:38:55] [Render thread/INFO]: [System] [CHAT]  MINELATINO » ¡Saliendo de la zona de Keremy2305!
[19:38:55] [Render thread/INFO]: [System] [CHAT]  MINELATINO » ¡Entrando a la zona de Martinaaa16!
[19:38:55] [Render thread/INFO]: Starting [1] Placement Manager Daemon threads
[19:38:55] [Render thread/INFO]: [System] [CHAT]  MINELATINO » ✔ Teletransportado a la protección ps68102x80y-74506z
[19:38:56] [Render thread/INFO]: [System] [CHAT] [][U] Shafiff5070 » hahahaha
[19:38:59] [Render thread/INFO]: [System] [CHAT] [FYA][LATAM+][||✱||2024||✱||] Adriasan » ya sabe
[19:38:59] [Render thread/INFO]: [System] [CHAT] [PEK1][LATAM][Luchador] sCkrillex » alguien vende linternas marinas?
[19:39:02] [Render thread/INFO]: [System] [CHAT] sikosia0_ ha conseguido el progreso [La vieja Betsy]
[19:39:04] [Render thread/INFO]: [System] [CHAT] -----------------[TOP DONADORES]-----------------
[19:39:04] [Render thread/INFO]: [System] [CHAT]     Keremy2305 | LordLostLP | RiveraF | Seryi_mc | kkwetx
[19:39:04] [Render thread/INFO]: [System] [CHAT]      ElMimikyu778 | KyoukoMejiro | CrisMartinez17 | Nyoora
[19:39:04] [Render thread/INFO]: [System] [CHAT]       Sucre_128 | zVisanter_ | Hector20203030 | iSavvy
[19:39:04] [Render thread/INFO]: [System] [CHAT]     MauroOMG1 | Coutinhoo7 | Santana25 | musicmasterX12
[19:39:04] [Render thread/INFO]: [System] [CHAT] ----------------------[13/21]----------------------
[19:39:08] [Render thread/INFO]: [System] [CHAT] [][U] Shafiff5070 » no se roben mi espada
[19:39:08] [Render thread/INFO]: [System] [CHAT] [67][LATAM+][I] vSrDark04v » ♡ para cuando el casinooo dannn ♡
[19:39:08] [Render thread/INFO]: [System] [CHAT] [ONL1][LATAM+][L][Luchador] Jhoanzzzv » ola buenas
[19:39:13] [Render thread/INFO]: [System] [CHAT] [FYA][LATAM+][||✱||2024||✱||] Adriasan » D:
[19:39:14] [Render thread/INFO]: [System] [CHAT] [🥇][ONLY][INFINITE][G][I][¿Qué?] Tenseiv » buenas
[19:39:16] [Render thread/INFO]: [System] [CHAT] [FYA][LATAM+][||✱||2024||✱||] Adriasan » Jhoanzzz
[19:39:16] [Render thread/INFO]: [System] [CHAT]  MINELATINO » ¡La petición ha sido enviada a Shafiff5070!
[19:39:19] [Render thread/INFO]: [System] [CHAT] [PEK1][LATAM][Luchador] sCkrillex » alguien vende linternas marinas?
[19:39:19] [Render thread/INFO]: [System] [CHAT]  MINELATINO » ¡Shafiff5070 ha aceptado tu teletransportación!
[19:39:19] [Render thread/INFO]: [System] [CHAT]  MINELATINO » ¡Teletransportándose a Shafiff5070!
[19:39:19] [Render thread/INFO]: [System] [CHAT]  MINELATINO » El teletransporte comenzará en 3 segundos. Por favor, no te muevas.
[19:39:20] [Render thread/INFO]: [System] [CHAT] [ONL1][LATAM+][L][Luchador] Jhoanzzzv » que paso?
[19:39:22] [Render thread/INFO]: [System] [CHAT] [FYA][LATAM+][||✱||2024||✱||] Adriasan » nada
[19:39:23] [Render thread/INFO]: [System] [CHAT] [FYA][LATAM+][||✱||2024||✱||] Adriasan » hola
[19:39:23] [Render thread/INFO]: [System] [CHAT]  MINELATINO » Teletransportando...
[19:39:23] [Render thread/INFO]: [System] [CHAT]  MINELATINO » ¡Saliendo de la zona de Martinaaa16!
[19:39:23] [Render thread/INFO]: Starting [1] Placement Manager Daemon threads
[19:39:24] [Render thread/INFO]: [System] [CHAT] [🥇][ONLY][INFINITE][G][I][¿Qué?] Tenseiv » xd
[19:39:24] [Render thread/INFO]: [System] [CHAT] [FYA][LATAM+][||✱||2024||✱||] Adriasan » :D
[19:39:24] [Render thread/INFO]: [System] [CHAT] [][U] 777dogui777 » tpa
[19:39:24] [Render thread/INFO]: [System] [CHAT] [ONL1][LATAM+][L][Luchador] Jhoanzzzv » waos
[19:39:25] [Render thread/INFO]: [System] [CHAT] [][U] 777dogui777 » tpa
[19:39:26] [Render thread/INFO]: [System] [CHAT] [PEK1][INFINITE][D][G]｢!༻ʀᴏᴍᴇᴏ༺!｣ Chatooo » quiere sir haciendo los mecanismos?
[19:39:28] [Render thread/INFO]: [System] [CHAT] [][U] 777dogui777 » shafit
[19:39:30] [Render thread/INFO]: [System] [CHAT] Fran_ruz ha sido víctima de Vex
[19:39:33] [Render thread/INFO]: [System] [CHAT] [][U] 777dogui777 » te pea
[19:39:34] [Render thread/INFO]: [System] [CHAT] LULU ha caído desde muy alto
[19:39:34] [Render thread/INFO]: [System] [CHAT] [DISCORD] w1p3r_r00t » Alex we
[19:39:34] [Render thread/INFO]: [System] [CHAT] -------------------[MINELATINO]-------------------
[19:39:34] [Render thread/INFO]: [System] [CHAT]                ¡250.000 sanciones realizadas!
[19:39:34] [Render thread/INFO]: [System] [CHAT]               así que, por favor, no uses hacks =(
[19:39:34] [Render thread/INFO]: [System] [CHAT] ------------------------[♥]-----------------------
[19:39:44] [Render thread/INFO]: [System] [CHAT] [67][LATAM+][I] vSrDark04v » ♡ que tipo querias ♡
[19:39:46] [Render thread/INFO]: [System] [CHAT] [67][LATAM+][I] vSrDark04v » ♡ como el de owo ♡
[19:39:46] [Render thread/INFO]: [System] [CHAT] [67][LATAM+][I] vSrDark04v » ♡ o naz ♡
[19:39:48] [Render thread/INFO]: [System] [CHAT] [MOD] pol_55 » sad
[19:39:49] [Render thread/INFO]: [System] [CHAT] [][U] josetl » feliz dia de las mamis
[19:39:52] [Render thread/INFO]: [System] [CHAT] [MOD] pol_55 » oña
[19:39:56] [Render thread/INFO]: [System] [CHAT] [PEK1][INFINITE][D][G]｢!༻ʀᴏᴍᴇᴏ༺!｣ Chatooo » obvio como el de owo
[19:40:04] [Render thread/INFO]: [System] [CHAT] -----------------[TOP DONADORES]-----------------
[19:40:04] [Render thread/INFO]: [System] [CHAT]             Cap_Loli | Matorombo | MaxiLXK | ADONAIMXP
[19:40:04] [Render thread/INFO]: [System] [CHAT]     ELdimplayer | Gamer_Analyst33 | Val_st_pz | Lonngsito
[19:40:04] [Render thread/INFO]: [System] [CHAT]          Sariel1227 | NEONWIZ21 | John_Allen | claman20
[19:40:04] [Render thread/INFO]: [System] [CHAT]    AlejandroMT | AzuraaX_ | kuroganeShiro | Cristhian1602
[19:40:04] [Render thread/INFO]: [System] [CHAT] -----------------------[7/21]----------------------
[19:40:05] [Render thread/INFO]: [System] [CHAT] [67][LATAM+][I] vSrDark04v » ♡ ocupare los map art ♡
[19:40:06] [Render thread/INFO]: [System] [CHAT] Fran_ruz ha sido víctima de la magia de Evocador
[19:40:07] [Render thread/INFO]: [System] [CHAT] [67][LATAM+][I] vSrDark04v » ♡ o asi de puro color ♡
[19:40:12] [Render thread/INFO]: [System] [CHAT] [PEK1][INFINITE][D][G]｢!༻ʀᴏᴍᴇᴏ༺!｣ Chatooo » espera
[19:40:13] [Render thread/INFO]: [System] [CHAT] LULU ha caído desde muy alto
[19:40:15] [Render thread/INFO]: [System] [CHAT] [PEK1][INFINITE][D][G]｢!༻ʀᴏᴍᴇᴏ༺!｣ Chatooo » quieres hacer de color?
[19:40:17] [Render thread/INFO]: [System] [CHAT] [][U] 777dogui777 » tusc cosas
[19:40:17] [Render thread/INFO]: [System] [CHAT] [FYA][LATAM+][||✱||2024||✱||] Adriasan » Vendo Pixel arts :D /tpa adriasan para verlos
[19:40:17] [Render thread/INFO]: [System] [CHAT] [][U] XxFurritoCR » toma
[19:40:21] [Render thread/INFO]: [System] [CHAT] [PEK1][INFINITE][D][G]｢!༻ʀᴏᴍᴇᴏ༺!｣ Chatooo » o tambien de numeros
[19:40:22] [Render thread/INFO]: [System] [CHAT] [67][LATAM+][I] vSrDark04v » ♡ Cual decias tú ♡
[19:40:24] [Render thread/INFO]: [System] [CHAT] [67][LATAM+][I] vSrDark04v » ♡ el q sea ♡
[19:40:30] [Render thread/INFO]: [System] [CHAT] [PEK1][INFINITE][D][G]｢!༻ʀᴏᴍᴇᴏ༺!｣ Chatooo » hacemos los 2 mejor
[19:40:31] [Render thread/INFO]: [System] [CHAT] [67][LATAM+][I] vSrDark04v » ♡ la diferencia es conseguir los map art de numeros xd ♡
[19:40:33] [Render thread/INFO]: [System] [CHAT] [MOD] pol_55 » pitwowest
[19:40:34] [Render thread/INFO]: [System] [CHAT] [PEK1][INFINITE][D][G]｢!༻ʀᴏᴍᴇᴏ༺!｣ Chatooo » pa q ganemos mas
[19:40:34] [Render thread/INFO]: [System] [CHAT] -------------------[MINELATINO]-------------------
[19:40:34] [Render thread/INFO]: [System] [CHAT]       ¿Hackers, jugadores tóxicos o problemas?
[19:40:34] [Render thread/INFO]: [System] [CHAT]      usa /report y el staff de turno entrará en acción
[19:40:34] [Render thread/INFO]: [System] [CHAT] ------------------------[♥]-----------------------
[19:40:36] [Render thread/INFO]: [System] [CHAT] [MOD] pol_55 » ese infinite?
[19:40:38] [Render thread/INFO]: [System] [CHAT] [][U] Thiago1337 » me regalas algo
[19:40:41] [Render thread/INFO]: [System] [CHAT] Fran_ruz ha sido víctima de Vex
[19:40:44] [Render thread/INFO]: [System] [CHAT] Rodimus_Prime se ha muerto de hambre
[19:40:44] [Render thread/INFO]: [System] [CHAT] [JRAN][IRON][Luchador] .IsaacA0156 » que lo quieree torturar tu XD
[19:40:45] [Render thread/INFO]: [System] [CHAT] [][U] Thiago1337 » soy nueva
[19:40:50] [Render thread/INFO]: [System] [CHAT]  MINELATINO » ¡La petición ha sido enviada a .IsaacA0156!
[19:40:52] [Render thread/INFO]: [System] [CHAT] [🥈][ANBU][INFINITE] pOCHITA123 » pol_55 en cuanto estan valorizadas las shulkers de bloques de prismarina
[19:40:53] [Render thread/INFO]: [System] [CHAT] [FYA][LATAM+][||✱||2024||✱||] Adriasan » ponles carteles xDD
[19:40:56] [Render thread/INFO]: [System] [CHAT] [🥉] [URSS][LATAM+][L][I] vazquez09 » alguien vende coral?
[19:40:57] [Render thread/INFO]: [System] [CHAT] [MOD] pol_55 » umm
[19:40:57] [Render thread/INFO]: [System] [CHAT] [FYA][LATAM+][||✱||2024||✱||] Adriasan » y tinta brillante
[19:40:58] [Render thread/INFO]: [System] [CHAT] [67][LATAM+][I] vSrDark04v » ♡ Tendras los mats dan? ♡
[19:40:58] [Render thread/INFO]: [System] [CHAT] [FYA][LATAM+][||✱||2024||✱||] Adriasan » xD
[19:40:59] [Render thread/INFO]: [System] [CHAT] [67][LATAM+][I] vSrDark04v » ♡ XD ♡
[19:41:00] [Render thread/INFO]: [System] [CHAT] [MOD] pol_55 » 45k aprox
[19:41:04] [Render thread/INFO]: [System] [CHAT] -----------------[TOP DONADORES]-----------------
[19:41:04] [Render thread/INFO]: [System] [CHAT]    YARE_LEE | MolinaCR23 | jjoseda | KeisukeBaji | Ignabre
[19:41:04] [Render thread/INFO]: [System] [CHAT]  Kayydxn | Slyrikx | Combine__ELITE | Gregton | 0Aaron88xIm
[19:41:04] [Render thread/INFO]: [System] [CHAT]        WoolOstrich8922 | pachequinpro132 | PanzaBiceps
[19:41:04] [Render thread/INFO]: [System] [CHAT]        Chrislcn11 | Esmail88888 | c_sastre | TheMrCatYT
[19:41:04] [Render thread/INFO]: [System] [CHAT] ----------------------[17/21]----------------------
[19:41:06] [Render thread/INFO]: [System] [CHAT] [][U] Jhonny05 » Hola
[19:41:08] [Render thread/INFO]: [System] [CHAT] [67][LATAM+][I] vSrDark04v » ♡ O sea 50 50 ♡
[19:41:08] [Render thread/INFO]: [System] [CHAT] [][U] Jhonny05 » Jhonny05
[19:41:09] [Render thread/INFO]: [System] [CHAT] [PEK1][INFINITE][D][G]｢!༻ʀᴏᴍᴇᴏ༺!｣ Chatooo » no se
[19:41:11] [Render thread/INFO]: [System] [CHAT] [67][LATAM+][I] vSrDark04v » ♡ ayudame a conseguir unos ♡
[19:41:16] [Render thread/INFO]: [System] [CHAT] [PEK1][INFINITE][D][G]｢!༻ʀᴏᴍᴇᴏ༺!｣ Chatooo » q maquina hacemos primero?
[19:41:20] [Render thread/INFO]: [System] [CHAT] [PEK1][INFINITE][D][G]｢!༻ʀᴏᴍᴇᴏ༺!｣ Chatooo » yo ya tengo repetidores y redstone
[19:41:22] [Render thread/INFO]: [System] [CHAT] Renzimancraft ha alcanzado el objetivo [Faroneitor]
[19:41:22] [Render thread/INFO]: [System] [CHAT] Renzimancraft ha conseguido el progreso [Hágase la luz]
[19:41:24] [Render thread/INFO]: [System] [CHAT] [67][LATAM+][I] vSrDark04v » ♡ okey ♡
[19:41:25] [Render thread/INFO]: [System] [CHAT] [PEK1][INFINITE][D][G]｢!༻ʀᴏᴍᴇᴏ༺!｣ Chatooo » tolvas y pistones
[19:41:25] [Render thread/INFO]: [System] [CHAT] [ONL1][LATAM+][L][Luchador] Jhoanzzzv » 3 de colombia
[19:41:28] [Render thread/INFO]: [System] [CHAT] [67][LATAM+][I] vSrDark04v » ♡ ahora te mando el diseño por dc ♡
[19:41:34] [Render thread/INFO]: [System] [CHAT] -------------------[MINELATINO]-------------------
[19:41:34] [Render thread/INFO]: [System] [CHAT]                         www.minelatino.shop
[19:41:34] [Render thread/INFO]: [System] [CHAT] para ser un TOP DONADOR, debes donar más de 100 USD
[19:41:34] [Render thread/INFO]: [System] [CHAT] ------------------------[♥]-----------------------
[19:41:40] [Render thread/INFO]: [System] [CHAT]  MINELATINO » ¡La petición ha sido enviada a DeMon_pp!
[19:41:52] [Render thread/INFO]: [System] [CHAT] Fran_ruz ha sido víctima de Vex
[19:41:54] [Render thread/INFO]: [System] [CHAT] [FYA][LATAM+][||✱||2024||✱||] Adriasan » Vendo Pixel arts :D /tpa adriasan para verlos
[19:42:01] [Render thread/INFO]: [System] [CHAT]  MINELATINO » ¡La petición ha sido enviada a Adriasan!
[19:42:02] [Render thread/INFO]: [System] [CHAT]  MINELATINO » ¡Adriasan ha aceptado tu teletransportación!
[19:42:02] [Render thread/INFO]: [System] [CHAT]  MINELATINO » ¡Teletransportándose a Adriasan!
[19:42:02] [Render thread/INFO]: [System] [CHAT]  MINELATINO » El teletransporte comenzará en 3 segundos. Por favor, no te muevas.
[19:42:04] [Render thread/INFO]: [System] [CHAT] -----------------[TOP DONADORES]-----------------
[19:42:04] [Render thread/INFO]: [System] [CHAT]      Gilsonnick182 | Mr_Zeratul_9 | PoxerUltraXx | Kamiiral
[19:42:04] [Render thread/INFO]: [System] [CHAT]    Ezetexeira_22 | .RoyMustang1309 | D1VINPR | Kumbiero23
[19:42:04] [Render thread/INFO]: [System] [CHAT]    KratosGameplay | XxpaulitaxX | Elbasuer | ElMrGeekSalad
[19:42:04] [Render thread/INFO]: [System] [CHAT]     Ander_nya | SmokingClouds | iNauzrt | ByBlxCk | melioliva
[19:42:04] [Render thread/INFO]: [System] [CHAT] ----------------------[20/21]----------------------
[19:42:06] [Render thread/INFO]: [System] [CHAT]  MINELATINO » Teletransportando...
[19:42:06] [Render thread/INFO]: [System] [CHAT]  MINELATINO » ¡Entrando a la zona de adriasan!
[19:42:06] [Render thread/INFO]: Starting [1] Placement Manager Daemon threads
[19:42:06] [Render thread/WARN]: Received passengers for unknown entity
[19:42:14] [Render thread/INFO]: [System] [CHAT] [][U] Naranjitia67 » CuanTOOO
[19:42:15] [Render thread/INFO]: [System] [CHAT] ianzaballaYETS2 ha conseguido el progreso [La Edad de Hierro]
[19:42:28] [Render thread/INFO]: [System] [CHAT] [JRAN][IRON][Luchador] .IsaacA0156 » oe pero dime que te de permisos =<=
[19:42:34] [Render thread/INFO]: [System] [CHAT] -------------------[MINELATINO]-------------------
[19:42:34] [Render thread/INFO]: [System] [CHAT]     ¡Vota por el servidor y serás recompensado!
[19:42:34] [Render thread/INFO]: [System] [CHAT]             para votar, solamente debes usar /vote
[19:42:34] [Render thread/INFO]: [System] [CHAT] ------------------------[♥]-----------------------
[19:42:51] [Render thread/INFO]: [System] [CHAT] Jhonny05 ha conseguido el progreso [La Edad de Piedra]
[19:42:51] [Render thread/INFO]: [System] [CHAT] Emip65t_Y ha conseguido el progreso [Mente fría]
[19:42:53] [Render thread/INFO]: [System] [CHAT] [][U][Luchador] Zarpas_ » una base abandonada
[19:43:04] [Render thread/INFO]: [System] [CHAT]  MINELATINO » ¡m4tt0 se ha unido a nuestro aventura! Es el jugador (#370,916)
[19:43:04] [Render thread/INFO]: [System] [CHAT] m4tt0 ha conseguido el progreso [Mejorando herramientas]
[19:43:04] [Render thread/INFO]: [System] [CHAT] [][U] Naranjitia67 » CuantOOoo
[19:43:04] [Render thread/INFO]: [System] [CHAT] -----------------[TOP DONADORES]-----------------
[19:43:04] [Render thread/INFO]: [System] [CHAT]   dannyreyes | NotxCrazy_ | 40ms | TheWichzz | StayCrying
[19:43:04] [Render thread/INFO]: [System] [CHAT]  Guerrero6542 | jus44 | Azouw7u7 | Krash21z | MauricioARM
[19:43:04] [Render thread/INFO]: [System] [CHAT]       MaoCapo | Jixcode | Catalinaaajj | tiopalta | Alayn3z
[19:43:04] [Render thread/INFO]: [System] [CHAT]          Akqme__ | Pepitoelmanco22 | Showtime7 | V2Etsu
[19:43:04] [Render thread/INFO]: [System] [CHAT] ----------------------[14/21]----------------------
[19:43:08] [Render thread/INFO]: [System] [CHAT]  MINELATINO » ¡La petición ha sido enviada a Zarpas_!
[19:43:14] [Render thread/INFO]: [System] [CHAT]  MINELATINO » Zarpas_ ha denegado tu teletransportación.
[19:43:24] [Render thread/INFO]: [System] [CHAT] [][U][Luchador] Zarpas_ » esta toda rota
[19:43:29] [Render thread/INFO]: [System] [CHAT] §6§l ➥ §6✉ (YO ▻ Zarpas_) » esmia
[19:43:32] [Render thread/INFO]: [System] [CHAT]  MINELATINO » ¡La petición ha sido enviada a Zarpas_!
[19:43:34] [Render thread/INFO]: [System] [CHAT] -------------------[MINELATINO]-------------------
[19:43:34] [Render thread/INFO]: [System] [CHAT]        ¿Quieres ser staff y ayudar a MineLatino?
[19:43:34] [Render thread/INFO]: [System] [CHAT]          entonces puedes ingresar al siguiente enlace:
[19:43:34] [Render thread/INFO]: [System] [CHAT]                     minelatino.com/postulaciones/
[19:43:34] [Render thread/INFO]: [System] [CHAT]          para saber los pasos a seguir para ser staff
[19:43:34] [Render thread/INFO]: [System] [CHAT] ------------------------[♥]-----------------------
[19:43:36] [Render thread/INFO]: [System] [CHAT]  MINELATINO » Zarpas_ ha denegado tu teletransportación.
[19:43:36] [Render thread/INFO]: [System] [CHAT] [PEK1][INFINITE][D][G]｢!༻ʀᴏᴍᴇᴏ༺!｣ Chatooo » necesitaremos lana, un bloque de oro
[19:43:40] [Render thread/INFO]: [System] [CHAT] [][U] Jhonny05 » ç
[19:43:43] [Render thread/INFO]: [System] [CHAT] [][LATAM+][Luchador] sikosia0_ » hola
[19:43:43] [Render thread/INFO]: [System] [CHAT] [][U] Jhonny05 » Hola :D
[19:43:47] [Render thread/INFO]: [System] [CHAT] [FYA][LATAM+][||✱||2024||✱||] Adriasan » se va
[19:43:47] [Render thread/INFO]: [System] [CHAT]  MINELATINO » ¡Saliendo de la zona de adriasan!
[19:43:49] [Render thread/INFO]: [System] [CHAT] [PEK1][INFINITE][D][G]｢!༻ʀᴏᴍᴇᴏ༺!｣ Chatooo » y 9 diamantes o esmeralda cualquiera de las 2 para las esquinas
[19:43:49] [Render thread/INFO]: [System] [CHAT] [][LATAM+][Luchador] sikosia0_ » nuevo?
[19:43:50] [Render thread/INFO]: [System] [CHAT] [ONL1][LATAM+][L][Luchador] Jhoanzzzv » xdxd
[19:43:50] [Render thread/INFO]: [System] [CHAT] [][U] Jhonny05 » Siii
[19:43:51] [Render thread/INFO]: [System] [CHAT]  MINELATINO » ¡Entrando a la zona de adriasan!
[19:43:58] [Render thread/INFO]: [System] [CHAT] [FYA][LATAM+][||✱||2024||✱||] Adriasan » ./ps ban Naranjitia67
[19:44:02] [Render thread/INFO]: [System] [CHAT] [][U] Naranjitia67 » :(
[19:44:04] [Render thread/INFO]: [System] [CHAT]  MINELATINO » ¡elrulasss se ha unido a nuestro aventura! Es el jugador (#370,917)
[19:44:04] [Render thread/INFO]: [System] [CHAT] elrulasss ha conseguido el progreso [Mejorando herramientas]
[19:44:04] [Render thread/INFO]: [System] [CHAT] [FYA][LATAM+][||✱||2024||✱||] Adriasan » jsdajsad
[19:44:04] [Render thread/INFO]: [System] [CHAT] -----------------[TOP DONADORES]-----------------
[19:44:04] [Render thread/INFO]: [System] [CHAT]               Erjize | librasagi | MrPopeta | Elizabath
[19:44:04] [Render thread/INFO]: [System] [CHAT]      iHighBlume | Pescadete | ItsViani01 | bautistagturza_
[19:44:04] [Render thread/INFO]: [System] [CHAT]      _AfterChange | Lesther1504 | josesito24 | ySpintown
[19:44:04] [Render thread/INFO]: [System] [CHAT]        NFLD99 | TheKingNoob | MrBlaky | Elqueviveensan4
[19:44:04] [Render thread/INFO]: [System] [CHAT] -----------------------[1/21]----------------------
[19:44:06] [Render thread/INFO]: [System] [CHAT] [][U] Shafiff5070 » me das lapiz azul dogui
[19:44:06] [Render thread/INFO]: [System] [CHAT] [ONL1][LATAM+][L][Luchador] Jhoanzzzv » esoeso
[19:44:07] [Render thread/INFO]: [System] [CHAT] [][U] Naranjitia67 » mefui
[19:44:08] [Render thread/INFO]: [System] [CHAT] Alondert ha conseguido el progreso [Tortolitos]
[19:44:15] [Render thread/INFO]: [System] [CHAT]  MINELATINO » ¡Saliendo de la zona de adriasan!
[19:44:15] [Render thread/INFO]: [System] [CHAT] gabx144 ha caído desde muy alto
[19:44:21] [Render thread/INFO]: [System] [CHAT] [][U][Luchador] Zarpas_ » asd
[19:44:24] [Render thread/INFO]: [System] [CHAT]  MINELATINO » ¡Entrando a la zona de adriasan!
[19:44:28] [Render thread/INFO]: [System] [CHAT] Jhonny05 ha conseguido el progreso [¡Diamantes!]
[19:44:30] [Render thread/INFO]: [System] [CHAT] [FYA][LATAM+][||✱||2024||✱||] Adriasan » Vendo Pixel arts :D /tpa adriasan para verlos
[19:44:34] [Render thread/INFO]: [System] [CHAT] -------------------[MINELATINO]-------------------
[19:44:34] [Render thread/INFO]: [System] [CHAT]                             ¿Sabías qué...
[19:44:34] [Render thread/INFO]: [System] [CHAT]         MineLatino Network se fundó en julio del 2019?
[19:44:34] [Render thread/INFO]: [System] [CHAT] ------------------------[♥]-----------------------
[19:44:37] [Render thread/INFO]: [System] [CHAT]  MINELATINO » ¡Saliendo de la zona de adriasan!
[19:44:37] [Render thread/INFO]: [System] [CHAT] ianzaballaYETS2 ha conseguido el progreso [Mente fría]
[19:44:42] [Render thread/INFO]: [System] [CHAT] burger3279 ha conseguido el progreso [Monster Hunter]
[19:44:46] [Render thread/INFO]: [System] [CHAT] ianzaballaYETS2 ha sido víctima de Zombi
[19:44:49] [Render thread/INFO]: [System] [CHAT] needlessgg ha conseguido el progreso [Hoy no, gracias]
[19:44:49] [Render thread/INFO]: [System] [CHAT]  MINELATINO » ¡Entrando a la zona de adriasan!
[19:45:01] [Render thread/INFO]: [System] [CHAT] Lui2BleP ha conseguido el progreso [Forjando una nueva imagen]
[19:45:04] [Render thread/INFO]: [System] [CHAT] -----------------[TOP DONADORES]-----------------
[19:45:04] [Render thread/INFO]: [System] [CHAT]         TheKillerV2 | Peely_21 | WhoIsFeer | jsebasgr21
[19:45:04] [Render thread/INFO]: [System] [CHAT]          vaca78 | doriano | JulianEhud0909 | Makarov_L
[19:45:04] [Render thread/INFO]: [System] [CHAT]              Fajardex | Pr1me | diatomics | LayonSbR
[19:45:04] [Render thread/INFO]: [System] [CHAT]         Rendo_ | Alex_One23 | Pedroga2002 | byelgamer
[19:45:04] [Render thread/INFO]: [System] [CHAT] -----------------------[4/21]----------------------
[19:45:11] [Render thread/INFO]: [System] [CHAT] burger3279 ha conseguido el progreso [La Edad de Piedra]
[19:45:15] [Render thread/INFO]: [System] [CHAT]  MINELATINO » ¡Saliendo de la zona de adriasan!
[19:45:21] [Render thread/INFO]: [System] [CHAT] Fredy_Graces ha sido víctima de Zombi
[19:45:32] [Render thread/INFO]: [System] [CHAT] ianzaballaYETS2 fue ensartado por Disecado
[19:45:33] [Render thread/INFO]: [System] [CHAT] -------------------[MINELATINO]-------------------
[19:45:33] [Render thread/INFO]: [System] [CHAT]                         www.minelatino.shop
[19:45:33] [Render thread/INFO]: [System] [CHAT]                      ¡Aceptamos criptomonedas!
[19:45:33] [Render thread/INFO]: [System] [CHAT] ------------------------[♥]-----------------------
[19:45:39] [Render thread/INFO]: [System] [CHAT] [][U] 777dogui777 » shafit sali
[19:45:49] [Render thread/INFO]: [System] [CHAT] Thiago1337 ha conseguido el progreso [La Edad de Piedra]
[19:45:53] [Render thread/INFO]: [System] [CHAT] [67][LATAM+][I] vSrDark04v » ♡ dan_dan ♡
[19:45:57] [Render thread/INFO]: [System] [CHAT] ¡El jugador breeezy081 compró el rango [GOLD], gracias por colaborar!
[19:45:59] [Render thread/INFO]: [System] [CHAT] [67][LATAM+][I] vSrDark04v » ♡ gg ♡
[19:46:00] [Render thread/INFO]: [System] [CHAT] [🥇][ONLY][INFINITE][G][I][¿Qué?] Tenseiv » gg
[19:46:02] [Render thread/INFO]: [System] [CHAT] [][U] Luciuss07 » pongan de dia porfi
[19:46:03] [Render thread/INFO]: [System] [CHAT] -----------------[TOP DONADORES]-----------------
[19:46:03] [Render thread/INFO]: [System] [CHAT]   Lenynzukich | MoonLight_Haze | Cristanshit | BlackreaperX
[19:46:03] [Render thread/INFO]: [System] [CHAT]     ZPARKY_369 | Un_usuario_raro | Pereiira23 | Pineas21
[19:46:03] [Render thread/INFO]: [System] [CHAT]          Gerard0w0 | Eldarkosu | lapizlazul | ItzSunshain
[19:46:03] [Render thread/INFO]: [System] [CHAT]         Alexco7 | Lilthum | Ben_la_Foca | Ichigo7uu7xdalv
[19:46:03] [Render thread/INFO]: [System] [CHAT] -----------------------[3/21]----------------------
[19:46:04] [Render thread/INFO]: [System] [CHAT] [Crew]｢⚡｣i(༺✦༻)i nozhu » gg
[19:46:07] [Render thread/INFO]: [System] [CHAT] [][U] Naranjitia67 » denada breeezy081
[19:46:07] [Render thread/INFO]: [System] [CHAT]  MINELATINO » ¡47mxrcoos se ha unido a nuestro aventura! Es el jugador (#370,918)
[19:46:07] [Render thread/INFO]: [System] [CHAT] 47mxrcoos ha conseguido el progreso [Mejorando herramientas]
[19:46:16] [Render thread/INFO]: [System] [CHAT] [][U][Luchador] Zarpas_ » asd
[19:46:23] [Render thread/INFO]: [System] [CHAT] [][U] Naranjitia67 » quien mas quiere rango
[19:46:27] [Render thread/INFO]: [System] [CHAT] [][U] josetl » yio
[19:46:31] [Render thread/INFO]: [System] [CHAT] [][U] josetl » no
[19:46:32] [Render thread/INFO]: [System] [CHAT] [][U] burger3279 » yooo
[19:46:33] [Render thread/INFO]: [System] [CHAT] -------------------[MINELATINO]-------------------
[19:46:33] [Render thread/INFO]: [System] [CHAT]   ¡Evita ser sancionado por usar clientes ilegales!
[19:46:33] [Render thread/INFO]: [System] [CHAT]        minelatino.com/knowledge/todo-sobre-los-clientes
[19:46:33] [Render thread/INFO]: [System] [CHAT]         ¡Descubre que clientes son legales y cuáles no!
[19:46:33] [Render thread/INFO]: [System] [CHAT] ------------------------[♥]-----------------------
[19:46:34] [Render thread/INFO]: [System] [CHAT] [][U] josetl » xd
[19:46:36] [Render thread/INFO]: [System] [CHAT] [][U] burger3279 » porfiiiss
[19:46:41] [Render thread/INFO]: [System] [CHAT] [][U] Naranjitia67 » xD
[19:46:44] [Render thread/INFO]: [System] [CHAT] [][U] Naranjitia67 » usen /shop
[19:46:52] [Render thread/INFO]: [System] [CHAT] [][U] Naranjitia67 » para tags
[19:46:59] [Render thread/INFO]: [System] [CHAT] Emip65t_Y ha muerto por un flechazo de Esqueleto
[19:46:59] [Render thread/INFO]: [System] [CHAT] [PEK1][INFINITE][D][G]｢!༻ʀᴏᴍᴇᴏ༺!｣ Chatooo » tpa darksito
[19:47:03] [Render thread/INFO]: [System] [CHAT] -----------------[TOP DONADORES]-----------------
[19:47:03] [Render thread/INFO]: [System] [CHAT]     N1d3a | cerdoycerda | MirandaGZ | sanemi_g2 | Asffer
[19:47:03] [Render thread/INFO]: [System] [CHAT]            ESCANOR243 | sedammvi | SoyOsqui | Naokki_
[19:47:03] [Render thread/INFO]: [System] [CHAT] IsMackBroh | MiDDaY_ch | ExTemporeIV | AshZarok | PazParaMi
[19:47:03] [Render thread/INFO]: [System] [CHAT]         DontHaveTime | phoenix_star | DamyanElBarbaro
[19:47:03] [Render thread/INFO]: [System] [CHAT] ----------------------[10/21]----------------------
[19:47:14] [Render thread/INFO]: [System] [CHAT] Thiago1337 ha conseguido el progreso [Monster Hunter]
[19:47:22] [Render thread/INFO]: [System] [CHAT] elrulasss ha explotado por Creeper
[19:47:23] [Render thread/INFO]: [System] [CHAT] gabx144 ha caído desde muy alto
[19:47:23] [Render thread/INFO]: [System] [CHAT] [][U] Jhonny05 » queres unirte a nuestro discord?
[19:47:28] [Render thread/INFO]: [System] [CHAT] [][U] elrulasss » a
[19:47:29] [Render thread/INFO]: [System] [CHAT] [67][LATAM+][I] vSrDark04v » ♡ peraa ♡
[19:47:30] [Render thread/INFO]: [System] [CHAT] [67][LATAM+][I] vSrDark04v » ♡ dan ♡
[19:47:33] [Render thread/INFO]: [System] [CHAT] burger3279 ha explotado por Creeper
[19:47:33] [Render thread/INFO]: [System] [CHAT] [67][LATAM+][I] vSrDark04v » ♡ Quieres algo original ♡
[19:47:33] [Render thread/INFO]: [System] [CHAT] -------------------[MINELATINO]-------------------
[19:47:33] [Render thread/INFO]: [System] [CHAT]                         www.minelatino.shop
[19:47:33] [Render thread/INFO]: [System] [CHAT]           ¡Rangos, picos, espadas, dinero & mucho más!
[19:47:33] [Render thread/INFO]: [System] [CHAT] ------------------------[♥]-----------------------
[19:47:34] [Render thread/INFO]: [System] [CHAT] §6§l ➥ §6✉ (DeMon_pp ▻ YO) » YA VEN 1V1V
[19:47:35] [Render thread/INFO]: [System] [CHAT] [][U] gabx144 » fachinz en twitch recien empezamos estamos haciendo una base full nuevos vengan
[19:47:36] [Render thread/INFO]: [System] [CHAT] [67][LATAM+][I] vSrDark04v » ♡ o lo mismo de todos ♡
[19:47:36] [Render thread/INFO]: [System] [CHAT] [][U] DeMon_pp » GO}
[19:47:39] [Render thread/INFO]: [System] [CHAT] [][LATAM+][Luchador] sikosia0_ » oh no
[19:47:40] [Render thread/INFO]: [System] [CHAT] §6§l ➥ §6✉ (YO ▻ DeMon_pp) » donde?
[19:47:41] [Render thread/INFO]: [System] [CHAT] [PEK1][INFINITE][D][G]｢!༻ʀᴏᴍᴇᴏ༺!｣ Chatooo » bueno original tons
[19:47:41] [Render thread/INFO]: [System] [CHAT] §6§l ➥ §6✉ (DeMon_pp ▻ YO) » pero no corras
[19:47:44] [Render thread/INFO]: [System] [CHAT] [PEK1][INFINITE][D][G]｢!༻ʀᴏᴍᴇᴏ༺!｣ Chatooo » pero es pa la decoracion
[19:47:45] [Render thread/INFO]: [System] [CHAT] [PEK1][INFINITE][D][G]｢!༻ʀᴏᴍᴇᴏ༺!｣ Chatooo » mira tp
[19:47:48] [Render thread/INFO]: [System] [CHAT] §6§l ➥ §6✉ (DeMon_pp ▻ YO) » manda tp
[19:47:48] [Render thread/INFO]: [System] [CHAT] §6§l ➥ §6✉ (YO ▻ DeMon_pp) » se que planearon algo..
[19:47:53] [Render thread/INFO]: [System] [CHAT] [67][LATAM+][I] vSrDark04v » ♡ Ando farmeando shulkers ♡
[19:47:54] [Render thread/INFO]: [System] [CHAT] [ONL1][LATAM+][L][Luchador] Jhoanzzzv » este es nuevo?
[19:47:54] [Render thread/INFO]: [System] [CHAT] [67][LATAM+][I] vSrDark04v » ♡ perro ♡
[19:47:57] [Render thread/INFO]: [System] [CHAT] [FYA][LATAM+][||✱||2024||✱||] Adriasan » no
[19:47:58] [Render thread/INFO]: [System] [CHAT] [FYA][LATAM+][||✱||2024||✱||] Adriasan » xD
[19:47:59] [Render thread/INFO]: [System] [CHAT]  MINELATINO » ¡La petición ha sido enviada a DeMon_pp!
[19:48:02] [Render thread/INFO]: [System] [CHAT] Thiago1337 ha sido víctima de Zombi
[19:48:03] [Render thread/INFO]: [System] [CHAT] [ONL1][LATAM+][L][Luchador] Jhoanzzzv » xd
[19:48:03] [Render thread/INFO]: [System] [CHAT] §6§l ➥ §6✉ (DeMon_pp ▻ YO) » nd mno soy legal
[19:48:03] [Render thread/INFO]: [System] [CHAT] -----------------[TOP DONADORES]-----------------
[19:48:03] [Render thread/INFO]: [System] [CHAT]           guillepc | XxkronosMK | JuanDaa08 | Luis_nwn
[19:48:03] [Render thread/INFO]: [System] [CHAT]      blithe_kitsune | SoulsWin | Aranyx | OscarSilva011120
[19:48:03] [Render thread/INFO]: [System] [CHAT]          IrvinML7 | Maquino198 | Sofphire | Omega_Dream
[19:48:03] [Render thread/INFO]: [System] [CHAT]    KONANmyi | Kiuminnu | Srfrox | Soltador | FaithfulPanda48
[19:48:03] [Render thread/INFO]: [System] [CHAT] ----------------------[15/21]----------------------
[19:48:07] [Render thread/INFO]: [System] [CHAT] elrulasss ha caído desde muy alto
[19:48:10] [Render thread/INFO]: [System] [CHAT] §6§l ➥ §6✉ (DeMon_pp ▻ YO) » solo no me corras}
[19:48:17] [Render thread/INFO]: [System] [CHAT] §6§l ➥ §6✉ (YO ▻ DeMon_pp) » acepta..
[19:48:20] [Render thread/INFO]: [System] [CHAT] §6§l ➥ §6✉ (DeMon_pp ▻ YO) » eso es lo que haces y pides 1v1}
[19:48:21] [Render thread/INFO]: [System] [CHAT] Jhonny05 ha sido víctima de Zombi
[19:48:22] [Render thread/INFO]: [System] [CHAT] needlessgg ha sido víctima de Zombi
[19:48:24] [Render thread/INFO]: [System] [CHAT] [🥉] [URSS][GOLD] MeriYein421 » para q son los tags
[19:48:25] [Render thread/INFO]: [System] [CHAT] [JRAN][IRON][Luchador] .IsaacA0156 » XD???
[19:48:25] [Render thread/INFO]: [System] [CHAT]  MINELATINO » ¡DeMon_pp ha aceptado tu teletransportación!
[19:48:25] [Render thread/INFO]: [System] [CHAT]  MINELATINO » ¡Teletransportándose a DeMon_pp!
[19:48:25] [Render thread/INFO]: [System] [CHAT]  MINELATINO » El teletransporte comenzará en 3 segundos. Por favor, no te muevas.
[19:48:29] [Render thread/INFO]: [System] [CHAT]  MINELATINO » Teletransportando...
[19:48:29] [Render thread/INFO]: Starting [1] Placement Manager Daemon threads
[19:48:30] [Render thread/WARN]: Received passengers for unknown entity
[19:48:31] [Render thread/INFO]: [System] [CHAT] [PEK1][LATAM][Luchador] sCkrillex » alguien me presta una esponja porfa
[19:48:33] [Render thread/INFO]: [System] [CHAT] -------------------[MINELATINO]-------------------
[19:48:33] [Render thread/INFO]: [System] [CHAT] [LATAM+] Naranjitia67 » ¡Que bien me queda el LATAM+!
[19:48:33] [Render thread/INFO]: [System] [CHAT]           Si te gusta como se ve, puedes comprarlo en
[19:48:33] [Render thread/INFO]: [System] [CHAT]                            www.minelatino.shop
[19:48:33] [Render thread/INFO]: [System] [CHAT] ------------------------[♥]-----------------------
[19:48:35] [Render thread/INFO]: [System] [CHAT] [][U] Luciuss07 » pongan de dia porfi
[19:48:37] [Render thread/INFO]: [System] [CHAT] [ONL1][DIAMOND][Luchador] alexsanrroman » alguien me vende un shulker de bloques de berruga distorsionada??
[19:48:37] [Render thread/INFO]: [System] [CHAT] [][U] Naranjitia67 » tp kill
[19:48:38] [Render thread/INFO]: [System] [CHAT] [][LATAM+][Luchador] sikosia0_ » jhonny has tp
[19:48:38] [Render thread/INFO]: [System] [CHAT]  MINELATINO » ¡Los resultados de la loteria se darán en 00:29:10! El premio se encuentra en 30000$, para participar usa /lottery buy.
[19:48:41] [Render thread/INFO]: [System] [CHAT] [][U] DeMon_pp » tata listo 1v1
[19:48:41] [Render thread/INFO]: [System] [CHAT] [PEK1][INFINITE][D][G]｢!༻ʀᴏᴍᴇᴏ༺!｣ Chatooo » rianse de dark
[19:48:41] [Render thread/INFO]: [System] [CHAT] Serk ha conseguido el progreso [Por una cabeza]
[19:48:42] [Render thread/INFO]: [System] [CHAT] KatStar78 ha conseguido el progreso [Dulces sueños]
[19:48:43] [Render thread/INFO]: [System] [CHAT] [][U] ajidehuevo23 » WOOOAH
[19:48:44] [Render thread/INFO]: [System] [CHAT] [JRAN][IRON][Luchador] .IsaacA0156 » naranjita tp
[19:48:44] [Render thread/INFO]: [System] [CHAT] [67][LATAM+][I] vSrDark04v » ♡ XD ♡
[19:48:46] [Render thread/INFO]: Loaded 732 advancements
[19:48:46] [Render thread/INFO]: [System] [CHAT] [PEK1][LATAM][Luchador] sCkrillex » alguien me presta una esponja porfa
[19:48:47] [Render thread/INFO]: [System] [CHAT] [PEK1][INFINITE][D][G]｢!༻ʀᴏᴍᴇᴏ༺!｣ Chatooo » quiere ir a hacer popo
[19:48:57] [Render thread/INFO]: [System] [CHAT] [][LATAM+][Luchador] sikosia0_ » sube
[19:48:58] [Render thread/INFO]: [System] [CHAT] [ONL1][DIAMOND][Luchador] alexsanrroman » alguien me vende un shulker de bloques de berruga distorsionada??
[19:49:01] [Render thread/INFO]: [System] [CHAT] [PEK1][LATAM][Luchador] sCkrillex » alguien me presta una esponja porfa
[19:49:01] [Render thread/INFO]: [System] [CHAT] [67][LATAM+][I] vSrDark04v » ♡ XD ♡
[19:49:03] [Render thread/INFO]: [System] [CHAT] -----------------[TOP DONADORES]-----------------
[19:49:03] [Render thread/INFO]: [System] [CHAT]     uScoret | Joker_420 | jorge650 | marco724 | hanry22
[19:49:03] [Render thread/INFO]: [System] [CHAT]       Stan_F77 | M4TTyAlz | ANTRONIXGAMER12 | LuciMoon_
[19:49:03] [Render thread/INFO]: [System] [CHAT]      xlVermeil | 1v4nch0 | Aldegraft | MysticEdy | AmirSb21
[19:49:03] [Render thread/INFO]: [System] [CHAT]        Gohan2305 | Rave_Dxrk | FrancoGlz | MacGregory_
[19:49:03] [Render thread/INFO]: [System] [CHAT] ----------------------[11/21]----------------------
[19:49:04] [Render thread/INFO]: [System] [CHAT] [][LATAM+][Luchador] sikosia0_ » sube
[19:49:06] [Render thread/WARN]: Received passengers for unknown entity
[19:49:07] [Render thread/INFO]: [System] [CHAT] KatStar78 ha sido víctima de ajidehuevo23
[19:49:09] [Render thread/INFO]: [System] [CHAT] [67][LATAM+][I] vSrDark04v » ♡ dan_dan esta buena la decoracion ♡
[19:49:09] [Render thread/INFO]: [System] [CHAT] [][U] Naranjitia67 » bro tremendo tpkill xD
[19:49:12] [Render thread/INFO]: [System] [CHAT] [][LATAM+] SOLARIS » pongan de dia
[19:49:14] [Render thread/INFO]: [System] [CHAT] [67][LATAM+][I] vSrDark04v » ♡ ahora la pregunta del millon ♡
[19:49:17] [Render thread/INFO]: [System] [CHAT] [][U] vicente » alguien me regala un pico porfa me mori ase poco
[19:49:18] [Render thread/INFO]: [System] [CHAT] [][LATAM+][Luchador] sikosia0_ » apreta click derecho o isquierdo
[19:49:19] [Render thread/INFO]: [System] [CHAT] [67][LATAM+][I] vSrDark04v » ♡ Va tener truco c:? ♡
[19:49:21] [Render thread/INFO]: [System] [CHAT] §6§l ➥ §6✉ (YO ▻ DeMon_pp) » es ilegal el tpkill
[19:49:22] [Render thread/INFO]: [System] [CHAT] [PEK1][LATAM][Luchador] sCkrillex » alguien me presta una esponja porfa
[19:49:22] [Render thread/WARN]: Received passengers for unknown entity
[19:49:25] [Render thread/INFO]: [System] [CHAT] [PEK1][INFINITE][D][G]｢!༻ʀᴏᴍᴇᴏ༺!｣ Chatooo » dark q no
[19:49:25] [Render thread/WARN]: Received passengers for unknown entity
[19:49:27] [Render thread/INFO]: [System] [CHAT] [PEK1][INFINITE][D][G]｢!༻ʀᴏᴍᴇᴏ༺!｣ Chatooo » conio
[19:49:27] [Render thread/WARN]: Received passengers for unknown entity
[19:49:32] [Render thread/INFO]: [System] [CHAT] -------------------[MINELATINO]-------------------
[19:49:32] [Render thread/INFO]: [System] [CHAT]                       discord.minelatino.com
[19:49:32] [Render thread/INFO]: [System] [CHAT]                ¡No te pierdas ninguna actualización!
[19:49:32] [Render thread/INFO]: [System] [CHAT] ------------------------[♥]-----------------------
[19:49:33] [Render thread/INFO]: [System] [CHAT] §6§l ➥ §6✉ (DeMon_pp ▻ YO) » si pero tu quieres 1v1
[19:49:35] [Render thread/INFO]: [System] [CHAT] [67][LATAM+][I] vSrDark04v » ♡ no va ser como nazz ♡
[19:49:39] [Render thread/INFO]: [System] [CHAT] [][U] vicente » alguien me regala un pico porfa me mori ase poco
[19:49:41] [Render thread/INFO]: [System] [CHAT] [67][LATAM+][I] vSrDark04v » ♡ nunca gane ahi ♡
[19:49:42] [Render thread/INFO]: [System] [CHAT] [][U] EmyGaby » w
[19:49:43] [Render thread/WARN]: Received passengers for unknown entity
[19:49:43] [Render thread/INFO]: [System] [CHAT] burger3279 ha sido víctima de Araña
[19:49:46] [Render thread/INFO]: [System] [CHAT]  MINELATINO » ¡No puedes usar comandos mientras estás en combate (debes esperar 7.18 segundos)!
[19:49:46] [Render thread/INFO]: [System] [CHAT] [][U] DeMon_pp » pa eso
[19:49:48] [Render thread/INFO]: [System] [CHAT] [PEK1][INFINITE][D][G]｢!༻ʀᴏᴍᴇᴏ༺!｣ Chatooo » ni yo
[19:49:53] [Render thread/INFO]: [System] [CHAT] charmandito ha conseguido el progreso [La Edad de Hierro]
[19:49:54] [Render thread/INFO]: [System] [CHAT] [][U] DeMon_pp » tanto teclea
[19:49:58] [Render thread/INFO]: [System] [CHAT] §6§l ➥ §6✉ (YO ▻ DeMon_pp) » deben pasar 3 minutos para q sea legal el pvp si me matas antes es tpkill
[19:50:02] [Render thread/INFO]: [System] [CHAT] -----------------[TOP DONADORES]-----------------
[19:50:02] [Render thread/INFO]: [System] [CHAT]       XxmicheloxX655 | LCAMluis | SofiaOuO | Blumennkranz
[19:50:02] [Render thread/INFO]: [System] [CHAT]          Luluun_ | xDMNTx | Benjax_master | AgusDroid
[19:50:02] [Render thread/INFO]: [System] [CHAT]       MotoZierra0009 | RichKillers | K4miJou | JuanAnimeYT
[19:50:02] [Render thread/INFO]: [System] [CHAT]         UnknownZero | Hirumast | Beth27 | xBadMistakex
[19:50:02] [Render thread/INFO]: [System] [CHAT] -----------------------[6/21]----------------------
[19:50:03] [Render thread/INFO]: [System] [CHAT] §6§l ➥ §6✉ (YO ▻ DeMon_pp) » y te banean 30 dais
[19:50:04] [Render thread/INFO]: [System] [CHAT] [PEK1][LATAM][Luchador] sCkrillex » alguien me presta una esponja porfa
[19:50:06] [Render thread/INFO]: [System] [CHAT] charmandito ha conseguido el progreso [Vístete]
[19:50:09] [Render thread/WARN]: Received passengers for unknown entity
[19:50:27] [Render thread/INFO]: [System] [CHAT] Jhonny05 ha muerto por un flechazo de Esqueleto
[19:50:29] [Render thread/INFO]: [System] [CHAT] [PEK1][LATAM][Luchador] sCkrillex » alguien me presta una esponja porfa
[19:50:33] [Render thread/INFO]: [System] [CHAT] -------------------[MINELATINO]-------------------
[19:50:33] [Render thread/INFO]: [System] [CHAT]      ¿Quieres saber los beneficios de los rangos?
[19:50:33] [Render thread/INFO]: [System] [CHAT]       entonces usa el comando /beneficios para saberlo
[19:50:33] [Render thread/INFO]: [System] [CHAT] ------------------------[♥]-----------------------
[19:50:33] [Render thread/INFO]: [System] [CHAT] Shafiff5070 ha conseguido el progreso [Dulces sueños]
[19:50:36] [Render thread/WARN]: Received passengers for unknown entity
[19:50:38] [Render thread/WARN]: Received passengers for unknown entity
[19:50:40] [Render thread/WARN]: Received passengers for unknown entity
[19:50:58] [Render thread/WARN]: Received passengers for unknown entity
[19:51:02] [Render thread/INFO]: [System] [CHAT] [][U] HombreKoi » alguien q me venda manzanas
[19:51:02] [Render thread/INFO]: [System] [CHAT] -----------------[TOP DONADORES]-----------------
[19:51:02] [Render thread/INFO]: [System] [CHAT]          ByPaulSG | paul_erick16 | Aleksaurio | nagi_UwU
[19:51:02] [Render thread/INFO]: [System] [CHAT]   xXx_NOVA_xXx | Theluciferpvp | PsyCereso | Ghostspared
[19:51:02] [Render thread/INFO]: [System] [CHAT]    PANDEMART | JuannnCeee | AthaOblen45 | kaykpi | DrKiller
[19:51:02] [Render thread/INFO]: [System] [CHAT]         DiosEnrique1255 | kausho | mixtang | ElReyDelLag
[19:51:02] [Render thread/INFO]: [System] [CHAT] ----------------------[18/21]----------------------
[19:51:04] [Render thread/INFO]: [System] [CHAT] §6§l ➥ §6✉ (YO ▻ DeMon_pp) » deja q pasen los 3 minutos y te dropeo
[19:51:04] [Render thread/WARN]: Received passengers for unknown entity
[19:51:07] [Render thread/WARN]: Received passengers for unknown entity
[19:51:08] [Render thread/WARN]: Received passengers for unknown entity
[19:51:13] [Render thread/INFO]: [System] [CHAT] WITCHBLOOD ha sido víctima de Hoglin
[19:51:14] [Render thread/WARN]: Received passengers for unknown entity
[19:51:15] [Render thread/INFO]: [System] [CHAT] §6§l ➥ §6✉ (YO ▻ DeMon_pp) » osino sera tpkill
[19:51:23] [Render thread/INFO]: [System] [CHAT] [][U] vicente » busco chamba
[19:51:25] [Render thread/INFO]: [System] [CHAT] [PEK1][LATAM][Luchador] sCkrillex » alguien me presta una esponja porfa
[19:51:32] [Render thread/INFO]: [System] [CHAT] [][U] vicente » busco chamba
[19:51:32] [Render thread/INFO]: [System] [CHAT] _Azxzel_ ha caído desde muy alto
[19:51:32] [Render thread/INFO]: [System] [CHAT] -------------------[MINELATINO]-------------------
[19:51:32] [Render thread/INFO]: [System] [CHAT]                ¡250.000 sanciones realizadas!
[19:51:32] [Render thread/INFO]: [System] [CHAT]               así que, por favor, no uses hacks =(
[19:51:32] [Render thread/INFO]: [System] [CHAT] ------------------------[♥]-----------------------
[19:51:41] [Render thread/INFO]: [System] [CHAT] [][U] vicente » cuanto pagas
[19:51:45] [Render thread/INFO]: [System] [CHAT] [][U] HombreKoi » 5k
[19:51:56] [Render thread/INFO]: [System] [CHAT] ANDREW_MADNESS ha completado el desafío [Cálidos destinos turísticos]
[19:51:59] [Render thread/INFO]: [System] [CHAT] Samuel_Silvio ha conseguido el progreso [Una terrible fortaleza]
[19:51:59] [Render thread/INFO]: [System] [CHAT] (ANUNCIO)  ¡El jugador Sebaashh ha pedido que pare la tormenta en 60 segundos!
[19:52:02] [Render thread/INFO]: [System] [CHAT] -----------------[TOP DONADORES]-----------------
[19:52:03] [Render thread/INFO]: [System] [CHAT]            CHAVEZ20 | albino2001 | LoveHaze | Danihell
[19:52:03] [Render thread/INFO]: [System] [CHAT] INSPIREKO1 | iGerber | Dekiller27 | Bostime888 | RickyDeath79
[19:52:03] [Render thread/INFO]: [System] [CHAT]    0nsz | Gusquirtle | Marliton08 | perea78 | Chechocastex
[19:52:03] [Render thread/INFO]: [System] [CHAT]              AKO_RPG | RazorLR | sparduk | TacoGabs
[19:52:03] [Render thread/INFO]: [System] [CHAT] -----------------------[9/21]----------------------
[19:52:03] [Render thread/INFO]: [System] [CHAT] [🥉][URSS]｢⚡｣⌞⛧ |☠| ⛧⌝ Stwartv » ✨ Volvi ✨
[19:52:04] [Render thread/WARN]: Received passengers for unknown entity
[19:52:05] [Render thread/INFO]: [System] [CHAT] [][U] vicente » okey
[19:52:07] [Render thread/INFO]: [System] [CHAT] [67][LATAM+][I] vSrDark04v » ♡ dan ♡
[19:52:10] [Render thread/INFO]: [System] [CHAT] [67][LATAM+][I] vSrDark04v » ♡ q dolor de cabeza ♡
[19:52:11] [Render thread/INFO]: [System] [CHAT] [67][LATAM+][I] vSrDark04v » ♡ los materiaels ♡
[19:52:13] [Render thread/INFO]: [System] [CHAT] [67][LATAM+][I] vSrDark04v » ♡ adsa ♡
[19:52:14] [Render thread/INFO]: [System] [CHAT] lucaazo1313 ha caído desde muy alto
[19:52:16] [Render thread/INFO]: [System] [CHAT] [🥉] [URSS][GOLD] MeriYein421 » q rango es para volar
[19:52:17] [Render thread/INFO]: [System] [CHAT] [PEK1][INFINITE][D][G]｢!༻ʀᴏᴍᴇᴏ༺!｣ Chatooo » q son dark
[19:52:18] [Render thread/WARN]: Received passengers for unknown entity
[19:52:18] [Render thread/WARN]: Received passengers for unknown entity
[19:52:18] [Render thread/INFO]: [System] [CHAT]  MINELATINO » ¡Entrando a la zona de JoycieH!
[19:52:20] [Render thread/INFO]: [System] [CHAT] [BoSS][INFINITE][L+][G]｢. ▪ ₂₀₂₅ ▪ .｣ Seba » ✨ latam ✨
[19:52:20] [Render thread/INFO]: [System] [CHAT] [PEK1][INFINITE][D][G]｢!༻ʀᴏᴍᴇᴏ༺!｣ Chatooo » q yo te los consigo de una v
[19:52:21] [Render thread/INFO]: [System] [CHAT] [FYA][LATAM+][||✱||2024||✱||] Adriasan » desde latam
[19:52:25] [Render thread/INFO]: [System] [CHAT] [67][LATAM+][I] vSrDark04v » ♡ como 20 atriles ♡
[19:52:27] [Render thread/INFO]: [System] [CHAT] [67][LATAM+][I] vSrDark04v » ♡ lana de colores ♡
[19:52:28] [Render thread/INFO]: [System] [CHAT] Hey! Sorry, but you can't PvP here.
[19:52:33] [Render thread/INFO]: [System] [CHAT] -------------------[MINELATINO]-------------------
[19:52:33] [Render thread/INFO]: [System] [CHAT]       ¿Hackers, jugadores tóxicos o problemas?
[19:52:33] [Render thread/INFO]: [System] [CHAT]      usa /report y el staff de turno entrará en acción
[19:52:33] [Render thread/INFO]: [System] [CHAT] ------------------------[♥]-----------------------
[19:52:33] [Render thread/INFO]: [System] [CHAT] [][U] jona298n » hi, quien sabe como abrir la mochila?
[19:52:33] [Render thread/INFO]: [System] [CHAT] [][U] vicente » okey
[19:52:34] [Render thread/INFO]: [System] [CHAT] [][U] EmyGaby » oye que comen las ovejas?
[19:52:35] [Render thread/INFO]: [System] [CHAT] [][IRON]｢!༻ʀᴏᴍᴇᴏ༺!｣ kurotsuno5 » alguien quiere un bioma cherry?
[19:52:35] [Render thread/INFO]: [System] [CHAT] [PEK1][INFINITE][D][G]｢!༻ʀᴏᴍᴇᴏ༺!｣ Chatooo » que son atriles ww
[19:52:41] [Render thread/INFO]: [System] [CHAT] [67][LATAM+][I] vSrDark04v » ♡ el coso de aldeanos libreros ♡
[19:52:42] [Render thread/INFO]: [System] [CHAT] [][U] vicente » okey
[19:52:43] [Render thread/INFO]: [System] [CHAT] [67][LATAM+][I] vSrDark04v » ♡ su mesa ♡
[19:52:43] [Render thread/INFO]: [System] [CHAT] [JRAN][IRON][Luchador] .IsaacA0156 » trigo
[19:52:49] [Render thread/INFO]: [System] [CHAT] [PEK1][INFINITE][D][G]｢!༻ʀᴏᴍᴇᴏ༺!｣ Chatooo » ah bueno
[19:52:50] [Render thread/INFO]: [System] [CHAT] Jhonny05 se ha ahogado mientras intentaba huir de Nautilo
[19:52:51] [Render thread/INFO]: [System] [CHAT] [PEK1][INFINITE][D][G]｢!༻ʀᴏᴍᴇᴏ༺!｣ Chatooo » q facil vro
[19:52:52] [Render thread/INFO]: [System] [CHAT] ianzaballaYETS2 ha muerto entre llamas
[19:52:57] [Render thread/INFO]: [System] [CHAT] [FYA][LATAM+][||✱||2024||✱||] Adriasan » Vendo Pixel arts :D /tpa adriasan para verlos
[19:53:03] [Render thread/INFO]: [System] [CHAT] -----------------[TOP DONADORES]-----------------
[19:53:03] [Render thread/INFO]: [System] [CHAT]              quim009 | KunPlex | Gonzonzo | TheEdixon
[19:53:03] [Render thread/INFO]: [System] [CHAT] ----------------------[21/21]----------------------
[19:53:06] [Render thread/INFO]: [System] [CHAT] [][LATAM+][Luchador] sikosia0_ » jonny tp
[19:53:06] [Render thread/INFO]: [System] [CHAT] [][IRON]｢!༻ʀᴏᴍᴇᴏ༺!｣ kurotsuno5 » alguien quiere un bioma cherry?
[19:53:15] [Render thread/INFO]: [System] [CHAT] Samuel_Silvio ha conseguido el progreso [Qué tiempos aquellos]
[19:53:18] [Render thread/INFO]: [System] [CHAT] [][DIAMOND] Ale0x_ » alguien necesita una aldea
[19:53:23] [Render thread/INFO]: [System] [CHAT] [JRAN][IRON][Luchador] .IsaacA0156 » voy a darte un regalo
[19:53:27] [Render thread/INFO]: [System] [CHAT] [JRAN][IRON][Luchador] .IsaacA0156 » ahors cuelvo
[19:53:31] [Render thread/INFO]: [System] [CHAT] Enderman ha tirado a charmandito desde muy alto
[19:53:33] [Render thread/INFO]: [System] [CHAT] -------------------[MINELATINO]-------------------
[19:53:33] [Render thread/INFO]: [System] [CHAT]                         www.minelatino.shop
[19:53:33] [Render thread/INFO]: [System] [CHAT] para ser un TOP DONADOR, debes donar más de 100 USD
[19:53:33] [Render thread/INFO]: [System] [CHAT] ------------------------[♥]-----------------------
[19:53:33] [Render thread/INFO]: [System] [CHAT] Shafiff5070 ha conseguido el progreso [Tortolitos]
[19:53:47] [Render thread/INFO]: [System] [CHAT] [67][LATAM+][I] vSrDark04v » ♡ te mando la lista ♡
[19:53:48] [Render thread/INFO]: [System] [CHAT] [67][LATAM+][I] vSrDark04v » ♡ dc ♡
[19:53:50] [Render thread/INFO]: [System] [CHAT] [67][LATAM+][I] vSrDark04v » ♡ ? ♡
[19:53:51] [Render thread/INFO]: [System] [CHAT] [][U] EmyGaby » sinceramente ya tengo muchas cosas
[19:53:54] [Render thread/INFO]: [System] [CHAT] [PEK1][INFINITE][D][G]｢!༻ʀᴏᴍᴇᴏ༺!｣ Chatooo » si
[19:53:57] [Render thread/INFO]: [System] [CHAT] [][U] EmyGaby » pero esta bien
[19:54:01] [Render thread/INFO]: [System] [CHAT] soldiertf2 ha conseguido el progreso [¿Quién necesita cohetes?]
[19:54:01] [Render thread/INFO]: [System] [CHAT] [][LATAM+][Luchador] sikosia0_ » onde estan
[19:54:03] [Render thread/INFO]: [System] [CHAT] -----------------[TOP DONADORES]-----------------
[19:54:03] [Render thread/INFO]: [System] [CHAT]     EPIT21 | DrScott18 | _Nighteye | Leslik4rina | Azkurbal
[19:54:03] [Render thread/INFO]: [System] [CHAT]   JEDEFA | mashin | 4rtur0000_2004 | PietroPVLM | Blackweb
[19:54:03] [Render thread/INFO]: [System] [CHAT]      Andriu05 | IEMEI | TheGhostlyPirate | iMayco | Baccus
[19:54:03] [Render thread/INFO]: [System] [CHAT]   ANGELYT1617 | LimonsitoConRon | maikelCraft7w7 | ElKrakos
[19:54:03] [Render thread/INFO]: [System] [CHAT] ----------------------[16/21]----------------------
[19:54:06] [Render thread/INFO]: [System] [CHAT] [67][LATAM+][I] vSrDark04v » ♡ que pajaaa dannn ♡
[19:54:11] [Render thread/INFO]: [System] [CHAT] [PEK1][INFINITE][D][G]｢!༻ʀᴏᴍᴇᴏ༺!｣ Chatooo » hazlo feo
[19:54:13] [Render thread/INFO]: [System] [CHAT] [67][LATAM+][I] vSrDark04v » ♡ me pones a chambear ♡
[19:54:15] [Render thread/INFO]: [System] [CHAT] [67][LATAM+][I] vSrDark04v » ♡ en dia de las madres ♡
[19:54:19] [Render thread/INFO]: [System] [CHAT] [][LATAM+][Luchador] sikosia0_ » jonny?
[19:54:21] [Render thread/INFO]: [System] [CHAT]  MINELATINO » ¡likanq12 se ha unido a nuestro aventura! Es el jugador (#370,919)
[19:54:21] [Render thread/INFO]: [System] [CHAT] likanq12 ha conseguido el progreso [Mejorando herramientas]
[19:54:23] [Render thread/INFO]: [System] [CHAT] [PEK1][INFINITE][D][G]｢!༻ʀᴏᴍᴇᴏ༺!｣ Chatooo » tu ya no eres la madre lol
[19:54:23] [Render thread/INFO]: [System] [CHAT]  MINELATINO » ¡KuritaMC se ha unido a nuestro aventura! Es el jugador (#370,920)
[19:54:23] [Render thread/INFO]: [System] [CHAT] KuritaMC ha conseguido el progreso [Mejorando herramientas]
[19:54:25] [Render thread/INFO]: [System] [CHAT] [][IRON]｢!༻ʀᴏᴍᴇᴏ༺!｣ kurotsuno5 » alguien quiere un bioma cherry?
[19:54:26] [Render thread/INFO]: [System] [CHAT] §6§l ➥ §6✉ (YO ▻ DeMon_pp) » donde te fuistes?
[19:54:29] [Render thread/INFO]: [System] [CHAT] Hey! Sorry, but you can't open that here.
[19:54:31] [Render thread/INFO]: [System] [CHAT] [67][LATAM+][I] vSrDark04v » ♡ te lo regalo ♡
[19:54:33] [Render thread/INFO]: [System] [CHAT] -------------------[MINELATINO]-------------------
[19:54:33] [Render thread/INFO]: [System] [CHAT]     ¡Vota por el servidor y serás recompensado!
[19:54:33] [Render thread/INFO]: [System] [CHAT]             para votar, solamente debes usar /vote
[19:54:33] [Render thread/INFO]: [System] [CHAT] ------------------------[♥]-----------------------
[19:54:34] [Render thread/INFO]: [System] [CHAT] [67][LATAM+][I] vSrDark04v » ♡ como dia de la mami ♡
[19:54:47] [Render thread/INFO]: [System] [CHAT] [ATR][U] soldiertf2 » uh
[19:54:54] [Render thread/INFO]: [System] [CHAT] Hey! Sorry, but you can't use that here.
[19:54:54] [Render thread/INFO]: [System] [CHAT] Hey! Sorry, but you can't use that here.
[19:54:55] [Render thread/INFO]: [System] [CHAT] [67][LATAM+][I] vSrDark04v » ♡ ya te lo mande ♡
[19:54:59] [Render thread/INFO]: [System] [CHAT] [][U] EmyGaby » a mi nadie me regalo por el dia de las madres
[19:55:03] [Render thread/INFO]: [System] [CHAT] -----------------[TOP DONADORES]-----------------
[19:55:03] [Render thread/INFO]: [System] [CHAT]          Theone | xFighterS2 | srgamerx | NiicoElMaquina
[19:55:03] [Render thread/INFO]: [System] [CHAT]         Canales_154 | Mezar7513 | WxrLalo | xXwomanXx
[19:55:03] [Render thread/INFO]: [System] [CHAT]    EltripaZeka | Diandita | whos_rvbnn | Rodribecl | prieto34
[19:55:03] [Render thread/INFO]: [System] [CHAT]      CapitanPichula | 25baaaaammm | GobackCL | Berkshiire
[19:55:03] [Render thread/INFO]: [System] [CHAT] ----------------------[12/21]----------------------
[19:55:05] [Render thread/INFO]: [System] [CHAT] Hey! Sorry, but you can't use that here.
[19:55:05] [Render thread/INFO]: [System] [CHAT] [67][LATAM+][I] vSrDark04v » ♡ los 32 bloques de diamante son de cortecia para mi ♡
[19:55:05] [Render thread/INFO]: [System] [CHAT] Hey! Sorry, but you can't use that here.
[19:55:07] [Render thread/INFO]: [System] [CHAT] [67][LATAM+][I] vSrDark04v » ♡ :) ♡
[19:55:08] [Render thread/INFO]: [System] [CHAT] Hey! Sorry, but you can't use that here.
[19:55:10] [Render thread/INFO]: [System] [CHAT] Hey! Sorry, but you can't use that here.
[19:55:11] [Render thread/INFO]: [System] [CHAT] Hey! Sorry, but you can't use that here.
[19:55:12] [Render thread/INFO]: [System] [CHAT] [][U] .Sofia62018 » eres mama?
[19:55:14] [Render thread/INFO]: [System] [CHAT] Hey! Sorry, but you can't open that here.
[19:55:17] [Render thread/INFO]: [System] [CHAT] [ATR][U] soldiertf2 » xd
[19:55:17] [Render thread/INFO]: [System] [CHAT] [][U] EmyGaby » no soy madre
[19:55:21] [Render thread/INFO]: [System] [CHAT] [][U] KatStar78 » wuat
[19:55:21] [Render thread/INFO]: [System] [CHAT] [ATR][U] soldiertf2 » bruh
[19:55:21] [Render thread/INFO]: [System] [CHAT] [][U][Luchador] Zarpas_ » entonces
[19:55:28] [Render thread/INFO]: [System] [CHAT] [][U] .Sofia62018 » -_-
[19:55:29] [Render thread/INFO]: [System] [CHAT] [][U] EmyGaby » pero soy mamacita U,U
[19:55:31] [Render thread/INFO]: [System] [CHAT] [JRAN][IRON][Luchador] .IsaacA0156 » sofi ya estas conociendo a gabyXD?
[19:55:33] [Render thread/INFO]: [System] [CHAT] -------------------[MINELATINO]-------------------
[19:55:33] [Render thread/INFO]: [System] [CHAT]        ¿Quieres ser staff y ayudar a MineLatino?
[19:55:33] [Render thread/INFO]: [System] [CHAT]          entonces puedes ingresar al siguiente enlace:
[19:55:33] [Render thread/INFO]: [System] [CHAT]                     minelatino.com/postulaciones/
[19:55:33] [Render thread/INFO]: [System] [CHAT]          para saber los pasos a seguir para ser staff
[19:55:33] [Render thread/INFO]: [System] [CHAT] ------------------------[♥]-----------------------
[19:55:33] [Render thread/INFO]: [System] [CHAT] likanq12 ha conseguido el progreso [¿No es hierrónico?]
[19:55:33] [Render thread/INFO]: [System] [CHAT] likanq12 ha conseguido el progreso [Vístete]
[19:55:37] [Render thread/INFO]: [System] [CHAT] [][U][Luchador] Zarpas_ » nada que ver
[19:55:38] [Render thread/INFO]: [System] [CHAT] [JRAN][IRON][Luchador] .IsaacA0156 » XDdd
[19:55:38] [Render thread/INFO]: [System] [CHAT] [][U] .Sofia62018 » NO MAMS
[19:55:46] [Render thread/INFO]: [System] [CHAT] [][U] .Sofia62018 » ESA PRRA MMD QUE
[19:55:49] [Render thread/INFO]: [System] [CHAT] [][U] .Sofia62018 » XD
[19:55:50] [Render thread/INFO]: [System] [CHAT] [][U] josetl » a
[19:55:50] [Render thread/INFO]: [System] [CHAT] [Crew][DIAMOND][I][ ❆ .2025. ❆ ] pepemancraft123 » xddd
[19:55:51] [Render thread/INFO]: [System] [CHAT] [][U] josetl » XD
[19:55:56] [Render thread/INFO]: [System] [CHAT] [][U] josetl » vivo a lado
[19:55:59] [Render thread/INFO]: [System] [CHAT] juanparedes987 ha conseguido el progreso [¡Diana!]
[19:56:01] [Render thread/INFO]: [System] [CHAT] [🥉] [URSS][GOLD] MeriYein421 » shulker con blokes de hierro a 90k /ah
[19:56:03] [Render thread/INFO]: [System] [CHAT] -----------------[TOP DONADORES]-----------------
[19:56:03] [Render thread/INFO]: [System] [CHAT]         MrTaquitoMC | IPeluchito | Loler_Over | soymemox
[19:56:03] [Render thread/INFO]: [System] [CHAT]    Fredy_Graces | GerardLG74 | merlindeplay | Nicoestobar
[19:56:03] [Render thread/INFO]: [System] [CHAT]             benja893 | H4CK3110 | JUANZZY | Ferlantz
[19:56:03] [Render thread/INFO]: [System] [CHAT]            Kamn001 | Jorgemili0 | TheGolemKidd | Touzh
[19:56:03] [Render thread/INFO]: [System] [CHAT] -----------------------[2/21]----------------------
[19:56:11] [Render thread/INFO]: [System] [CHAT] [][U][Luchador] ANDREW_MADNESS » donde estamos
[19:56:14] [Render thread/INFO]: [System] [CHAT] [ATR][U] soldiertf2 » nose
[19:56:16] [Render thread/INFO]: [System] [CHAT] [][U] EmyGaby » olvide que los de minecraft tienen el humor de un bloque de carbon
[19:56:33] [Render thread/INFO]: [System] [CHAT] -------------------[MINELATINO]-------------------
[19:56:33] [Render thread/INFO]: [System] [CHAT]                             ¿Sabías qué...
[19:56:33] [Render thread/INFO]: [System] [CHAT]         MineLatino Network se fundó en julio del 2019?
[19:56:33] [Render thread/INFO]: [System] [CHAT] ------------------------[♥]-----------------------
[19:56:38] [Render thread/INFO]: [System] [CHAT] [][U][Luchador] ANDREW_MADNESS » mandame tpa
[19:56:39] [Render thread/INFO]: [System] [CHAT] [ATR][U] soldiertf2 » veo algo
[19:56:45] [Render thread/INFO]: [System] [CHAT] [][U] josetl » bueno chau kirito_kun
[19:56:47] [Render thread/INFO]: [System] [CHAT] [🥉] [URSS][GOLD] MeriYein421 » shulker con blokes de hierro a 90k /ah
[19:56:51] [Render thread/INFO]: [System] [CHAT] [][LATAM+][Luchador] sikosia0_ » alguien necesita hierro?
[19:56:52] [Render thread/INFO]: [System] [CHAT] [][U][Luchador] ANDREW_MADNESS » que vez?
[19:56:57] [Render thread/INFO]: [System] [CHAT] Leslik4rina ha conseguido el progreso [La Edad de Hierro]
[19:56:58] [Render thread/INFO]: [System] [CHAT] [FYA][LATAM+][||✱||2024||✱||] Adriasan » ee
[19:57:00] [Render thread/INFO]: [System] [CHAT] [FYA][LATAM+][||✱||2024||✱||] Adriasan » ahi no
[19:57:01] [Render thread/INFO]: [System] [CHAT] [FYA][LATAM+][||✱||2024||✱||] Adriasan » :V
[19:57:03] [Render thread/INFO]: [System] [CHAT] -----------------[TOP DONADORES]-----------------
[19:57:03] [Render thread/INFO]: [System] [CHAT]          Pikachu08t | Morita18_ | ladybug | iKenshLuffy_
[19:57:03] [Render thread/INFO]: [System] [CHAT]   Amanda555555555 | InmortalSushy | Mediated4816 | Gatus
[19:57:03] [Render thread/INFO]: [System] [CHAT]      Aitore98 | azm | Chenchiito | NCOFUENTES | BryannnXD
[19:57:03] [Render thread/INFO]: [System] [CHAT]             Darkpl4y | Skvbo | sniperwolf10 | CHAVEZ20
[19:57:03] [Render thread/INFO]: [System] [CHAT] -----------------------[8/21]----------------------
[19:57:04] [Render thread/INFO]: [System] [CHAT] [ATR][U] soldiertf2 » lugares destruidos xd
[19:57:10] [Render thread/INFO]: [System] [CHAT] [FYA][LATAM+][||✱||2024||✱||] Adriasan » Vendo Pixel arts :D /tpa adriasan para verlos
[19:57:13] [Render thread/INFO]: [System] [CHAT] [][U] KatStar78 » hai
[19:57:18] [Render thread/INFO]: [System] [CHAT] [][U] vicente » oye el que me iva aconprar manzanas
[19:57:30] [Render thread/INFO]: [System] [CHAT] kirito_kun ha caído desde muy alto
[19:57:33] [Render thread/INFO]: [System] [CHAT] -------------------[MINELATINO]-------------------
[19:57:33] [Render thread/INFO]: [System] [CHAT]                         www.minelatino.shop
[19:57:33] [Render thread/INFO]: [System] [CHAT]                      ¡Aceptamos criptomonedas!
[19:57:33] [Render thread/INFO]: [System] [CHAT] ------------------------[♥]-----------------------
[19:57:34] [Render thread/INFO]: [System] [CHAT] [][U] vicente » 1 stack cuanto das
[19:57:34] [Render thread/INFO]: [System] [CHAT] [][U][Luchador] ANDREW_MADNESS » una pregunta como llegaste a tu base?
[19:57:35] [Render thread/INFO]: [System] [CHAT] [JRAN][IRON][Luchador] .IsaacA0156 » oro XD
[19:57:41] [Render thread/INFO]: [System] [CHAT] [][U][Luchador] ANDREW_MADNESS » todo se ve destruido
[19:57:42] [Render thread/INFO]: [System] [CHAT] [][U] vicente » 1 stack cuanto das
[19:57:46] [Render thread/INFO]: [System] [CHAT] [][U] Anderchoclo » como entro al mundo survival?
[19:57:53] [Render thread/INFO]: [System] [CHAT] [][U] .Sofia62018 » vendo terreno plano en zona bonita
[19:57:54] [Render thread/INFO]: [System] [CHAT] [67][LATAM+][I] vSrDark04v » ♡ Anderchoclo, /rtp ♡
[19:57:56] [Render thread/INFO]: [System] [CHAT] [][U] vicente » dame 15 k
[19:57:58] [Render thread/INFO]: [System] [CHAT] [ATR][U] soldiertf2 » material precioso
[19:58:01] [Render thread/INFO]: [System] [CHAT] [67][LATAM+][I] vSrDark04v » ♡ Consigues kit inicial con /tiktok ♡
[19:58:03] [Render thread/INFO]: [System] [CHAT] -----------------[TOP DONADORES]-----------------
[19:58:03] [Render thread/INFO]: [System] [CHAT]     Tomas244 | Bry00v | Kronos0820 | romeo2103 | MiniDolly
[19:58:03] [Render thread/INFO]: [System] [CHAT]      RasGrimm | TheNazz_ | johanel | Jp_xp215 | Fenizzz34
[19:58:03] [Render thread/INFO]: [System] [CHAT]   Valdes_14 | Enderoeo | AndrezzGG | Dr4k0_TD | Ghenox19
[19:58:03] [Render thread/INFO]: [System] [CHAT]       Klawdioss | Zero_666 | Rollmaster_ | HolaYoSoyAlexx
[19:58:03] [Render thread/INFO]: [System] [CHAT] ----------------------[19/21]----------------------
[19:58:04] [Render thread/INFO]: [System] [CHAT] [][U] vicente » dame 15 k
[19:58:17] [Render thread/INFO]: [System] [CHAT] [][U] vicente » si
[19:58:19] [Render thread/INFO]: [System] [CHAT]  MINELATINO » ¡Has adquirido un objeto, usa /ah redeem, para reclamarlo!
[19:58:19] [Render thread/INFO]: [System] [CHAT] [][U] josetl » regalo granja de xp
[19:58:24] [Render thread/INFO]: [System] [CHAT] [][U] josetl » esa normalida de mobs
[19:58:26] [Render thread/INFO]: [System] [CHAT]  MINELATINO » ¡La petición ha sido enviada a DeMon_pp!
[19:58:28] [Render thread/INFO]: [System] [CHAT] [][U] vicente » ya la pongo en ah
[19:58:29] [Render thread/INFO]: [System] [CHAT] [JRAN][IRON][Luchador] .IsaacA0156 » si le das reigo reproducez los aldeanos
[19:58:33] [Render thread/INFO]: [System] [CHAT] -------------------[MINELATINO]-------------------
[19:58:33] [Render thread/INFO]: [System] [CHAT]   ¡Evita ser sancionado por usar clientes ilegales!
[19:58:33] [Render thread/INFO]: [System] [CHAT]        minelatino.com/knowledge/todo-sobre-los-clientes
[19:58:33] [Render thread/INFO]: [System] [CHAT]         ¡Descubre que clientes son legales y cuáles no!
[19:58:33] [Render thread/INFO]: [System] [CHAT] ------------------------[♥]-----------------------
[19:58:34] [Render thread/INFO]: [System] [CHAT] [][U] vicente » las pongo en ah
[19:58:34] [Render thread/INFO]: [System] [CHAT] [][U][Luchador] Zarpas_ » ola josetl
[19:58:36] [Render thread/INFO]: [System] [CHAT] [ATR][U] soldiertf2 » me la das jose xd
[19:58:39] [Render thread/INFO]: [System] [CHAT] [][IRON]｢!༻ʀᴏᴍᴇᴏ༺!｣ kurotsuno5 » vendo bioma palido
[19:58:39] [Render thread/INFO]: [System] [CHAT] Hey! Sorry, but you can't open that here.
[19:58:39] [Render thread/INFO]: [System] [CHAT] [][U] josetl » hola Zarpas_
[19:58:42] [Render thread/INFO]: [System] [CHAT] [][U] Serk » vendo shulkers de enderpearls 8k
[19:58:43] [Render thread/INFO]: [System] [CHAT] [][U] josetl » tpeate p soldiertf2
[19:58:44] [Render thread/INFO]: [System] [CHAT] [][U]｢ᴄᴜᴘɪᴅᴏ｣ JoycieH » Naranjitia67
[19:58:47] [Render thread/INFO]: [System] [CHAT] Shafiff5070 ha conseguido el progreso [¡Diana!]
[19:58:50] [Render thread/INFO]: [System] [CHAT] [][U] Naranjitia67 » que
[19:58:55] [Render thread/INFO]: [System] [CHAT] [DISCORD] _theconstan_ » bro discordapp.com/invite/hotlatinas
[19:58:57] [Render thread/INFO]: [System] [CHAT] [][U] josetl » oe soldiertf2 estoy vaciando un chunk en tu base
[19:59:03] [Render thread/INFO]: [System] [CHAT] -----------------[TOP DONADORES]-----------------
[19:59:03] [Render thread/INFO]: [System] [CHAT]               MiiLis | Lum12345h | Myta39 | CMJBS456
[19:59:03] [Render thread/INFO]: [System] [CHAT]             michael18 | AntooMeow | Stremo | Rramboo
[19:59:03] [Render thread/INFO]: [System] [CHAT]    MonsterWaffle7w7 | R2ZwieDK | iDombush | AngelNotFound
[19:59:03] [Render thread/INFO]: [System] [CHAT]   LordHount | alucard666 | NoSoyShadowL | MamaGamer1234
[19:59:03] [Render thread/INFO]: [System] [CHAT] -----------------------[5/21]----------------------
[19:59:04] [Render thread/INFO]: [System] [CHAT] [67][LATAM+][I] vSrDark04v » ♡ hotlatinas ♡
[19:59:05] [Render thread/INFO]: [System] [CHAT] [67][LATAM+][I] vSrDark04v » ♡ XD ♡
[19:59:05] [Render thread/INFO]: [System] [CHAT] [][U] Naranjitia67 » q paso JoycieH?
[19:59:05] [Render thread/INFO]: [System] [CHAT] [Crew]｢⚡｣i(༺✦༻)i nozhu » asd
[19:59:13] [Render thread/INFO]: [System] [CHAT] [67][LATAM+][I] vSrDark04v » ♡ nozhu chambea ♡
[19:59:14] [Render thread/INFO]: [System] [CHAT] [][IRON] Cloaker115 » XD
[19:59:16] [Render thread/INFO]: [System] [CHAT]  MINELATINO » ¡No puedes colocar esto en el cofre virtual! Si lo estás intentando sacar, debes abrir un ticket para recibir ayuda
[19:59:21] [Render thread/INFO]: [System] [CHAT] [ONL1][LATAM+][G][I]⌞⛧ |☠| ⛧⌝ _ZeninNaoya_ » Es posible que de una aldea spawnee un gato domesticado?
[19:59:22] [Render thread/INFO]: [System] [CHAT] [][U] vicente » listo lo puse en ah
[19:59:24] [Render thread/INFO]: [System] [CHAT] [][U] Anderchoclo » gracias
[19:59:24] [Render thread/INFO]: [System] [CHAT] [🥇][ONLY]｢⚡｣｢☠ . ʙᴏᴏ . ☠｣ Robinv » dark?
[19:59:25] [Render thread/INFO]: [System] [CHAT] [Crew]｢⚡｣i(༺✦༻)i nozhu » ?
[19:59:27] [Render thread/INFO]: [System] [CHAT] [][U] Anderchoclo » te kiero mucho
[19:59:29] [Render thread/INFO]: [System] [CHAT] [][U] KatStar78 » look like a dick 💔
[19:59:31] [Render thread/INFO]: [System] [CHAT] [][U] vicente » ya los puse en ah
[19:59:32] [Render thread/INFO]: [System] [CHAT] Anderchoclo ha conseguido el progreso [¿No es hierrónico?]
[19:59:33] [Render thread/INFO]: [System] [CHAT] -------------------[MINELATINO]-------------------
[19:59:33] [Render thread/INFO]: [System] [CHAT]                         www.minelatino.shop
[19:59:33] [Render thread/INFO]: [System] [CHAT]           ¡Rangos, picos, espadas, dinero & mucho más!
[19:59:33] [Render thread/INFO]: [System] [CHAT] ------------------------[♥]-----------------------
[19:59:33] [Render thread/INFO]: [System] [CHAT] [67][LATAM+][I] vSrDark04v » ♡ El link ♡
[19:59:33] [Render thread/INFO]: [System] [CHAT] [][DIAMOND] Ale0x_ » rip
[19:59:34] [Render thread/INFO]: [System] [CHAT] [][IRON] Cloaker115 » eso es imposible
[19:59:36] [Render thread/INFO]: [System] [CHAT] [67][LATAM+][I] vSrDark04v » ♡ al grupo de dc ♡
[19:59:38] [Render thread/INFO]: [System] [CHAT] [🥇][ONLY]｢⚡｣｢☠ . ʙᴏᴏ . ☠｣ Robinv » a
[19:59:40] [Render thread/INFO]: [System] [CHAT] [🥇][ONLY]｢⚡｣｢☠ . ʙᴏᴏ . ☠｣ Robinv » xd
[19:59:42] [Render thread/INFO]: [System] [CHAT] [67][LATAM+][I] vSrDark04v » ♡ de latinas calientes ♡
[19:59:43] [Render thread/INFO]: [System] [CHAT] §6§l ➥ §6✉ (YO ▻ JoycieH) » qpaso?
[19:59:50] [Render thread/INFO]: [System] [CHAT] [Crew]｢⚡｣i(༺✦༻)i nozhu » e
[19:59:51] [Render thread/INFO]: [System] [CHAT] [🥇][ONLY]｢⚡｣｢☠ . ʙᴏᴏ . ☠｣ Robinv » que pedo jajaja
[19:59:52] [Render thread/INFO]: [System] [CHAT] [][U] vicente » quieres que te venda mas?
[19:59:54] [Render thread/INFO]: [System] [CHAT] [JRAN][IRON][Luchador] .IsaacA0156 » dRk cochino
[19:59:56] [Render thread/INFO]: [System] [CHAT] [FYA][LATAM+][||✱||2024||✱||] Adriasan » Vendo Pixel arts :D /tpa adriasan para verlos
[19:59:56] [Render thread/INFO]: [System] [CHAT] [][U] ajidehuevo23 » necesitas cosas?
[19:59:57] [Render thread/INFO]: [System] [CHAT] [][U] gabx144 » xd
[19:59:58] [Render thread/INFO]: [System] [CHAT] [67][LATAM+][I] vSrDark04v » ♡ me salioa mi ♡
[19:59:58] [Render thread/INFO]: [System] [CHAT] [Crew]｢⚡｣i(༺✦༻)i nozhu » que pedo x2
[20:00:00] [Render thread/INFO]: [System] [CHAT] [67][LATAM+][I] vSrDark04v » ♡ y me meti ♡
[20:00:03] [Render thread/INFO]: [System] [CHAT] (ANUNCIO) Clanes ganadores de la temporada OCT-2025\n 1. ONLY \n 2. ANBU \n 3. URSS
[20:00:03] [Render thread/INFO]: [System] [CHAT] -----------------[TOP DONADORES]-----------------
[20:00:03] [Render thread/INFO]: [System] [CHAT]     Keremy2305 | LordLostLP | RiveraF | Seryi_mc | kkwetx
[20:00:03] [Render thread/INFO]: [System] [CHAT]      ElMimikyu778 | KyoukoMejiro | CrisMartinez17 | Nyoora
[20:00:03] [Render thread/INFO]: [System] [CHAT]       Sucre_128 | zVisanter_ | Hector20203030 | iSavvy
[20:00:03] [Render thread/INFO]: [System] [CHAT]     MauroOMG1 | Coutinhoo7 | Santana25 | musicmasterX12
[20:00:03] [Render thread/INFO]: [System] [CHAT] ----------------------[13/21]----------------------
[20:00:04] [Render thread/INFO]: [System] [CHAT] [][U][Luchador] Zarpas_ » a
[20:00:05] [Render thread/INFO]: [System] [CHAT] -------------------------------------------------
[20:00:05] [Render thread/INFO]: [System] [CHAT] ➥ El jugador rmsarabia acaba de votar por el
[20:00:05] [Render thread/INFO]: [System] [CHAT] ➥ servidor y ha ganado increíbles cosas ♥
[20:00:05] [Render thread/INFO]: [System] [CHAT] ➥ Si también quieres ganar, usa /vote
[20:00:05] [Render thread/INFO]: [System] [CHAT] -------------------------------------------------
[20:00:11] [Render thread/INFO]: [System] [CHAT] [][U] vicente » okey
[20:00:11] [Render thread/INFO]: [System] [CHAT] [][U] Anderchoclo » tranqui. con esto es ssuficiente
[20:00:19] [Render thread/INFO]: [System] [CHAT] [][U] Anderchoclo » jiijiji gracias
[20:00:22] [Render thread/INFO]: [System] [CHAT] [][LATAM+][Luchador] sikosia0_ » iwal sirve rei
[20:00:23] [Render thread/INFO]: [System] [CHAT] gabx144 ha sido víctima de ajidehuevo23
[20:00:23] [Render thread/INFO]: [System] [CHAT] [][LATAM+][Luchador] sikosia0_ » ntp
[20:00:25] [Render thread/INFO]: [System] [CHAT] [][LATAM+][Luchador] sikosia0_ » :3
[20:00:26] [Render thread/INFO]: [System] [CHAT] [Crew]｢⚡｣i(༺✦༻)i nozhu » Increíble
[20:00:28] [Render thread/INFO]: [System] [CHAT] [][LATAM+][Luchador] sikosia0_ » suerte
[20:00:33] [Render thread/INFO]: [System] [CHAT] -------------------[MINELATINO]-------------------
[20:00:33] [Render thread/INFO]: [System] [CHAT] [LATAM+] Naranjitia67 » ¡Que bien me queda el LATAM+!
[20:00:33] [Render thread/INFO]: [System] [CHAT]           Si te gusta como se ve, puedes comprarlo en
[20:00:33] [Render thread/INFO]: [System] [CHAT]                            www.minelatino.shop
[20:00:33] [Render thread/INFO]: [System] [CHAT] ------------------------[♥]-----------------------
[20:00:35] [Render thread/INFO]: [System] [CHAT] §6§l ➥ §6✉ (YO ▻ JoycieH) » ???
[20:00:38] [Render thread/INFO]: [System] [CHAT] [Crew]｢⚡｣i(༺✦༻)i nozhu » Feliz día a las mamasitas del sv
[20:00:39] [Render thread/INFO]: [System] [CHAT]  MINELATINO » ¡La petición ha sido enviada a JoycieH!
[20:00:39] [Render thread/INFO]: [System] [CHAT] likanq12 ha conseguido el progreso [La Edad de Piedra]
[20:00:40] [Render thread/INFO]: [System] [CHAT] [Crew]｢⚡｣i(༺✦༻)i nozhu » :*
[20:00:41] [Render thread/INFO]: [System] [CHAT] [🥉] [URSS][GOLD] MeriYein421 » shulker con blokes de hierro a 80k /ah
[20:00:53] [Render thread/INFO]: [System] [CHAT] [][U] .Sofia62018 » xd
[20:00:57] [Render thread/INFO]: [System] [CHAT] -------------------------------------------------
[20:00:57] [Render thread/INFO]: [System] [CHAT] ➥ El jugador rmsarabia acaba de votar por el
[20:00:57] [Render thread/INFO]: [System] [CHAT] ➥ servidor y ha ganado increíbles cosas ♥
[20:00:57] [Render thread/INFO]: [System] [CHAT] ➥ Si también quieres ganar, usa /vote
[20:00:57] [Render thread/INFO]: [System] [CHAT] -------------------------------------------------
[20:01:03] [Render thread/INFO]: [System] [CHAT] rmsarabia ha muerto entre llamas
[20:01:03] [Render thread/INFO]: [System] [CHAT] -----------------[TOP DONADORES]-----------------
[20:01:03] [Render thread/INFO]: [System] [CHAT]             Cap_Loli | Matorombo | MaxiLXK | ADONAIMXP
[20:01:03] [Render thread/INFO]: [System] [CHAT]     ELdimplayer | Gamer_Analyst33 | Val_st_pz | Lonngsito
[20:01:03] [Render thread/INFO]: [System] [CHAT]          Sariel1227 | NEONWIZ21 | John_Allen | claman20
[20:01:03] [Render thread/INFO]: [System] [CHAT]    AlejandroMT | AzuraaX_ | kuroganeShiro | Cristhian1602
[20:01:03] [Render thread/INFO]: [System] [CHAT] -----------------------[7/21]----------------------
[20:01:31] [Render thread/INFO]: [System] [CHAT] [][IRON]｢!༻ʀᴏᴍᴇᴏ༺!｣ kurotsuno5 » vendo bioma palido 10k :v
[20:01:33] [Render thread/INFO]: [System] [CHAT] -------------------[MINELATINO]-------------------
[20:01:33] [Render thread/INFO]: [System] [CHAT]                       discord.minelatino.com
[20:01:33] [Render thread/INFO]: [System] [CHAT]                ¡No te pierdas ninguna actualización!
[20:01:33] [Render thread/INFO]: [System] [CHAT] ------------------------[♥]-----------------------
[20:01:33] [Render thread/INFO]: [System] [CHAT] [ATR][U] soldiertf2 » jose te esperas un ratito pls
[20:01:43] [Render thread/INFO]: [System] [CHAT] Hey! Sorry, but you can't use that here.
[20:01:43] [Render thread/INFO]: [System] [CHAT] Hey! Sorry, but you can't use that here.
[20:01:45] [Render thread/INFO]: [System] [CHAT] [][U] rmsarabia » para q sirven las etiquetas?
[20:01:56] [Render thread/INFO]: [System] [CHAT] [Crew]｢⚡｣i(༺✦༻)i nozhu » rmsarabia Para renombrar mobs
[20:01:59] [Render thread/INFO]: [System] [CHAT] [][U] .Sofia62018 » para ponerle nombre a los mobs
[20:02:01] [Render thread/INFO]: [System] [CHAT] [][U] Shafiff5070 » a expandir dogui jeje
[20:02:03] [Render thread/INFO]: [System] [CHAT] -----------------[TOP DONADORES]-----------------
[20:02:03] [Render thread/INFO]: [System] [CHAT]    YARE_LEE | MolinaCR23 | jjoseda | KeisukeBaji | Ignabre
[20:02:03] [Render thread/INFO]: [System] [CHAT]  Kayydxn | Slyrikx | Combine__ELITE | Gregton | 0Aaron88xIm
[20:02:03] [Render thread/INFO]: [System] [CHAT]        WoolOstrich8922 | pachequinpro132 | PanzaBiceps
[20:02:03] [Render thread/INFO]: [System] [CHAT]        Chrislcn11 | Esmail88888 | c_sastre | TheMrCatYT
[20:02:03] [Render thread/INFO]: [System] [CHAT] ----------------------[17/21]----------------------
[20:02:09] [Render thread/INFO]: [System] [CHAT] [][U] rmsarabia » pero las q te dan al votar
[20:02:10] [Render thread/INFO]: [System] [CHAT] [][U] 777dogui777 » vava
[20:02:13] [Render thread/INFO]: [System] [CHAT] likanq12 ha explotado por Creeper
[20:02:13] [Render thread/INFO]: [System] [CHAT] Emip65t_Y ha conseguido el progreso [Plus ultra]
[20:02:13] [Render thread/INFO]: [System] [CHAT] [][U] 777dogui777 » lo expandimos
[20:02:14] [Render thread/INFO]: [System] [CHAT] ianzaballaYETS2 ha conseguido el progreso [Plus ultra]
[20:02:17] [Render thread/INFO]: [System] [CHAT] [Crew]｢⚡｣i(༺✦༻)i nozhu » rmsarabia Sí, son etiuetas normales
[20:02:21] [Render thread/INFO]: [System] [CHAT] [][U] gabx144 » fachinz en twitch recien empezamos estamos haciendo una base full nuevos vengan
[20:02:24] [Render thread/INFO]: [System] [CHAT] [Crew]｢⚡｣i(༺✦༻)i nozhu » etiquetas*
[20:02:24] [Render thread/INFO]: [System] [CHAT] [][U] rmsarabia » ah q mal, gracias
[20:02:29] [Render thread/INFO]: [System] [CHAT] [Crew]｢⚡｣i(༺✦༻)i nozhu » Yes
[20:02:33] [Render thread/INFO]: [System] [CHAT] -------------------[MINELATINO]-------------------
[20:02:33] [Render thread/INFO]: [System] [CHAT]      ¿Quieres saber los beneficios de los rangos?
[20:02:33] [Render thread/INFO]: [System] [CHAT]       entonces usa el comando /beneficios para saberlo
[20:02:33] [Render thread/INFO]: [System] [CHAT] ------------------------[♥]-----------------------
[20:02:33] [Render thread/INFO]: [System] [CHAT] [FYA][LATAM+][||✱||2024||✱||] Adriasan » Vendo Pixel arts :D /tpa adriasan para verlos
[20:02:33] [Render thread/INFO]: [System] [CHAT]  MINELATINO » ¡La petición ha sido enviada a gabx144!
[20:02:36] [Render thread/INFO]: [System] [CHAT]  MINELATINO » ¡gabx144 ha aceptado tu teletransportación!
[20:02:36] [Render thread/INFO]: [System] [CHAT]  MINELATINO » ¡Teletransportándose a gabx144!
[20:02:36] [Render thread/INFO]: [System] [CHAT]  MINELATINO » El teletransporte comenzará en 3 segundos. Por favor, no te muevas.
[20:02:40] [Render thread/INFO]: [System] [CHAT]  MINELATINO » Teletransportando...
[20:02:40] [Render thread/INFO]: [System] [CHAT]  MINELATINO » ¡Saliendo de la zona de JoycieH!
[20:02:40] [Render thread/INFO]: Starting [1] Placement Manager Daemon threads
[20:02:42] [Render thread/INFO]: [System] [CHAT] [🥉] [URSS][GOLD] MeriYein421 » quien me vende esponkja
[20:02:45] [Render thread/INFO]: [System] [CHAT] [🥉] [URSS][GOLD] MeriYein421 » quien me vende esponjas
[20:02:49] [Render thread/INFO]: [System] [CHAT] [🥉] [URSS][GOLD] MeriYein421 » un stakc
[20:02:50] [Render thread/INFO]: [System] [CHAT] [][U] Shafiff5070 » una pregunta como veo el limite de mi proteccion
[20:02:51] [Render thread/INFO]: [System] [CHAT] [][U] josetl » me encontre una base, alguien la quiere?
[20:02:52] [Render thread/INFO]: [System] [CHAT] §6§l ➥ §6✉ (YO ▻ MeriYein421) » cuantas
[20:02:56] [Render thread/INFO]: [System] [CHAT] [🥉][URSS]｢⚡｣⌞⛧ |☠| ⛧⌝ Stwartv » ✨ Alguien vende shulkers de hormigon blanco? ✨
[20:02:58] [Render thread/INFO]: [System] [CHAT] [][U] josetl » Shafiff5070 pon /ps view
[20:03:03] [Render thread/INFO]: [System] [CHAT] -----------------[TOP DONADORES]-----------------
[20:03:03] [Render thread/INFO]: [System] [CHAT]      Gilsonnick182 | Mr_Zeratul_9 | PoxerUltraXx | Kamiiral
[20:03:03] [Render thread/INFO]: [System] [CHAT]    Ezetexeira_22 | .RoyMustang1309 | D1VINPR | Kumbiero23
[20:03:03] [Render thread/INFO]: [System] [CHAT]    KratosGameplay | XxpaulitaxX | Elbasuer | ElMrGeekSalad
[20:03:03] [Render thread/INFO]: [System] [CHAT]     Ander_nya | SmokingClouds | iNauzrt | ByBlxCk | melioliva
[20:03:03] [Render thread/INFO]: [System] [CHAT] ----------------------[20/21]----------------------
[20:03:04] [Render thread/INFO]: [System] [CHAT] [🥉] [URSS][GOLD] MeriYein421 » un stakc
[20:03:11] [Render thread/INFO]: [System] [CHAT] [][U] josetl » tepeate ps soldiertf2
[20:03:11] [Render thread/INFO]: [System] [CHAT] §6§l ➥ §6✉ (YO ▻ gabx144) » q haces en mi base..
[20:03:15] [Render thread/INFO]: [System] [CHAT] §6§l ➥ §6✉ (YO ▻ MeriYein421) » cuanto pagas
[20:03:17] [Render thread/INFO]: [System] [CHAT]  MINELATINO » ¡Entrando a la zona de Spaghettix3!
[20:03:18] [Render thread/INFO]: [System] [CHAT]  MINELATINO » ¡Nemesis28 se ha unido a nuestro aventura! Es el jugador (#370,921)
[20:03:18] [Render thread/INFO]: [System] [CHAT] Nemesis28 ha conseguido el progreso [Mejorando herramientas]
[20:03:19] [Render thread/INFO]: [System] [CHAT] [][U] josetl » ase rato te etoy diciendo xd
[20:03:22] [Render thread/INFO]: [System] [CHAT] [][LATAM+][D] M11 » stwart cuanto pagas x shulk?
[20:03:25] [Render thread/INFO]: [System] [CHAT] [🥉] [URSS][GOLD] MeriYein421 » 70
[20:03:27] [Render thread/INFO]: [System] [CHAT] [🥉][URSS]｢⚡｣⌞⛧ |☠| ⛧⌝ Stwartv » ✨ Cuanto pides? ✨
[20:03:28] [Render thread/INFO]: [System] [CHAT] [FYA][LATAM+][||✱||2024||✱||] Adriasan » 7k
[20:03:29] [Render thread/INFO]: [System] [CHAT] Serk ha conseguido el progreso [Exilio voluntario]
[20:03:33] [Render thread/INFO]: [System] [CHAT] -------------------[MINELATINO]-------------------
[20:03:33] [Render thread/INFO]: [System] [CHAT]                ¡250.000 sanciones realizadas!
[20:03:33] [Render thread/INFO]: [System] [CHAT]               así que, por favor, no uses hacks =(
[20:03:33] [Render thread/INFO]: [System] [CHAT] ------------------------[♥]-----------------------
[20:03:34] [Render thread/INFO]: [System] [CHAT] -------------------------------------------------
[20:03:34] [Render thread/INFO]: [System] [CHAT] ➥ El jugador sikosia0_ acaba de votar por el
[20:03:34] [Render thread/INFO]: [System] [CHAT] ➥ servidor y ha ganado increíbles cosas ♥
[20:03:34] [Render thread/INFO]: [System] [CHAT] ➥ Si también quieres ganar, usa /vote
[20:03:34] [Render thread/INFO]: [System] [CHAT] -------------------------------------------------
[20:03:35] [Render thread/INFO]: [System] [CHAT] [][U] Shafiff5070 » ok brother
[20:03:44] [Render thread/INFO]: [STDOUT]: Restocking Totem
[20:03:46] [Render thread/INFO]: [System] [CHAT] [][LATAM+][D] M11 » ni idea a cuanto están la verdad, ofreceme
[20:03:48] [Render thread/INFO]: [System] [CHAT] [DISCORD] unknowuser0082 » Soy EmyGaby
[20:03:52] [Render thread/INFO]: [System] [CHAT] likanq12 ha conseguido el progreso [¿Se acabó?]
[20:03:54] [Render thread/INFO]: [System] [CHAT] [DISCORD] unknowuser0082 » Se fue la electricidad
[20:03:56] [Render thread/INFO]: [System] [CHAT] [🥉][URSS]｢⚡｣⌞⛧ |☠| ⛧⌝ Stwartv » ✨ Es que yo tampoco se a cuanto está xdd ✨
[20:03:59] [Render thread/INFO]: [System] [CHAT] [][LATAM+][D] M11 » ajsdjas
[20:04:03] [Render thread/INFO]: [System] [CHAT] -----------------[TOP DONADORES]-----------------
[20:04:03] [Render thread/INFO]: [System] [CHAT]   dannyreyes | NotxCrazy_ | 40ms | TheWichzz | StayCrying
[20:04:03] [Render thread/INFO]: [System] [CHAT]  Guerrero6542 | jus44 | Azouw7u7 | Krash21z | MauricioARM
[20:04:03] [Render thread/INFO]: [System] [CHAT]       MaoCapo | Jixcode | Catalinaaajj | tiopalta | Alayn3z
[20:04:03] [Render thread/INFO]: [System] [CHAT]          Akqme__ | Pepitoelmanco22 | Showtime7 | V2Etsu
[20:04:03] [Render thread/INFO]: [System] [CHAT] ----------------------[14/21]----------------------
[20:04:03] [Render thread/INFO]: [System] [CHAT] [][U][Luchador] 6lokknine » te voy a robar tmb
[20:04:04] [Render thread/INFO]: [System] [CHAT] [DISCORD] unknowuser0082 » Hola Issac
[20:04:10] [Render thread/INFO]: [System] [CHAT] §6§l ➥ §6✉ (YO ▻ JoycieH) » ??
[20:04:14] [Render thread/INFO]: [System] [CHAT] [🥉][URSS]｢⚡｣⌞⛧ |☠| ⛧⌝ Stwartv » ✨ 20k? ✨
[20:04:16] [Render thread/INFO]: [System] [CHAT]  MINELATINO » ¡Saliendo de la zona de Spaghettix3!
[20:04:22] [Render thread/INFO]: [System] [CHAT] Serk ha completado el desafío [Héroe de la aldea]
[20:04:23] [Render thread/INFO]: [System] [CHAT] [JRAN][IRON][Luchador] .IsaacA0156 » eres fu cierto?
[20:04:24] [Render thread/INFO]: [System] [CHAT] gabx144 ha caído desde muy alto
[20:04:30] [Render thread/INFO]: [System] [CHAT]  MINELATINO » ¡La petición ha sido enviada a DeMon_pp!
[20:04:31] [Render thread/INFO]: [System] [CHAT] [DISCORD] unknowuser0082 » Si
[20:04:33] [Render thread/INFO]: [System] [CHAT] [][U] josetl » nose esa granja n osirve, la otra si
[20:04:33] [Render thread/INFO]: [System] [CHAT] [ATR][U] soldiertf2 » crees que sirva
[20:04:33] [Render thread/INFO]: [System] [CHAT] -------------------[MINELATINO]-------------------
[20:04:33] [Render thread/INFO]: [System] [CHAT]       ¿Hackers, jugadores tóxicos o problemas?
[20:04:33] [Render thread/INFO]: [System] [CHAT]      usa /report y el staff de turno entrará en acción
[20:04:33] [Render thread/INFO]: [System] [CHAT] ------------------------[♥]-----------------------
[20:04:34] [Render thread/INFO]: [System] [CHAT] [][LATAM+][D] M11 » hmm
[20:04:34] [Render thread/INFO]: [System] [CHAT] §6§l ➥ §6✉ (YO ▻ DeMon_pp) » y el pvp :V
[20:04:39] [Render thread/INFO]: [System] [CHAT]  MINELATINO » ¡BCStorm se ha unido a nuestro aventura! Es el jugador (#370,922)
[20:04:39] [Render thread/INFO]: [System] [CHAT] BCStorm ha conseguido el progreso [Mejorando herramientas]
[20:04:39] [Render thread/INFO]: [System] [CHAT] [][U][Luchador] Zarpas_ » las protes son sin limite de altura o con limite?
[20:04:40] [Render thread/INFO]: [System] [CHAT] [][LATAM+][D] M11 » es que igual el shulk de arena te lo venden a eso
[20:04:46] [Render thread/INFO]: [System] [CHAT] [][LATAM+][D] M11 » y la paja es hacerlo hormigón
[20:04:47] [Render thread/INFO]: [System] [CHAT] [][U] Naranjitia67 » sin limite Zarpas_
[20:04:48] [Render thread/INFO]: [System] [CHAT] §6§l ➥ §6✉ (DeMon_pp ▻ YO) » eres malo nto desaparese
[20:04:51] [Render thread/INFO]: [System] [CHAT] [DISCORD] unknowuser0082 » En fin... Total que hoy no fue un día lindo...
[20:04:55] [Render thread/INFO]: [System] [CHAT] [🥉][URSS]｢⚡｣⌞⛧ |☠| ⛧⌝ Stwartv » ✨ 30k por shulk? ✨
[20:05:01] [Render thread/INFO]: [System] [CHAT] [][U] Nemesis28 » warps
[20:05:03] [Render thread/INFO]: [System] [CHAT] -----------------[TOP DONADORES]-----------------
[20:05:03] [Render thread/INFO]: [System] [CHAT]               Erjize | librasagi | MrPopeta | Elizabath
[20:05:03] [Render thread/INFO]: [System] [CHAT]      iHighBlume | Pescadete | ItsViani01 | bautistagturza_
[20:05:03] [Render thread/INFO]: [System] [CHAT]      _AfterChange | Lesther1504 | josesito24 | ySpintown
[20:05:03] [Render thread/INFO]: [System] [CHAT]        NFLD99 | TheKingNoob | MrBlaky | Elqueviveensan4
[20:05:03] [Render thread/INFO]: [System] [CHAT] -----------------------[1/21]----------------------
[20:05:03] [Render thread/INFO]: [System] [CHAT] §6§l ➥ §6✉ (YO ▻ DeMon_pp) » malo? me encerrastes xD almenos hubieras dejado pasar 3 minutos para dropearte..
[20:05:04] [Render thread/INFO]: [System] [CHAT] [][LATAM+][D] M11 » 35k?
[20:05:05] [Render thread/INFO]: [System] [CHAT] KatStar78 ha conseguido el progreso [¿No es hierrónico?]
[20:05:09] [Render thread/INFO]: [System] [CHAT] [🥉][URSS]｢⚡｣⌞⛧ |☠| ⛧⌝ Stwartv » ✨ 30 ✨
[20:05:11] [Render thread/INFO]: [System] [CHAT] Se han removido 1 entidades
[20:05:11] [Render thread/INFO]: [System] [CHAT] [][U] ajidehuevo23 » venii
[20:05:19] [Render thread/INFO]: [System] [CHAT] [JRAN][IRON][Luchador] .IsaacA0156 » escribe al rpivado
[20:05:19] [Render thread/INFO]: [System] [CHAT] §6§l ➥ §6✉ (YO ▻ DeMon_pp) » si no pasan 3 minutos es ilegal y cuenta como tpkill
[20:05:27] [Render thread/INFO]: [System] [CHAT] [][LATAM+][D] M11 » cuantos buscas?
[20:05:29] [Render thread/INFO]: [System] [CHAT] [🥉][URSS]｢⚡｣⌞⛧ |☠| ⛧⌝ Stwartv » ✨ 2 ✨
[20:05:30] [Render thread/INFO]: [System] [CHAT] §6§l ➥ §6✉ (YO ▻ DeMon_pp) » xd q nena
[20:05:33] [Render thread/INFO]: [System] [CHAT] -------------------[MINELATINO]-------------------
[20:05:33] [Render thread/INFO]: [System] [CHAT]                         www.minelatino.shop
[20:05:33] [Render thread/INFO]: [System] [CHAT] para ser un TOP DONADOR, debes donar más de 100 USD
[20:05:33] [Render thread/INFO]: [System] [CHAT] ------------------------[♥]-----------------------
[20:05:34] [Render thread/INFO]: [System] [CHAT]  MINELATINO » ✔ Teletransportando a la protección ps68102x80y-74506z en 3 segundos, no te muevas.
[20:05:37] [Render thread/INFO]: [System] [CHAT] [][LATAM+][D] M11 » 65 x los dos
[20:05:37] [Render thread/INFO]: [System] [CHAT]  MINELATINO » ¡Entrando a la zona de Martinaaa16!
[20:05:37] [Render thread/INFO]: Starting [1] Placement Manager Daemon threads
[20:05:37] [Render thread/INFO]: [System] [CHAT]  MINELATINO » ✔ Teletransportado a la protección ps68102x80y-74506z
[20:05:40] [Render thread/INFO]: [System] [CHAT] [DISCORD] unknowuser0082 » No se quién eres en discord
[20:05:43] [Render thread/INFO]: [System] [CHAT] [🥉][URSS]｢⚡｣⌞⛧ |☠| ⛧⌝ Stwartv » ✨ ok ✨
[20:05:52] [Render thread/INFO]: [System] [CHAT] [][LATAM+][D] M11 » los pongo en ah
[20:05:59] [Render thread/INFO]: [System] [CHAT] [][U] josetl » alguien me regala xcaparazon de tortuga? 3
[20:05:59] [Render thread/INFO]: [System] [CHAT] [][U] .Sofia62018 » vendo terreno másomenos grande a 20k en zona bonita
[20:06:00] [Render thread/INFO]: [System] [CHAT] [][U] josetl » :3
[20:06:03] [Render thread/INFO]: [System] [CHAT] -----------------[TOP DONADORES]-----------------
[20:06:03] [Render thread/INFO]: [System] [CHAT]         TheKillerV2 | Peely_21 | WhoIsFeer | jsebasgr21
[20:06:03] [Render thread/INFO]: [System] [CHAT]          vaca78 | doriano | JulianEhud0909 | Makarov_L
[20:06:03] [Render thread/INFO]: [System] [CHAT]              Fajardex | Pr1me | diatomics | LayonSbR
[20:06:03] [Render thread/INFO]: [System] [CHAT]         Rendo_ | Alex_One23 | Pedroga2002 | byelgamer
[20:06:03] [Render thread/INFO]: [System] [CHAT] -----------------------[4/21]----------------------
[20:06:08] [Render thread/INFO]: [System] [CHAT] [DISCORD] unknowuser0082 » Cuando vuelva la electricidad me conecto
[20:06:09] [Render thread/INFO]: [System] [CHAT] Rosttova ha conseguido el progreso [La Edad de Hierro]
[20:06:10] [Render thread/INFO]: [System] [CHAT] [JRAN][IRON][Luchador] .IsaacA0156 » elnr0oblema es ese pero mejor cuando te conectes seguimos hablando del tema
[20:06:12] [Render thread/INFO]: [System] [CHAT] [🥉][URSS]｢⚡｣⌞⛧ |☠| ⛧⌝ Stwartv » ✨ Gracias ✨
[20:06:13] [Render thread/INFO]: [System] [CHAT] Nabetse ha alcanzado el objetivo [Pincho moruno]
[20:06:14] [Render thread/INFO]: [System] [CHAT] [][LATAM+][D] M11 » a ti
[20:06:20] [Render thread/INFO]: [System] [CHAT] [DISCORD] unknowuser0082 » Si
[20:06:23] [Render thread/INFO]: [System] [CHAT] [FYA][LATAM+][||✱||2024||✱||] Adriasan » Vendo Pixel arts :D /tpa adriasan para verlos
[20:06:23] [Render thread/INFO]: [System] [CHAT] [JRAN][IRON][Luchador] .IsaacA0156 » dale suerte chama
[20:06:24] [Render thread/INFO]: [System] [CHAT] [][U] vicente » vendo prote de 36x36 a 20 k
[20:06:31] [Render thread/INFO]: [System] [CHAT] [JRAN][IRON][Luchador] .IsaacA0156 » sonrie
[20:06:32] [Render thread/INFO]: [System] [CHAT] §6§l ➥ §6✉ (YO ▻ kurotsuno5) » tu vendias los kits pvp en /ah?
[20:06:33] [Render thread/INFO]: [System] [CHAT] [][U]｢ᴄᴜᴘɪᴅᴏ｣ JoycieH » de dia plis
[20:06:33] [Render thread/INFO]: [System] [CHAT] -------------------[MINELATINO]-------------------
[20:06:33] [Render thread/INFO]: [System] [CHAT]     ¡Vota por el servidor y serás recompensado!
[20:06:33] [Render thread/INFO]: [System] [CHAT]             para votar, solamente debes usar /vote
[20:06:33] [Render thread/INFO]: [System] [CHAT] ------------------------[♥]-----------------------
[20:06:37] [Render thread/INFO]: [System] [CHAT] [JRAN][IRON][Luchador] .IsaacA0156 » alegrate la vida es bella
[20:06:41] [Render thread/INFO]: [System] [CHAT] likanq12 ha sido víctima de Zombi
[20:06:43] [Render thread/INFO]: [System] [CHAT] [][U] vicente » vendo prote de 36x36 a 20 k
[20:06:45] [Render thread/INFO]: [System] [CHAT] [🥉] [URSS][GOLD] MeriYein421 » quien me vende esponjas
[20:06:46] [Render thread/INFO]: [System] [CHAT] [DISCORD] unknowuser0082 » ...
[20:06:47] [Render thread/INFO]: [System] [CHAT] [][U][Luchador] Zarpas_ » asd
[20:06:50] [Render thread/INFO]: [System] [CHAT] §6§l ➥ §6✉ (kurotsuno5 ▻ YO) » si, ya los vendi, despues hare mas
[20:06:51] [Render thread/INFO]: [System] [CHAT] [][DIAMOND] Ale0x_ » wtf cuanto terreno tiene salonches
[20:06:56] [Render thread/INFO]: [System] [CHAT] [FYA][LATAM+][||✱||2024||✱||] Adriasan » esto no se vende xD
[20:06:59] [Render thread/INFO]: [System] [CHAT] [DISCORD] unknowuser0082 » Eso dijo ella antes de lo otro que me dijo...
[20:07:03] [Render thread/INFO]: [System] [CHAT] [][U] vicente » vendo prote de 36x36
[20:07:03] [Render thread/INFO]: [System] [CHAT] -----------------[TOP DONADORES]-----------------
[20:07:03] [Render thread/INFO]: [System] [CHAT]   Lenynzukich | MoonLight_Haze | Cristanshit | BlackreaperX
[20:07:03] [Render thread/INFO]: [System] [CHAT]     ZPARKY_369 | Un_usuario_raro | Pereiira23 | Pineas21
[20:07:03] [Render thread/INFO]: [System] [CHAT]          Gerard0w0 | Eldarkosu | lapizlazul | ItzSunshain
[20:07:03] [Render thread/INFO]: [System] [CHAT]         Alexco7 | Lilthum | Ben_la_Foca | Ichigo7uu7xdalv
[20:07:03] [Render thread/INFO]: [System] [CHAT] -----------------------[3/21]----------------------
[20:07:09] [Render thread/INFO]: [System] [CHAT] §6§l ➥ §6✉ (YO ▻ kurotsuno5) » los de 115k no?
[20:07:11] [Render thread/INFO]: [System] [CHAT] [🥉][URSS]｢⚡｣⌞⛧ |☠| ⛧⌝ Stwartv » ✨ Alguien vende 1 shulker de diorita? ✨
[20:07:15] [Render thread/INFO]: [System] [CHAT] [JRAN][IRON][Luchador] .IsaacA0156 » =_=" ya la ca.e verdad?
[20:07:15] [Render thread/INFO]: [System] [CHAT] [][U] josetl » soldiertf2
[20:07:19] [Render thread/INFO]: [System] [CHAT] -------------------------------------------------
[20:07:19] [Render thread/INFO]: [System] [CHAT] ➥ El jugador sikosia0_ acaba de votar por el
[20:07:19] [Render thread/INFO]: [System] [CHAT] ➥ servidor y ha ganado increíbles cosas ♥
[20:07:19] [Render thread/INFO]: [System] [CHAT] ➥ Si también quieres ganar, usa /vote
[20:07:19] [Render thread/INFO]: [System] [CHAT] -------------------------------------------------
[20:07:20] [Render thread/INFO]: [System] [CHAT] [DISCORD] unknowuser0082 » Pero gracias.... Supongo...
[20:07:33] [Render thread/INFO]: [System] [CHAT] -------------------[MINELATINO]-------------------
[20:07:33] [Render thread/INFO]: [System] [CHAT]        ¿Quieres ser staff y ayudar a MineLatino?
[20:07:33] [Render thread/INFO]: [System] [CHAT]          entonces puedes ingresar al siguiente enlace:
[20:07:33] [Render thread/INFO]: [System] [CHAT]                     minelatino.com/postulaciones/
[20:07:33] [Render thread/INFO]: [System] [CHAT]          para saber los pasos a seguir para ser staff
[20:07:33] [Render thread/INFO]: [System] [CHAT] ------------------------[♥]-----------------------
[20:07:34] [Render thread/INFO]: [System] [CHAT] [][U] gabx144 » fachinz en twitch recien empezamos estamos haciendo una base full nuevos vengan
[20:07:34] [Render thread/INFO]: [System] [CHAT] -------------------------------------------------
[20:07:34] [Render thread/INFO]: [System] [CHAT] ➥ El jugador sikosia0_ acaba de votar por el
[20:07:34] [Render thread/INFO]: [System] [CHAT] ➥ servidor y ha ganado increíbles cosas ♥
[20:07:34] [Render thread/INFO]: [System] [CHAT] ➥ Si también quieres ganar, usa /vote
[20:07:34] [Render thread/INFO]: [System] [CHAT] -------------------------------------------------
[20:07:35] [Render thread/INFO]: [System] [CHAT] [JRAN][IRON][Luchador] .IsaacA0156 » bueno
[20:07:40] [Render thread/INFO]: [System] [CHAT] [][U] josetl » XD
[20:07:40] [Render thread/INFO]: [System] [CHAT] §6§l ➥ §6✉ (kurotsuno5 ▻ YO) » hago de ambos de 120 que es sin armas y 200 con armas y herramientas
[20:07:40] [Render thread/INFO]: [System] [CHAT] [ATR][U] soldiertf2 » ostias
[20:07:42] [Render thread/INFO]: [System] [CHAT] [JRAN][IRON][Luchador] .IsaacA0156 » suerte
[20:07:44] [Render thread/INFO]: [System] [CHAT] [][U] josetl » sin prote
[20:07:46] [Render thread/INFO]: [System] [CHAT] [🥉][URSS]｢⚡｣⌞⛧ |☠| ⛧⌝ Stwartv » ✨ Alguien vende 1 shulker de diorita? ✨
[20:07:51] [Render thread/INFO]: [System] [CHAT] -------------------------------------------------
[20:07:51] [Render thread/INFO]: [System] [CHAT] ➥ El jugador melonlon acaba de votar por el
[20:07:51] [Render thread/INFO]: [System] [CHAT] ➥ servidor y ha ganado increíbles cosas ♥
[20:07:51] [Render thread/INFO]: [System] [CHAT] ➥ Si también quieres ganar, usa /vote
[20:07:51] [Render thread/INFO]: [System] [CHAT] -------------------------------------------------
[20:07:56] [Render thread/INFO]: [System] [CHAT] [JRAN][IRON][Luchador] .IsaacA0156 » y te deseo fuerzas
[20:08:03] [Render thread/INFO]: [System] [CHAT] -----------------[TOP DONADORES]-----------------
[20:08:03] [Render thread/INFO]: [System] [CHAT]     N1d3a | cerdoycerda | MirandaGZ | sanemi_g2 | Asffer
[20:08:03] [Render thread/INFO]: [System] [CHAT]            ESCANOR243 | sedammvi | SoyOsqui | Naokki_
[20:08:03] [Render thread/INFO]: [System] [CHAT] IsMackBroh | MiDDaY_ch | ExTemporeIV | AshZarok | PazParaMi
[20:08:03] [Render thread/INFO]: [System] [CHAT]         DontHaveTime | phoenix_star | DamyanElBarbaro
[20:08:03] [Render thread/INFO]: [System] [CHAT] ----------------------[10/21]----------------------
[20:08:10] [Render thread/INFO]: [System] [CHAT] [][U] josetl » xd
[20:08:10] [Render thread/INFO]: [System] [CHAT] [🥉] [URSS][GOLD] MeriYein421 » quien me vende esponjas 70k
[20:08:13] [Render thread/INFO]: [System] [CHAT] [JRAN][IRON][Luchador] .IsaacA0156 » aa claro... en venezuela ..no digo nada
[20:08:24] [Render thread/INFO]: [System] [CHAT] §6§l ➥ §6✉ (YO ▻ kurotsuno5) » era el q tenia 2 armor y 1 espada por 115k o no eras tu el q lo vendia haci
[20:08:27] [Render thread/INFO]: [System] [CHAT] [ATR][U] soldiertf2 » qn deja esto
[20:08:30] [Render thread/INFO]: [System] [CHAT] [][U] josetl » nose
[20:08:30] [Render thread/INFO]: [System] [CHAT] [🥉] [URSS][LATAM+][D][Luchador] Kasper » ostia el lag
[20:08:33] [Render thread/INFO]: [System] [CHAT] -------------------[MINELATINO]-------------------
[20:08:33] [Render thread/INFO]: [System] [CHAT]                             ¿Sabías qué...
[20:08:33] [Render thread/INFO]: [System] [CHAT]         MineLatino Network se fundó en julio del 2019?
[20:08:33] [Render thread/INFO]: [System] [CHAT] ------------------------[♥]-----------------------
[20:08:34] [Render thread/INFO]: [System] [CHAT] [🥉][URSS]｢⚡｣⌞⛧ |☠| ⛧⌝ Stwartv » ✨ Alguien vende 1 shulker de diorita? ✨
[20:08:40] [Render thread/INFO]: [System] [CHAT] [][U][Luchador] Lui2BleP » compro diseño de armadura
[20:08:41] [Render thread/INFO]: [System] [CHAT] [][LATAM+][Luchador] sikosia0_ » alguien de los nuevos necesitan ayuda?
[20:08:46] [Render thread/INFO]: [System] [CHAT] [PEKO][INFINITE][L+][G][I] CHAMAN » Quien vende rangooos?
[20:08:58] [Render thread/INFO]: [System] [CHAT] [DISCORD] unknowuser0082 » Me iré a jugar Roblox supongo
[20:09:02] [Render thread/INFO]: [System] [CHAT] [][U][Luchador] Lui2BleP » compro diseño de armadura
[20:09:03] [Render thread/INFO]: [System] [CHAT] -----------------[TOP DONADORES]-----------------
[20:09:03] [Render thread/INFO]: [System] [CHAT]           guillepc | XxkronosMK | JuanDaa08 | Luis_nwn
[20:09:03] [Render thread/INFO]: [System] [CHAT]      blithe_kitsune | SoulsWin | Aranyx | OscarSilva011120
[20:09:03] [Render thread/INFO]: [System] [CHAT]          IrvinML7 | Maquino198 | Sofphire | Omega_Dream
[20:09:03] [Render thread/INFO]: [System] [CHAT]    KONANmyi | Kiuminnu | Srfrox | Soltador | FaithfulPanda48
[20:09:03] [Render thread/INFO]: [System] [CHAT] ----------------------[15/21]----------------------
[20:09:06] [Render thread/INFO]: [System] [CHAT] likanq12 ha conseguido el progreso [Monster Hunter]
[20:09:07] [Render thread/INFO]: [System] [CHAT] [ATR][U] soldiertf2 » no w
[20:09:08] [Render thread/INFO]: [System] [CHAT] [DISCORD] unknowuser0082 » Suerte que no se me va el internet
[20:09:09] [Render thread/INFO]: [System] [CHAT] [][U] josetl » xdd
[20:09:11] [Render thread/INFO]: [System] [CHAT] Araña ha tirado a likanq12 desde muy alto
[20:09:12] [Render thread/INFO]: [System] [CHAT] [ATR][U] soldiertf2 » pls
[20:09:12] [Render thread/INFO]: [System] [CHAT] [🥉] [URSS][GOLD] MeriYein421 » quien me vende esponjas
[20:09:14] [Render thread/INFO]: [System] [CHAT] [][U] Fran_ruz » regalo elitras que me sobraron no tienen encantamiento pero son elitras paaa
[20:09:21] [Render thread/INFO]: [System] [CHAT] [][LATAM+][Luchador] sikosia0_ » xd
[20:09:23] [Render thread/INFO]: [System] [CHAT] [🥇][ONLY]｢⚡SUPREMO⚡｣[⁺₊⭐₊⁺] Deff_BKv » compro granja de mobs masiva
[20:09:24] [Render thread/INFO]: [System] [CHAT] [][U][Luchador] Lui2BleP » yo
[20:09:33] [Render thread/INFO]: [System] [CHAT] Fran_ruz ha caído desde muy alto
[20:09:33] [Render thread/INFO]: [System] [CHAT] -------------------[MINELATINO]-------------------
[20:09:33] [Render thread/INFO]: [System] [CHAT]                         www.minelatino.shop
[20:09:33] [Render thread/INFO]: [System] [CHAT]                      ¡Aceptamos criptomonedas!
[20:09:33] [Render thread/INFO]: [System] [CHAT] ------------------------[♥]-----------------------
[20:09:34] [Render thread/INFO]: [System] [CHAT] [][LATAM][G][I][ ❆ .2025. ❆ ] BizzKun » xd
[20:09:39] [Render thread/INFO]: [System] [CHAT] [][LATAM][G][I][ ❆ .2025. ❆ ] BizzKun » el Fran_ruz hace tpakill
[20:09:43] [Render thread/INFO]: [System] [CHAT] [🥉][URSS]｢⚡｣⌞⛧ |☠| ⛧⌝ Stwartv » ✨ Alguien vende 1 shulker de diorita? ✨
[20:10:00] [Render thread/INFO]: [System] [CHAT] Emip65t_Y ha completado el desafío [Agujero negro]
[20:10:03] [Render thread/INFO]: [System] [CHAT] -----------------[TOP DONADORES]-----------------
[20:10:03] [Render thread/INFO]: [System] [CHAT]     uScoret | Joker_420 | jorge650 | marco724 | hanry22
[20:10:03] [Render thread/INFO]: [System] [CHAT]       Stan_F77 | M4TTyAlz | ANTRONIXGAMER12 | LuciMoon_
[20:10:03] [Render thread/INFO]: [System] [CHAT]      xlVermeil | 1v4nch0 | Aldegraft | MysticEdy | AmirSb21
[20:10:03] [Render thread/INFO]: [System] [CHAT]        Gohan2305 | Rave_Dxrk | FrancoGlz | MacGregory_
[20:10:03] [Render thread/INFO]: [System] [CHAT] ----------------------[11/21]----------------------
[20:10:11] [Render thread/INFO]: [System] [CHAT] [][U][Luchador] Lui2BleP » compro diseño de armadura
[20:10:11] [Render thread/INFO]: [System] [CHAT] [][IRON]｢!༻ᴊᴜʟɪᴇᴛᴀ༺!｣ SrPapa » y mis elitras :(
[20:10:15] [Render thread/INFO]: [System] [CHAT] [🥉] [URSS][LATAM+][D][Luchador] Kasper » verdad que los mods tipo distant horizon no sirven en el server?
[20:10:26] [Render thread/INFO]: [System] [CHAT] §6§l ➥ §6✉ (YO ▻ MeriYein421) » tengo esponjas
[20:10:27] [Render thread/INFO]: [System] [CHAT] [][LATAM][G][I][ ❆ .2025. ❆ ] BizzKun » no
[20:10:32] [Render thread/INFO]: [System] [CHAT] [🥉] [URSS][LATAM+][D][Luchador] Kasper » chiale
[20:10:33] [Render thread/INFO]: [System] [CHAT] -------------------[MINELATINO]-------------------
[20:10:33] [Render thread/INFO]: [System] [CHAT]   ¡Evita ser sancionado por usar clientes ilegales!
[20:10:33] [Render thread/INFO]: [System] [CHAT]        minelatino.com/knowledge/todo-sobre-los-clientes
[20:10:33] [Render thread/INFO]: [System] [CHAT]         ¡Descubre que clientes son legales y cuáles no!
[20:10:33] [Render thread/INFO]: [System] [CHAT] ------------------------[♥]-----------------------
[20:10:38] [Render thread/INFO]: [System] [CHAT] [][U][Luchador] Lui2BleP » compro diseño de armadura
[20:10:44] [Render thread/INFO]: [System] [CHAT] §6§l ➥ §6✉ (YO ▻ MeriYein421) » aun compras?
[20:10:46] [Render thread/INFO]: [System] [CHAT] [][GOLD][I] Breeezy081 » Alguien vende stack de ventanas de vidrio??
[20:10:47] [Render thread/INFO]: [System] [CHAT] [PEKO][INFINITE][L+][G][I] CHAMAN » Lui2BleP tpa
[20:10:47] [Render thread/INFO]: [System] [CHAT] §6§l ➥ §6✉ (YO ▻ Lui2BleP) » tp tengo todos
[20:10:54] [Render thread/INFO]: [System] [CHAT] §6§l ➥ §6✉ (MeriYein421 ▻ YO) » sii
[20:10:56] [Render thread/INFO]: [System] [CHAT] soldiertf2 ha sido víctima de josetl
[20:10:59] [Render thread/INFO]: [System] [CHAT] [][U] josetl » xdd
[20:11:01] [Render thread/INFO]: [System] [CHAT] §6§l ➥ §6✉ (YO ▻ Lui2BleP) » los vendo a 2k cada diseño tengo todos
[20:11:01] [Render thread/INFO]: [System] [CHAT] [][U] josetl » tepeate
[20:11:01] [Render thread/INFO]: [System] [CHAT] [][U]｢ᴄᴜᴘɪᴅᴏ｣ JoycieH » de dia+}
[20:11:02] [Render thread/INFO]: [System] [CHAT] [JRAN][IRON][Luchador] .IsaacA0156 » que mas sofia
[20:11:03] [Render thread/INFO]: [System] [CHAT] [][LATAM+][Luchador] sikosia0_ » tengo diseño de armadura costera
[20:11:03] [Render thread/INFO]: [System] [CHAT] -----------------[TOP DONADORES]-----------------
[20:11:03] [Render thread/INFO]: [System] [CHAT]       XxmicheloxX655 | LCAMluis | SofiaOuO | Blumennkranz
[20:11:03] [Render thread/INFO]: [System] [CHAT]          Luluun_ | xDMNTx | Benjax_master | AgusDroid
[20:11:03] [Render thread/INFO]: [System] [CHAT]       MotoZierra0009 | RichKillers | K4miJou | JuanAnimeYT
[20:11:03] [Render thread/INFO]: [System] [CHAT]         UnknownZero | Hirumast | Beth27 | xBadMistakex
[20:11:03] [Render thread/INFO]: [System] [CHAT] -----------------------[6/21]----------------------
[20:11:05] [Render thread/INFO]: [System] [CHAT] [][U]｢ᴄᴜᴘɪᴅᴏ｣ JoycieH » pongan de dia
[20:11:05] [Render thread/INFO]: [System] [CHAT] [][LATAM+][Luchador] sikosia0_ » uno
[20:11:13] [Render thread/INFO]: [System] [CHAT] [🥉] [URSS][LATAM+][D][Luchador] Kasper » Si alguien necesita que le repare algo puede venir
[20:11:16] [Render thread/INFO]: [System] [CHAT] [JRAN][IRON][Luchador] .IsaacA0156 » qu3 monadaaa
[20:11:16] [Render thread/INFO]: [System] [CHAT] [][U] josetl » Tpeateee
[20:11:18] [Render thread/INFO]: [System] [CHAT] [][U] .Sofia62018 » hola
[20:11:23] [Render thread/INFO]: [System] [CHAT] [][U] josetl » soldiertf2
[20:11:25] [Render thread/INFO]: [System] [CHAT] [JRAN][IRON][Luchador] .IsaacA0156 » hola
[20:11:25] [Render thread/INFO]: [System] [CHAT] §6§l ➥ §6✉ (YO ▻ MeriYein421) » tengo 40 mojadas y 21 secas cuanto das?
[20:11:27] [Render thread/INFO]: [System] [CHAT] [ATR][U] soldiertf2 » q jose
[20:11:29] [Render thread/INFO]: [System] [CHAT] Anderchoclo ha conseguido el progreso [Monster Hunter]
[20:11:33] [Render thread/INFO]: [System] [CHAT] -------------------[MINELATINO]-------------------
[20:11:33] [Render thread/INFO]: [System] [CHAT]                         www.minelatino.shop
[20:11:33] [Render thread/INFO]: [System] [CHAT]           ¡Rangos, picos, espadas, dinero & mucho más!
[20:11:33] [Render thread/INFO]: [System] [CHAT] ------------------------[♥]-----------------------
[20:11:36] [Render thread/INFO]: [System] [CHAT] [JRAN][IRON][Luchador] .IsaacA0156 » estaba ayudando a gaby en unas cosas
[20:11:40] [Render thread/INFO]: [System] [CHAT] [JRAN][IRON][Luchador] .IsaacA0156 » donde moriste
[20:11:41] [Render thread/INFO]: [System] [CHAT] [JRAN][IRON][Luchador] .IsaacA0156 » ?
[20:11:48] [Render thread/INFO]: [System] [CHAT]  MINELATINO » Lui2BleP ha pedido teletransportarse hacia a ti
[20:11:48] [Render thread/INFO]: [System] [CHAT]  ✔ Escribe /tpaccept para aceptar el teletransporte.
[20:11:48] [Render thread/INFO]: [System] [CHAT]  ❌ Escribe /tpdeny, para denegar el teletransporte.
[20:11:48] [Render thread/INFO]: [System] [CHAT]  ⌚ La solicitud será cancelada en 120 segundos; no aceptes peticiones de desconocidos.
[20:11:49] [Render thread/INFO]: [System] [CHAT] [][U] .Sofia62018 » en el nether
[20:11:52] [Render thread/INFO]: [System] [CHAT] [][U] .Sofia62018 » en la lava
[20:11:57] [Render thread/INFO]: [System] [CHAT] [JRAN][IRON][Luchador] .IsaacA0156 » bruh...
[20:11:58] [Render thread/INFO]: [System] [CHAT] §6§l ➥ §6✉ (MeriYein421 ▻ YO) » 65k ?
[20:11:58] [Render thread/INFO]: [System] [CHAT]  MINELATINO » Petición de teletransporte aceptada.
[20:12:01] [Render thread/INFO]: [System] [CHAT] §6§l ➥ §6✉ (YO ▻ MeriYein421) » dale tp
[20:12:03] [Render thread/INFO]: [System] [CHAT] -----------------[TOP DONADORES]-----------------
[20:12:03] [Render thread/INFO]: [System] [CHAT]          ByPaulSG | paul_erick16 | Aleksaurio | nagi_UwU
[20:12:03] [Render thread/INFO]: [System] [CHAT]   xXx_NOVA_xXx | Theluciferpvp | PsyCereso | Ghostspared
[20:12:03] [Render thread/INFO]: [System] [CHAT]    PANDEMART | JuannnCeee | AthaOblen45 | kaykpi | DrKiller
[20:12:03] [Render thread/INFO]: [System] [CHAT]         DiosEnrique1255 | kausho | mixtang | ElReyDelLag
[20:12:03] [Render thread/INFO]: [System] [CHAT] ----------------------[18/21]----------------------
[20:12:03] [Render thread/INFO]: [System] [CHAT] FRED_LOL ha muerto por un flechazo de Esqueleto
[20:12:04] [Render thread/INFO]: [System] [CHAT] [JRAN][IRON][Luchador] .IsaacA0156 » bueno
[20:12:10] [Render thread/INFO]: [System] [CHAT] [JRAN][IRON][Luchador] .IsaacA0156 » aue es lo que tienes?
[20:12:17] [Render thread/INFO]: [System] [CHAT] [🥇][ONLY]｢⚡SUPREMO⚡｣[⁺₊⭐₊⁺] Deff_BKv » compro granja de mobs masiva
[20:12:18] [Render thread/INFO]: [System] [CHAT]  MINELATINO » ¡La petición ha sido enviada a MeriYein421!
[20:12:20] [Render thread/INFO]: [System] [CHAT]  MINELATINO » ¡MeriYein421 ha aceptado tu teletransportación!
[20:12:20] [Render thread/INFO]: [System] [CHAT]  MINELATINO » ¡Teletransportándose a MeriYein421!
[20:12:20] [Render thread/INFO]: [System] [CHAT]  MINELATINO » El teletransporte comenzará en 3 segundos. Por favor, no te muevas.
[20:12:20] [Render thread/INFO]: [System] [CHAT] [][U] .Sofia62018 » de q
[20:12:24] [Render thread/INFO]: [System] [CHAT]  MINELATINO » Teletransportando...
[20:12:24] [Render thread/INFO]: [System] [CHAT]  MINELATINO » ¡Saliendo de la zona de Martinaaa16!
[20:12:24] [Render thread/INFO]: [System] [CHAT]  MINELATINO » ¡Entrando a la zona de MeriYein421!
[20:12:24] [Render thread/INFO]: Starting [1] Placement Manager Daemon threads
[20:12:24] [Render thread/INFO]: [System] [CHAT] .Abriilnezz ha explotado por Creeper
[20:12:26] [Render thread/INFO]: [System] [CHAT] likanq12 ha conseguido el progreso [La Edad de Hierro]
[20:12:29] [Render thread/INFO]: [System] [CHAT] [JRAN][IRON][Luchador] .IsaacA0156 » dame lo de diamante
[20:12:33] [Render thread/INFO]: [System] [CHAT] -------------------[MINELATINO]-------------------
[20:12:33] [Render thread/INFO]: [System] [CHAT] [LATAM+] Naranjitia67 » ¡Que bien me queda el LATAM+!
[20:12:33] [Render thread/INFO]: [System] [CHAT]           Si te gusta como se ve, puedes comprarlo en
[20:12:33] [Render thread/INFO]: [System] [CHAT]                            www.minelatino.shop
[20:12:33] [Render thread/INFO]: [System] [CHAT] ------------------------[♥]-----------------------
[20:12:33] [Render thread/INFO]: [System] [CHAT] §6§l ➥ §6✉ (YO ▻ Lui2BleP) » cual quieres
[20:12:36] [Render thread/INFO]: [System] [CHAT] Nemesis28 ha sido víctima de la magia de Bruja
[20:12:36] [Render thread/INFO]: [System] [CHAT] likanq12 ha sido víctima de Zombi
[20:12:40] [Render thread/INFO]: [System] [CHAT] §6§l ➥ §6✉ (YO ▻ MeriYein421) » pague
[20:12:48] [Render thread/INFO]: [System] [CHAT] Hey! Sorry, but you can't PvP here.
[20:12:53] [Render thread/INFO]: [System] [CHAT] [JRAN][IRON][Luchador] .IsaacA0156 » ...
[20:12:55] [Render thread/INFO]: [System] [CHAT] [][U] josetl » ola
[20:12:56] [Render thread/INFO]: [System] [CHAT] [][LATAM][G][I][ ❆ .2025. ❆ ] BizzKun » alguien cerca de una meceta?
[20:12:59] [Render thread/INFO]: [System] [CHAT]  MINELATINO » ¡65.0K, han sido recibidos de MeriYein421!
[20:12:59] [Render thread/INFO]: [System] [CHAT]  MINELATINO » ¡Se han agregado $65,000 a tu cuenta!
[20:13:02] [Render thread/INFO]: [System] [CHAT] [JRAN][IRON][Luchador] .IsaacA0156 » y se desconecta ella tambien
[20:13:03] [Render thread/INFO]: [System] [CHAT] -----------------[TOP DONADORES]-----------------
[20:13:03] [Render thread/INFO]: [System] [CHAT]            CHAVEZ20 | albino2001 | LoveHaze | Danihell
[20:13:03] [Render thread/INFO]: [System] [CHAT] INSPIREKO1 | iGerber | Dekiller27 | Bostime888 | RickyDeath79
[20:13:03] [Render thread/INFO]: [System] [CHAT]    0nsz | Gusquirtle | Marliton08 | perea78 | Chechocastex
[20:13:03] [Render thread/INFO]: [System] [CHAT]              AKO_RPG | RazorLR | sparduk | TacoGabs
[20:13:03] [Render thread/INFO]: [System] [CHAT] -----------------------[9/21]----------------------
[20:13:04] [Render thread/INFO]: [System] [CHAT] §6§l ➥ §6✉ (Lui2BleP ▻ YO) » de aqui
[20:13:05] [Render thread/INFO]: [System] [CHAT] [🥉] [URSS][GOLD] MeriYein421 » gracias
[20:13:06] [Render thread/INFO]: [System] [CHAT] §6§l ➥ §6✉ (YO ▻ MeriYein421) » grx
[20:13:08] [Render thread/INFO]: [System] [CHAT]  MINELATINO » ✔ Teletransportando a la protección ps68102x80y-74506z en 3 segundos, no te muevas.
[20:13:11] [Render thread/INFO]: [System] [CHAT]  MINELATINO » ¡Saliendo de la zona de MeriYein421!
[20:13:11] [Render thread/INFO]: [System] [CHAT]  MINELATINO » ¡Entrando a la zona de Martinaaa16!
[20:13:11] [Render thread/INFO]: Starting [1] Placement Manager Daemon threads
[20:13:11] [Render thread/INFO]: [System] [CHAT]  MINELATINO » ✔ Teletransportado a la protección ps68102x80y-74506z
[20:13:13] [Render thread/INFO]: [System] [CHAT] [][LATAM][G][I][ ❆ .2025. ❆ ] BizzKun » alguien cerca de una meceta?
[20:13:15] [Render thread/INFO]: [System] [CHAT] charmandito ha conseguido el progreso [Aprendiz de mago]
[20:13:18] [Render thread/INFO]: [System] [CHAT] [JRAN][IRON][Luchador] .IsaacA0156 » que todo el mundo se desconecta cuando estoy con ellos ? =_=
[20:13:23] [Render thread/INFO]: [System] [CHAT] §6§l ➥ §6✉ (YO ▻ Lui2BleP) » cual
[20:13:31] [Render thread/INFO]: [System] [CHAT] §6§l ➥ §6✉ (YO ▻ Lui2BleP) » cuantos moldes?
[20:13:33] [Render thread/INFO]: [System] [CHAT] -------------------[MINELATINO]-------------------
[20:13:33] [Render thread/INFO]: [System] [CHAT]                       discord.minelatino.com
[20:13:33] [Render thread/INFO]: [System] [CHAT]                ¡No te pierdas ninguna actualización!
[20:13:33] [Render thread/INFO]: [System] [CHAT] ------------------------[♥]-----------------------
[20:13:41] [Render thread/INFO]: [System] [CHAT] [][U][Luchador] Lui2BleP » el juego completo
[20:13:43] [Render thread/INFO]: [System] [CHAT] [][U] josetl » peldon
[20:13:46] [Render thread/INFO]: [System] [CHAT] 6lokknine ha conseguido el progreso [Forjando una nueva imagen]
[20:13:54] [Render thread/INFO]: [System] [CHAT] §6§l ➥ §6✉ (YO ▻ Lui2BleP) » son a 2k
[20:14:02] [Render thread/INFO]: [System] [CHAT] §6§l ➥ §6✉ (Lui2BleP ▻ YO) » yes
[20:14:03] [Render thread/INFO]: [System] [CHAT] -----------------[TOP DONADORES]-----------------
[20:14:03] [Render thread/INFO]: [System] [CHAT]              quim009 | KunPlex | Gonzonzo | TheEdixon
[20:14:03] [Render thread/INFO]: [System] [CHAT] ----------------------[21/21]----------------------
[20:14:06] [Render thread/INFO]: [System] [CHAT] [][LATAM][G][I][ ❆ .2025. ❆ ] BizzKun » alguien cerca de una meceta?
[20:14:07] [Render thread/INFO]: [System] [CHAT] §6§l ➥ §6✉ (YO ▻ Lui2BleP) » serian 4, osea 8k
[20:14:07] [Render thread/INFO]: [System] [CHAT] Hey! Sorry, but you can't PvP here.
[20:14:08] [Render thread/INFO]: [System] [CHAT] Hey! Sorry, but you can't PvP here.
[20:14:09] [Render thread/INFO]: [System] [CHAT] [][U] Saravia7 » holaaaa
[20:14:11] [Render thread/INFO]: [System] [CHAT] §6§l ➥ §6✉ (YO ▻ Lui2BleP) » pague :D
[20:14:15] [Render thread/INFO]: [System] [CHAT] §6§l ➥ §6✉ (Lui2BleP ▻ YO) » como se mandava
[20:14:16] [Render thread/INFO]: [System] [CHAT] [PEKO][INFINITE][L+][G][I] CHAMAN » Compro Bases Enormes, mandar /msg :D
[20:14:21] [Render thread/INFO]: [System] [CHAT] [BoSS][INFINITE][L+][G]｢. ▪ ₂₀₂₅ ▪ .｣ Seba » ✨ alguien tiene maparts, hagamos intercambios ✨
[20:14:25] [Render thread/INFO]: [System] [CHAT] §6§l ➥ §6✉ (YO ▻ Lui2BleP) » con /pay Naranjitia67 8k
[20:14:29] [Render thread/INFO]: [System] [CHAT] [🥇][ONLY]｢⚡｣｢☠ . ʙᴏᴏ . ☠｣ Robinv » Ya no saludas nami u.u
[20:14:33] [Render thread/INFO]: [System] [CHAT] -------------------[MINELATINO]-------------------
[20:14:33] [Render thread/INFO]: [System] [CHAT]      ¿Quieres saber los beneficios de los rangos?
[20:14:33] [Render thread/INFO]: [System] [CHAT]       entonces usa el comando /beneficios para saberlo
[20:14:33] [Render thread/INFO]: [System] [CHAT] ------------------------[♥]-----------------------
[20:14:36] [Render thread/INFO]: [System] [CHAT] [][U][Luchador] Lui2BleP » tiralos y mando
[20:14:37] [Render thread/INFO]: [System] [CHAT] [PEKO][INFINITE][L+][G][I] CHAMAN » robin no te vi jsjsj
[20:14:42] [Render thread/INFO]: [System] [CHAT] [][U] Naranjitia67 » paga primero :V
[20:14:45] [Render thread/INFO]: [System] [CHAT] [][U] Naranjitia67 » no te robare XD
[20:14:47] [Render thread/INFO]: [System] [CHAT] [PEKO][INFINITE][L+][G][I] CHAMAN » seba tpa
[20:14:49] [Render thread/INFO]: [System] [CHAT] [🥇][ONLY]｢⚡｣｢☠ . ʙᴏᴏ . ☠｣ Robinv » así dices :(
[20:14:50] [Render thread/INFO]: [System] [CHAT] [🥇][ONLY]｢⚡｣｢☠ . ʙᴏᴏ . ☠｣ Robinv » fea
[20:14:54] [Render thread/INFO]: [System] [CHAT] [PEKO][INFINITE][L+][G][I] CHAMAN » enserio robin
[20:14:56] [Render thread/INFO]: [System] [CHAT] [🥇][ONLY]｢⚡SUPREMO⚡｣[⁺₊⭐₊⁺] Deff_BKv » contrato a alguien que me haga una granja de mobs masiva
[20:14:56] [Render thread/INFO]: [System] [CHAT] [PEK1][INFINITE][D][G]｢!༻ʀᴏᴍᴇᴏ༺!｣ Chatooo » quien vende slime
[20:15:00] [Render thread/INFO]: [System] [CHAT] [JRAN][IRON][Luchador] .IsaacA0156 » la naranjitia roba
[20:15:01] [Render thread/INFO]: [System] [CHAT]  MINELATINO » ¡8.0K, han sido recibidos de Lui2BleP!
[20:15:01] [Render thread/INFO]: [System] [CHAT]  MINELATINO » ¡Se han agregado $8,000 a tu cuenta!
[20:15:02] [Render thread/INFO]: [System] [CHAT] [PEKO][INFINITE][L+][G][I] CHAMAN » perame seba
[20:15:03] [Render thread/INFO]: [System] [CHAT] -----------------[TOP DONADORES]-----------------
[20:15:03] [Render thread/INFO]: [System] [CHAT]     EPIT21 | DrScott18 | _Nighteye | Leslik4rina | Azkurbal
[20:15:03] [Render thread/INFO]: [System] [CHAT]   JEDEFA | mashin | 4rtur0000_2004 | PietroPVLM | Blackweb
[20:15:03] [Render thread/INFO]: [System] [CHAT]      Andriu05 | IEMEI | TheGhostlyPirate | iMayco | Baccus
[20:15:03] [Render thread/INFO]: [System] [CHAT]   ANGELYT1617 | LimonsitoConRon | maikelCraft7w7 | ElKrakos
[20:15:03] [Render thread/INFO]: [System] [CHAT] ----------------------[16/21]----------------------
[20:15:03] [Render thread/INFO]: [System] [CHAT] [JRAN][IRON][Luchador] .IsaacA0156 » no le crean
[20:15:04] [Render thread/INFO]: [System] [CHAT] [🥇][ONLY]｢⚡｣｢☠ . ʙᴏᴏ . ☠｣ Robinv » como estás nami?
[20:15:07] [Render thread/INFO]: [System] [CHAT] [BoSS][INFINITE][L+][G]｢. ▪ ₂₀₂₅ ▪ .｣ Seba » ✨ Te espero ✨
[20:15:09] [Render thread/INFO]: [System] [CHAT] [PEKO][INFINITE][L+][G][I] CHAMAN » super y tuyu
[20:15:10] [Render thread/INFO]: [System] [CHAT] [][U] XxFurritoCR » xd
[20:15:11] [Render thread/INFO]: [System] [CHAT] §6§l ➥ §6✉ (Lui2BleP ▻ YO) » ya ta
[20:15:12] [Render thread/INFO]: [System] [CHAT] [][U] Naranjitia67 » ahi estan
[20:15:14] [Render thread/INFO]: [System] [CHAT] [][U] Saravia7 » tienen silla de montar ? ajdjad
[20:15:14] [Render thread/INFO]: [System] [CHAT] [Crew][DIAMOND][I][ ❆ .2025. ❆ ] pepemancraft123 » OwOkn pasa tutorial para ser tan nuv como tu ;m; lo intento y no me sale
[20:15:17] [Render thread/INFO]: [System] [CHAT] §6§l ➥ §6✉ (Lui2BleP ▻ YO) » fino
[20:15:21] [Render thread/INFO]: [System] [CHAT] [][IRON]｢!༻ʀᴏᴍᴇᴏ༺!｣ kurotsuno5 » regalo bioma cherry (gigante)
[20:15:25] [Render thread/INFO]: [System] [CHAT] [PEKO][INFINITE][L+][G][I] CHAMAN » pepe, es muy facil
[20:15:26] [Render thread/INFO]: [System] [CHAT] Anderchoclo ha sido víctima de Enderman
[20:15:28] [Render thread/INFO]: [System] [CHAT] §6§l ➥ §6✉ (YO ▻ Lui2BleP) » gracias por su compra, creoq aqui es el lugar donde los encontrara mas baratos
[20:15:33] [Render thread/INFO]: [System] [CHAT] [Crew][DIAMOND][I][ ❆ .2025. ❆ ] pepemancraft123 » como? ;w;
[20:15:33] [Render thread/INFO]: [System] [CHAT] -------------------[MINELATINO]-------------------
[20:15:33] [Render thread/INFO]: [System] [CHAT]                ¡250.000 sanciones realizadas!
[20:15:33] [Render thread/INFO]: [System] [CHAT]               así que, por favor, no uses hacks =(
[20:15:33] [Render thread/INFO]: [System] [CHAT] ------------------------[♥]-----------------------
[20:15:40] [Render thread/INFO]: [System] [CHAT] [PEKO][INFINITE][L+][G][I] CHAMAN » sigue tu camino jaja
[20:15:41] [Render thread/INFO]: [System] [CHAT]  MINELATINO » ¡Este objeto ya no está a la venta! :(
[20:15:47] [Render thread/INFO]: [System] [CHAT] [Crew][DIAMOND][I][ ❆ .2025. ❆ ] pepemancraft123 » jaja
[20:15:50] [Render thread/INFO]: [System] [CHAT] [Crew]｢⚡｣i(༺✦༻)i nozhu » Hola Pepee
[20:15:56] [Render thread/INFO]: [System] [CHAT] [Crew][DIAMOND][I][ ❆ .2025. ❆ ] pepemancraft123 » hola nozhuuu
[20:16:00] [Render thread/INFO]: [System] [CHAT] FRED_LOL ha sido víctima de Araña
[20:16:03] [Render thread/INFO]: [System] [CHAT] -----------------[TOP DONADORES]-----------------
[20:16:03] [Render thread/INFO]: [System] [CHAT]          Theone | xFighterS2 | srgamerx | NiicoElMaquina
[20:16:03] [Render thread/INFO]: [System] [CHAT]         Canales_154 | Mezar7513 | WxrLalo | xXwomanXx
[20:16:03] [Render thread/INFO]: [System] [CHAT]    EltripaZeka | Diandita | whos_rvbnn | Rodribecl | prieto34
[20:16:03] [Render thread/INFO]: [System] [CHAT]      CapitanPichula | 25baaaaammm | GobackCL | Berkshiire
[20:16:03] [Render thread/INFO]: [System] [CHAT] ----------------------[12/21]----------------------
[20:16:05] [Render thread/INFO]: [System] [CHAT] [PEKO][INFINITE][L+][G][I] CHAMAN » si seba, pero me faltan aun jaja
[20:16:06] [Render thread/INFO]: [System] [CHAT] charmandito se ha ahogado
[20:16:06] [Render thread/INFO]: [System] [CHAT] [Crew]｢⚡｣i(༺✦༻)i nozhu » c:
[20:16:09] [Render thread/INFO]: [System] [CHAT] [][LATAM+][Luchador] sikosia0_ » oa
[20:16:11] [Render thread/INFO]: [System] [CHAT] [ATR][U] soldiertf2 » buscas netherite?
[20:16:14] [Render thread/INFO]: [System] [CHAT] Fran_ruz ha conseguido el progreso [¡Menudo ofertón!]
[20:16:21] [Render thread/INFO]: [System] [CHAT] [][U] Samuel_Silvio » naranjita
[20:16:22] [Render thread/INFO]: [System] [CHAT] [][LATAM][G][I][ ❆ .2025. ❆ ] BizzKun » subete a mi cabeza
[20:16:24] [Render thread/INFO]: [System] [CHAT] [][U][Luchador] ANDREW_MADNESS » si
[20:16:25] [Render thread/INFO]: [System] [CHAT] [JRAN][IRON][Luchador] .IsaacA0156 » naranjitia mira esto :O
[20:16:27] [Render thread/INFO]: [System] [CHAT] [][U] Samuel_Silvio » vendes consas?
[20:16:31] [Render thread/INFO]: [System] [CHAT]  MINELATINO » ¡La petición ha sido enviada a .IsaacA0156!
[20:16:33] [Render thread/INFO]: [System] [CHAT] -------------------[MINELATINO]-------------------
[20:16:33] [Render thread/INFO]: [System] [CHAT]       ¿Hackers, jugadores tóxicos o problemas?
[20:16:33] [Render thread/INFO]: [System] [CHAT]      usa /report y el staff de turno entrará en acción
[20:16:33] [Render thread/INFO]: [System] [CHAT] ------------------------[♥]-----------------------
[20:16:35] [Render thread/INFO]: [System] [CHAT] [][U] Naranjitia67 » q miro isac
[20:16:51] [Render thread/INFO]: [System] [CHAT] [][U] Naranjitia67 » aver
[20:16:52] [Render thread/INFO]: [System] [CHAT] [][U][Luchador] Zarpas_ » asd
[20:16:54] [Render thread/INFO]: [System] [CHAT] [][U][Luchador] Zarpas_ » volvi
[20:17:02] [Render thread/INFO]: [System] [CHAT] [][U] Naranjitia67 » xd
[20:17:03] [Render thread/INFO]: [System] [CHAT] -----------------[TOP DONADORES]-----------------
[20:17:03] [Render thread/INFO]: [System] [CHAT]         MrTaquitoMC | IPeluchito | Loler_Over | soymemox
[20:17:03] [Render thread/INFO]: [System] [CHAT]    Fredy_Graces | GerardLG74 | merlindeplay | Nicoestobar
[20:17:03] [Render thread/INFO]: [System] [CHAT]             benja893 | H4CK3110 | JUANZZY | Ferlantz
[20:17:03] [Render thread/INFO]: [System] [CHAT]            Kamn001 | Jorgemili0 | TheGolemKidd | Touzh
[20:17:03] [Render thread/INFO]: [System] [CHAT] -----------------------[2/21]----------------------
[20:17:11] [Render thread/INFO]: [System] [CHAT] [][U] DeMon_pp » xdd
[20:17:11] [Render thread/INFO]: [System] [CHAT] [][U] Naranjitia67 » .IsaacA0156?
[20:17:14] [Render thread/INFO]: [System] [CHAT] cobayamaster ha sido víctima de Zombi
[20:17:19] [Render thread/INFO]: [System] [CHAT] [][U] FRED_LOL » quien tiene tierra que no quiera?
[20:17:23] [Render thread/INFO]: [System] [CHAT]  MINELATINO » ¡.IsaacA0156 ha aceptado tu teletransportación!
[20:17:23] [Render thread/INFO]: [System] [CHAT]  MINELATINO » ¡Teletransportándose a .IsaacA0156!
[20:17:23] [Render thread/INFO]: [System] [CHAT]  MINELATINO » El teletransporte comenzará en 3 segundos. Por favor, no te muevas.
[20:17:24] [Render thread/INFO]: [System] [CHAT]  MINELATINO » Petición de teletransporte cancelada.
[20:17:27] [Render thread/INFO]: [System] [CHAT]  MINELATINO » ¡La petición ha sido enviada a .IsaacA0156!
[20:17:33] [Render thread/INFO]: [System] [CHAT] -------------------[MINELATINO]-------------------
[20:17:33] [Render thread/INFO]: [System] [CHAT]                         www.minelatino.shop
[20:17:33] [Render thread/INFO]: [System] [CHAT] para ser un TOP DONADOR, debes donar más de 100 USD
[20:17:33] [Render thread/INFO]: [System] [CHAT] ------------------------[♥]-----------------------
[20:17:35] [Render thread/INFO]: [System] [CHAT] [][U] Naranjitia67 » se cancelo isac xd
[20:17:37] [Render thread/INFO]: [System] [CHAT] [][U] Naranjitia67 » acepta dnvo
[20:17:40] [Render thread/INFO]: [System] [CHAT]  MINELATINO » ¡.IsaacA0156 ha aceptado tu teletransportación!
[20:17:40] [Render thread/INFO]: [System] [CHAT]  MINELATINO » ¡Teletransportándose a .IsaacA0156!
[20:17:40] [Render thread/INFO]: [System] [CHAT]  MINELATINO » El teletransporte comenzará en 3 segundos. Por favor, no te muevas.
[20:17:44] [Render thread/INFO]: [System] [CHAT]  MINELATINO » Teletransportando...
[20:17:44] [Render thread/INFO]: [System] [CHAT]  MINELATINO » ¡Saliendo de la zona de Martinaaa16!
[20:17:44] [Render thread/INFO]: [System] [CHAT]  MINELATINO » ¡Entrando a la zona de .IsaacA0156!
[20:17:44] [Render thread/INFO]: Starting [1] Placement Manager Daemon threads
[20:17:49] [Render thread/INFO]: [System] [CHAT] [][U] Naranjitia67 » que miro?
[20:17:49] [Render thread/INFO]: [System] [CHAT]  MINELATINO » ¡No han habido al menos 3 participantes en la loteria; así que la misma se reinicia!
[20:17:54] [Render thread/INFO]: [System] [CHAT] [JRAN][IRON][Luchador] .IsaacA0156 » nieve XD
[20:17:55] [Render thread/INFO]: [System] [CHAT] [][U][Luchador] manu_ez » XD
[20:17:58] [Render thread/INFO]: [System] [CHAT] [][U] Naranjitia67 » wowa
[20:18:03] [Render thread/INFO]: [System] [CHAT] -----------------[TOP DONADORES]-----------------
[20:18:03] [Render thread/INFO]: [System] [CHAT]          Pikachu08t | Morita18_ | ladybug | iKenshLuffy_
[20:18:03] [Render thread/INFO]: [System] [CHAT]   Amanda555555555 | InmortalSushy | Mediated4816 | Gatus
[20:18:03] [Render thread/INFO]: [System] [CHAT]      Aitore98 | azm | Chenchiito | NCOFUENTES | BryannnXD
[20:18:03] [Render thread/INFO]: [System] [CHAT]             Darkpl4y | Skvbo | sniperwolf10 | CHAVEZ20
[20:18:03] [Render thread/INFO]: [System] [CHAT] -----------------------[8/21]----------------------
[20:18:08] [Render thread/INFO]: [System] [CHAT]  MINELATINO » ¡Saliendo de la zona de .IsaacA0156!
[20:18:10] [Render thread/INFO]: [System] [CHAT] [][U] FRED_LOL » quien tiene tierra que no quiera que me la regale
[20:18:15] [Render thread/INFO]: [System] [CHAT] [][U] Naranjitia67 » como subo xD me cai
[20:18:20] [Render thread/INFO]: [System] [CHAT] [][U] josetl » a
[20:18:20] [Render thread/INFO]: [System] [CHAT] [][U][Luchador] Zarpas_ » lo encontre unclaim
[20:18:25] [Render thread/INFO]: [System] [CHAT] [JRAN][IRON][Luchador] .IsaacA0156 » no se sube XD
[20:18:32] [Render thread/INFO]: [System] [CHAT] [JRAN][IRON][Luchador] .IsaacA0156 » no hay subida
[20:18:33] [Render thread/INFO]: [System] [CHAT] -------------------[MINELATINO]-------------------
[20:18:33] [Render thread/INFO]: [System] [CHAT]     ¡Vota por el servidor y serás recompensado!
[20:18:33] [Render thread/INFO]: [System] [CHAT]             para votar, solamente debes usar /vote
[20:18:33] [Render thread/INFO]: [System] [CHAT] ------------------------[♥]-----------------------
[20:18:34] [Render thread/INFO]: [System] [CHAT] [][U] josetl » XD
[20:18:35] [Render thread/INFO]: [System] [CHAT]  MINELATINO » ¡La petición ha sido enviada a .IsaacA0156!
[20:18:37] [Render thread/INFO]: [System] [CHAT] [JRAN][IRON][Luchador] .IsaacA0156 » pura bajada
[20:18:37] [Render thread/INFO]: [System] [CHAT] [][U] Naranjitia67 » acepta xD
[20:18:39] [Render thread/INFO]: [System] [CHAT] [][U][Luchador] Zarpas_ » esta abandonado
[20:18:39] [Render thread/INFO]: [System] [CHAT] [][U] Naranjitia67 » atrapada
[20:18:40] [Render thread/INFO]: [System] [CHAT] [][U] josetl » ala si funciona
[20:18:41] [Render thread/INFO]: [System] [CHAT]  MINELATINO » ¡.IsaacA0156 ha aceptado tu teletransportación!
[20:18:41] [Render thread/INFO]: [System] [CHAT]  MINELATINO » ¡Teletransportándose a .IsaacA0156!
[20:18:41] [Render thread/INFO]: [System] [CHAT]  MINELATINO » El teletransporte comenzará en 3 segundos. Por favor, no te muevas.
[20:18:41] [Render thread/INFO]: [System] [CHAT] Shafiff5070 ha conseguido el progreso [La Edad de Hierro]
[20:18:42] [Render thread/INFO]: [System] [CHAT] [][U] josetl » mira
[20:18:43] [Render thread/INFO]: [System] [CHAT] [][U] josetl » su cofre
[20:18:43] [Render thread/INFO]: [System] [CHAT]  MINELATINO » ¡Los resultados de la loteria se darán en 03:59:05! El premio se encuentra en 30000$, para participar usa /lottery buy.
[20:18:44] [Render thread/INFO]: [System] [CHAT]  MINELATINO » Teletransportando...
[20:18:44] [Render thread/INFO]: [System] [CHAT]  MINELATINO » ¡Entrando a la zona de .IsaacA0156!
[20:18:49] [Render thread/WARN]: Received passengers for unknown entity
[20:18:50] [Render thread/INFO]: [System] [CHAT] [JRAN][IRON][Luchador] .IsaacA0156 » pura bajada hay
[20:18:53] [Render thread/INFO]: [System] [CHAT] [JRAN][IRON][Luchador] .IsaacA0156 » si bajas
[20:18:54] [Render thread/INFO]: [System] [CHAT] [][U] Naranjitia67 » porque hay bajada?
[20:18:55] [Render thread/INFO]: [System] [CHAT] [][U][Luchador] Zarpas_ » gracia
[20:19:00] [Render thread/INFO]: [System] [CHAT] [][IRON]｢!༻ʀᴏᴍᴇᴏ༺!｣ kurotsuno5 » no estaba limitado los mundos a 10k de bloques?
[20:19:03] [Render thread/INFO]: [System] [CHAT] §6§l ➥ §6✉ (Lui2BleP ▻ YO) » mano vendeme este fast
[20:19:03] [Render thread/INFO]: [System] [CHAT] -----------------[TOP DONADORES]-----------------
[20:19:03] [Render thread/INFO]: [System] [CHAT]     Tomas244 | Bry00v | Kronos0820 | romeo2103 | MiniDolly
[20:19:03] [Render thread/INFO]: [System] [CHAT]      RasGrimm | TheNazz_ | johanel | Jp_xp215 | Fenizzz34
[20:19:03] [Render thread/INFO]: [System] [CHAT]   Valdes_14 | Enderoeo | AndrezzGG | Dr4k0_TD | Ghenox19
[20:19:03] [Render thread/INFO]: [System] [CHAT]       Klawdioss | Zero_666 | Rollmaster_ | HolaYoSoyAlexx
[20:19:03] [Render thread/INFO]: [System] [CHAT] ----------------------[19/21]----------------------
[20:19:06] [Render thread/INFO]: [System] [CHAT] [JRAN][IRON][Luchador] .IsaacA0156 » si lo quieres comprobar XD
[20:19:10] [Render thread/INFO]: [System] [CHAT] §6§l ➥ §6✉ (YO ▻ Lui2BleP) » que?
[20:19:10] [Render thread/WARN]: Received passengers for unknown entity
[20:19:13] [Render thread/INFO]: [System] [CHAT] [][U] Naranjitia67 » que
[20:19:20] [Render thread/INFO]: [System] [CHAT] [JRAN][IRON][Luchador] .IsaacA0156 » baja tu XD
[20:19:20] [Render thread/INFO]: [System] [CHAT] [][IRON]｢!༻ʀᴏᴍᴇᴏ༺!｣ kurotsuno5 » 100k*
[20:19:23] [Render thread/INFO]: [System] [CHAT] §6§l ➥ §6✉ (Lui2BleP ▻ YO) » diseño de armadura
[20:19:24] [Render thread/INFO]: [System] [CHAT] [JRAN][IRON][Luchador] .IsaacA0156 » yo no pienso bajas
[20:19:25] [Render thread/INFO]: [System] [CHAT] [][U] Naranjitia67 » meda miedo
[20:19:27] [Render thread/WARN]: Received passengers for unknown entity
[20:19:31] [Render thread/INFO]: [System] [CHAT] josetl ha tirado a Zarpas_ desde muy alto
[20:19:33] [Render thread/INFO]: [System] [CHAT] -------------------[MINELATINO]-------------------
[20:19:33] [Render thread/INFO]: [System] [CHAT]        ¿Quieres ser staff y ayudar a MineLatino?
[20:19:33] [Render thread/INFO]: [System] [CHAT]          entonces puedes ingresar al siguiente enlace:
[20:19:33] [Render thread/INFO]: [System] [CHAT]                     minelatino.com/postulaciones/
[20:19:33] [Render thread/INFO]: [System] [CHAT]          para saber los pasos a seguir para ser staff
[20:19:33] [Render thread/INFO]: [System] [CHAT] ------------------------[♥]-----------------------
[20:19:36] [Render thread/INFO]: [System] [CHAT] [][U] josetl » a
[20:19:37] [Render thread/INFO]: [System] [CHAT] [JRAN][IRON][Luchador] .IsaacA0156 » y a mi tambie
[20:19:39] [Render thread/INFO]: [System] [CHAT] [][U] josetl » perdon XD
[20:19:48] [Render thread/INFO]: [System] [CHAT] [][U] josetl » tepeate
[20:19:50] [Render thread/INFO]: [System] [CHAT] [JRAN][IRON][Luchador] .IsaacA0156 » esa vaina la cree yo
[20:19:53] [Render thread/INFO]: [System] [CHAT] [][U][Luchador] Zarpas_ » , _,
[20:19:58] [Render thread/INFO]: [System] [CHAT] [][U] Naranjitia67 » para q llo hicistes XD
[20:19:59] [Render thread/INFO]: [System] [CHAT] [JRAN][IRON][Luchador] .IsaacA0156 » perñ si me metl me muero
[20:20:03] [Render thread/INFO]: [System] [CHAT] -----------------[TOP DONADORES]-----------------
[20:20:03] [Render thread/INFO]: [System] [CHAT]               MiiLis | Lum12345h | Myta39 | CMJBS456
[20:20:03] [Render thread/INFO]: [System] [CHAT]             michael18 | AntooMeow | Stremo | Rramboo
[20:20:03] [Render thread/INFO]: [System] [CHAT]    MonsterWaffle7w7 | R2ZwieDK | iDombush | AngelNotFound
[20:20:03] [Render thread/INFO]: [System] [CHAT]   LordHount | alucard666 | NoSoyShadowL | MamaGamer1234
[20:20:03] [Render thread/INFO]: [System] [CHAT] -----------------------[5/21]----------------------
[20:20:04] [Render thread/INFO]: [System] [CHAT] [][U] josetl » altokeee
[20:20:04] [Render thread/INFO]: [System] [CHAT] [][U] Naranjitia67 » porke
[20:20:08] [Render thread/INFO]: [System] [CHAT] §6§l ➥ §6✉ (Lui2BleP ▻ YO) » habla
[20:20:12] [Render thread/INFO]: [System] [CHAT] §6§l ➥ §6✉ (YO ▻ Lui2BleP) » queee
[20:20:17] [Render thread/INFO]: [System] [CHAT] [JRAN][IRON][Luchador] .IsaacA0156 » guarda tus cosas en pv y mira
[20:20:18] [Render thread/INFO]: [System] [CHAT] [][U] vicente » busco chamba
[20:20:21] [Render thread/INFO]: [System] [CHAT] [JRAN][IRON][Luchador] .IsaacA0156 » metete XD
[20:20:22] [Render thread/INFO]: [System] [CHAT] [][U] Naranjitia67 » no xd
[20:20:24] [Render thread/INFO]: [System] [CHAT] [][U] Naranjitia67 » medamiedo
[20:20:24] [Render thread/INFO]: [System] [CHAT] [][U] vicente » busco chamba
[20:20:28] [Render thread/INFO]: [System] [CHAT] §6§l ➥ §6✉ (Lui2BleP ▻ YO) » ven a tu tienda
[20:20:28] [Render thread/INFO]: [System] [CHAT] [][U] vicente » busco chamba
[20:20:33] [Render thread/INFO]: [System] [CHAT] [][U] vicente » chamba
[20:20:33] [Render thread/INFO]: [System] [CHAT] -------------------[MINELATINO]-------------------
[20:20:33] [Render thread/INFO]: [System] [CHAT]                             ¿Sabías qué...
[20:20:33] [Render thread/INFO]: [System] [CHAT]         MineLatino Network se fundó en julio del 2019?
[20:20:33] [Render thread/INFO]: [System] [CHAT] ------------------------[♥]-----------------------
[20:20:37] [Render thread/INFO]: [System] [CHAT] §6§l ➥ §6✉ (YO ▻ Lui2BleP) » esperame unos minutos, ando consiguendo materiales
[20:20:37] [Render thread/INFO]: [System] [CHAT] [][U] .Sofia62018 » internet de la nasa que tengo
[20:20:38] [Render thread/INFO]: [System] [CHAT] [JRAN][IRON][Luchador] .IsaacA0156 » no pasara nada XD
[20:20:39] [Render thread/INFO]: [System] [CHAT] [🥇][ONLY]｢⚡SUPREMO⚡｣[⁺₊⭐₊⁺] Deff_BKv » compro granja de mobs masiva
[20:20:41] [Render thread/INFO]: [System] [CHAT] [][U] Naranjitia67 » como hicistes eso?
[20:20:46] [Render thread/INFO]: [System] [CHAT] [JRAN][IRON][Luchador] .IsaacA0156 » solo son 30 mordidas
[20:20:46] [Render thread/INFO]: [System] [CHAT] [][U] CONGITO02 » compro casa
[20:20:47] [Render thread/INFO]: [System] [CHAT] [][U] vicente » busco chamba
[20:20:47] [Render thread/INFO]: [System] [CHAT] §6§l ➥ §6✉ (Lui2BleP ▻ YO) » ok
[20:20:51] [Render thread/INFO]: [System] [CHAT] [][U] vicente » busco chamba
[20:20:53] [Render thread/INFO]: [System] [CHAT] [][U] Naranjitia67 » 30 mordidas?
[20:20:55] [Render thread/INFO]: [System] [CHAT] [JRAN][IRON][Luchador] .IsaacA0156 » con las manos
[20:20:55] [Render thread/INFO]: [System] [CHAT] [][U] Naranjitia67 » de quien o que
[20:20:58] [Render thread/INFO]: [System] [CHAT] [][U] .Sofia62018 » XD
[20:21:03] [Render thread/INFO]: [System] [CHAT] -----------------[TOP DONADORES]-----------------
[20:21:03] [Render thread/INFO]: [System] [CHAT]     Keremy2305 | LordLostLP | RiveraF | Seryi_mc | kkwetx
[20:21:03] [Render thread/INFO]: [System] [CHAT]      ElMimikyu778 | KyoukoMejiro | CrisMartinez17 | Nyoora
[20:21:03] [Render thread/INFO]: [System] [CHAT]       Sucre_128 | zVisanter_ | Hector20203030 | iSavvy
[20:21:03] [Render thread/INFO]: [System] [CHAT]     MauroOMG1 | Coutinhoo7 | Santana25 | musicmasterX12
[20:21:03] [Render thread/INFO]: [System] [CHAT] ----------------------[13/21]----------------------
[20:21:03] [Render thread/INFO]: [System] [CHAT] [JRAN][IRON][Luchador] .IsaacA0156 » zombis XD
[20:21:08] [Render thread/INFO]: [System] [CHAT] [][U][Luchador] Zarpas_ » asd
[20:21:08] [Render thread/INFO]: [System] [CHAT] [][U] Naranjitia67 » hay zombies?
[20:21:11] [Render thread/INFO]: [System] [CHAT] [][U] .Sofia62018 » XDD
[20:21:12] [Render thread/INFO]: [System] [CHAT] [JRAN][IRON][Luchador] .IsaacA0156 » si bajas si
[20:21:13] [Render thread/INFO]: [System] [CHAT] [][LATAM][G][I][ ❆ .2025. ❆ ] BizzKun » alguien cerca de una meceta?
[20:21:15] [Render thread/INFO]: [System] [CHAT] [][U][Luchador] Zarpas_ » lag pue
[20:21:17] [Render thread/INFO]: [System] [CHAT] [][U] Naranjitia67 » cuantos hay?
[20:21:20] [Render thread/INFO]: [System] [CHAT] KatStar78 ha explotado por Creeper
[20:21:26] [Render thread/INFO]: [System] [CHAT] [Crew]｢⚡｣i(༺✦༻)i nozhu » BizzKun tpa
[20:21:28] [Render thread/INFO]: [System] [CHAT] [JRAN][IRON][Luchador] .IsaacA0156 » si bajas habran creepers etc.
[20:21:32] [Render thread/INFO]: [System] [CHAT] [][U] Naranjitia67 » cuantos XD
[20:21:33] [Render thread/INFO]: [System] [CHAT] -------------------[MINELATINO]-------------------
[20:21:33] [Render thread/INFO]: [System] [CHAT]                         www.minelatino.shop
[20:21:33] [Render thread/INFO]: [System] [CHAT]                      ¡Aceptamos criptomonedas!
[20:21:33] [Render thread/INFO]: [System] [CHAT] ------------------------[♥]-----------------------
[20:21:35] [Render thread/INFO]: [System] [CHAT] [JRAN][IRON][Luchador] .IsaacA0156 » esta creada para el mal
[20:21:36] [Render thread/INFO]: [System] [CHAT] [JRAN][IRON][Luchador] .IsaacA0156 » no se
[20:21:40] [Render thread/INFO]: [System] [CHAT] [][U] Naranjitia67 » lla hicistes tu?
[20:21:41] [Render thread/INFO]: [System] [CHAT] [][U][Luchador] Zarpas_ » xdd
[20:21:43] [Render thread/INFO]: [System] [CHAT] [][U] vicente » busco chamba
[20:21:44] [Render thread/INFO]: [System] [CHAT] [JRAN][IRON][Luchador] .IsaacA0156 » si
[20:21:44] [Render thread/INFO]: [System] [CHAT] [][LATAM][G][I][ ❆ .2025. ❆ ] BizzKun » nozhu
[20:21:47] [Render thread/INFO]: [System] [CHAT] [][U] vicente » busco chamba
[20:21:47] [Render thread/INFO]: [System] [CHAT] [][U] Naranjitia67 » y paraque
[20:21:48] [Render thread/INFO]: [System] [CHAT] [Crew]｢⚡｣i(༺✦༻)i nozhu » yo
[20:21:54] [Render thread/INFO]: [System] [CHAT] §6§l ➥ §6✉ (Lui2BleP ▻ YO) » me avisas pa tparme
[20:22:00] [Render thread/INFO]: [System] [CHAT] §6§l ➥ §6✉ (YO ▻ Lui2BleP) » oki te aviso
[20:22:00] [Render thread/INFO]: [System] [CHAT] [][LATAM][G] Alvor » ¿Quién vende hormigón?
[20:22:03] [Render thread/INFO]: [System] [CHAT] -----------------[TOP DONADORES]-----------------
[20:22:03] [Render thread/INFO]: [System] [CHAT]             Cap_Loli | Matorombo | MaxiLXK | ADONAIMXP
[20:22:03] [Render thread/INFO]: [System] [CHAT]     ELdimplayer | Gamer_Analyst33 | Val_st_pz | Lonngsito
[20:22:03] [Render thread/INFO]: [System] [CHAT]          Sariel1227 | NEONWIZ21 | John_Allen | claman20
[20:22:03] [Render thread/INFO]: [System] [CHAT]    AlejandroMT | AzuraaX_ | kuroganeShiro | Cristhian1602
[20:22:03] [Render thread/INFO]: [System] [CHAT] -----------------------[7/21]----------------------
[20:22:05] [Render thread/INFO]: [System] [CHAT] [JRAN][IRON][Luchador] .IsaacA0156 » torturar (o)_(o) xD
[20:22:11] [Render thread/INFO]: [System] [CHAT] [][LATAM][G][I][ ❆ .2025. ❆ ] BizzKun » gracias
[20:22:11] [Render thread/INFO]: [System] [CHAT] soldiertf2 ha sido víctima de Piglin
[20:22:12] [Render thread/INFO]: [System] [CHAT] [][U][Luchador] Zarpas_ » esta descompuesta o algo por el estilo creo
[20:22:13] [Render thread/INFO]: [System] [CHAT] [Crew]｢⚡｣i(༺✦༻)i nozhu » de nada
[20:22:18] [Render thread/INFO]: [System] [CHAT] [][U] .Sofia62018 » cuanto miden los happy ghast adultos?
[20:22:23] [Render thread/INFO]: [System] [CHAT] [][U] Naranjitia67 » xD
[20:22:24] [Render thread/INFO]: [System] [CHAT] [][U] josetl » si funciona
[20:22:25] [Render thread/INFO]: [System] [CHAT] [][U] Naranjitia67 » a quien .-.
[20:22:26] [Render thread/INFO]: [System] [CHAT] [][U][Luchador] Zarpas_ » me vas a matar
[20:22:28] [Render thread/INFO]: [System] [CHAT] [][U][Luchador] manu_ez » 24cm
[20:22:31] [Render thread/INFO]: [System] [CHAT] josetl ha tirado a Zarpas_ desde muy alto
[20:22:33] [Render thread/INFO]: [System] [CHAT] -------------------[MINELATINO]-------------------
[20:22:33] [Render thread/INFO]: [System] [CHAT]   ¡Evita ser sancionado por usar clientes ilegales!
[20:22:33] [Render thread/INFO]: [System] [CHAT]        minelatino.com/knowledge/todo-sobre-los-clientes
[20:22:33] [Render thread/INFO]: [System] [CHAT]         ¡Descubre que clientes son legales y cuáles no!
[20:22:33] [Render thread/INFO]: [System] [CHAT] ------------------------[♥]-----------------------
[20:22:34] [Render thread/INFO]: [System] [CHAT] [JRAN][IRON][Luchador] .IsaacA0156 » sr papa hacete tp
[20:22:35] [Render thread/INFO]: [System] [CHAT] [][U] josetl » XD
[20:22:36] [Render thread/INFO]: [System] [CHAT] [JRAN][IRON][Luchador] .IsaacA0156 » mlra
[20:22:36] [Render thread/INFO]: [System] [CHAT] [][U][Luchador] Zarpas_ » bruh
[20:22:39] [Render thread/INFO]: [System] [CHAT] [][U] josetl » mano
[20:22:52] [Render thread/INFO]: [System] [CHAT] [JRAN][IRON][Luchador] .IsaacA0156 » sr papa veni
[20:22:52] [Render thread/INFO]: [System] [CHAT] (ANUNCIO)  ¡El jugador Vladimir065 ha invocado una tormenta, que llegará en 60 segundos!
[20:22:53] [Render thread/INFO]: [System] [CHAT]  MINELATINO » ¡Saliendo de la zona de .IsaacA0156!
[20:22:55] [Render thread/INFO]: [System] [CHAT] [][U][Luchador] Zarpas_ » ando iron wn
[20:23:01] [Render thread/INFO]: [System] [CHAT] [][INFINITE]｢!༺˚ʚ❤ɞ˚༻!｣ Vladimir065 » me equivoque de boton
[20:23:03] [Render thread/INFO]: [System] [CHAT] -----------------[TOP DONADORES]-----------------
[20:23:03] [Render thread/INFO]: [System] [CHAT]    YARE_LEE | MolinaCR23 | jjoseda | KeisukeBaji | Ignabre
[20:23:03] [Render thread/INFO]: [System] [CHAT]  Kayydxn | Slyrikx | Combine__ELITE | Gregton | 0Aaron88xIm
[20:23:03] [Render thread/INFO]: [System] [CHAT]        WoolOstrich8922 | pachequinpro132 | PanzaBiceps
[20:23:03] [Render thread/INFO]: [System] [CHAT]        Chrislcn11 | Esmail88888 | c_sastre | TheMrCatYT
[20:23:03] [Render thread/INFO]: [System] [CHAT] ----------------------[17/21]----------------------
[20:23:07] [Render thread/INFO]: [System] [CHAT] [][U] Naranjitia67 » y eso q es
[20:23:11] [Render thread/INFO]: [System] [CHAT] [][U] Naranjitia67 » xD no
[20:23:12] [Render thread/INFO]: [System] [CHAT] [][U] vicente » a no tengo de esa
[20:23:13] [Render thread/INFO]: [System] [CHAT] [][INFINITE][E]｢⚓||¡6!||⚓｣ .nirigalla » shiro andas ?
[20:23:14] [Render thread/INFO]: [System] [CHAT] [][U] Naranjitia67 » tirate tu
[20:23:15] [Render thread/INFO]: [System] [CHAT]  MINELATINO » ¡Entrando a la zona de .IsaacA0156!
[20:23:17] [Render thread/INFO]: [System] [CHAT] Hey! Sorry, but you can't PvP here.
[20:23:20] [Render thread/INFO]: [System] [CHAT]  MINELATINO » ¡Saliendo de la zona de .IsaacA0156!
[20:23:24] [Render thread/INFO]: [System] [CHAT] [JRAN][IRON][Luchador] .IsaacA0156 » algun sujetl de prueba
[20:23:27] [Render thread/INFO]: [System] [CHAT] [][U][Luchador] Zarpas_ » ya no andes de payaso xd
[20:23:28] [Render thread/INFO]: [System] [CHAT] [][U] Naranjitia67 » tapa con eso xD
[20:23:28] [Render thread/INFO]: [System] [CHAT] Serk ha completado el desafío [Agujero negro]
[20:23:28] [Render thread/INFO]: [System] [CHAT] [JRAN][IRON][Luchador] .IsaacA0156 » XD
[20:23:32] [Render thread/INFO]: [System] [CHAT] [][U] Naranjitia67 » tapalo
[20:23:33] [Render thread/INFO]: [System] [CHAT] -------------------[MINELATINO]-------------------
[20:23:33] [Render thread/INFO]: [System] [CHAT]                         www.minelatino.shop
[20:23:33] [Render thread/INFO]: [System] [CHAT]           ¡Rangos, picos, espadas, dinero & mucho más!
[20:23:33] [Render thread/INFO]: [System] [CHAT] ------------------------[♥]-----------------------
[20:23:34] [Render thread/INFO]: [System] [CHAT] [][U] Naranjitia67 » es peligroso
[20:23:36] [Render thread/INFO]: [System] [CHAT] [JRAN][IRON][Luchador] .IsaacA0156 » no
[20:23:37] [Render thread/INFO]: [System] [CHAT] [][U] FRED_LOL » quien tiene brotes de abedul que regale?
[20:23:39] [Render thread/INFO]: [System] [CHAT]  MINELATINO » ¡sayni_I se ha unido a nuestro aventura! Es el jugador (#370,923)
[20:23:39] [Render thread/INFO]: [System] [CHAT] sayni_I ha conseguido el progreso [Mejorando herramientas]
[20:23:39] [Render thread/INFO]: [System] [CHAT] [][U][Luchador] manu_ez » alguien que tenga unas llanuras grandes para ocupar'
[20:23:42] [Render thread/INFO]: [System] [CHAT] [][U][Luchador] ANDREW_MADNESS » que te paso?
[20:23:44] [Render thread/INFO]: [System] [CHAT] [Kuro][U] kchachanchos3001 » 🥀
[20:23:46] [Render thread/INFO]: [System] [CHAT]  MINELATINO » ¡Entrando a la zona de .IsaacA0156!
[20:23:46] [Render thread/INFO]: [System] [CHAT] [][U][Luchador] Zarpas_ » pq no spawnean xddd?
[20:23:48] [Render thread/INFO]: [System] [CHAT] [ATR][U] soldiertf2 » un piglin
[20:23:51] [Render thread/INFO]: [System] [CHAT] [ATR][U] soldiertf2 » ni lo vi
[20:23:53] [Render thread/INFO]: [System] [CHAT] [][U] Naranjitia67 » pone algo para tapar..
[20:23:54] [Render thread/INFO]: [System] [CHAT] [][U] vicente » vendo shulker de piedra
[20:23:54] [Render thread/INFO]: [System] [CHAT] [Kuro][U] kchachanchos3001 » a
[20:23:56] [Render thread/INFO]: [System] [CHAT] [][U][Luchador] Zarpas_ » puede ser porque se hizo en zona normal
[20:23:57] [Render thread/INFO]: [System] [CHAT] §6§l ➥ §6✉ (CONGITO02 ▻ YO) » hola, buesco trabajo de lo que sea, te interesa?
[20:24:03] [Render thread/INFO]: [System] [CHAT] -----------------[TOP DONADORES]-----------------
[20:24:03] [Render thread/INFO]: [System] [CHAT]      Gilsonnick182 | Mr_Zeratul_9 | PoxerUltraXx | Kamiiral
[20:24:03] [Render thread/INFO]: [System] [CHAT]    Ezetexeira_22 | .RoyMustang1309 | D1VINPR | Kumbiero23
[20:24:03] [Render thread/INFO]: [System] [CHAT]    KratosGameplay | XxpaulitaxX | Elbasuer | ElMrGeekSalad
[20:24:03] [Render thread/INFO]: [System] [CHAT]     Ander_nya | SmokingClouds | iNauzrt | ByBlxCk | melioliva
[20:24:03] [Render thread/INFO]: [System] [CHAT] ----------------------[20/21]----------------------
[20:24:03] [Render thread/INFO]: [System] [CHAT] §6§l ➥ §6✉ (YO ▻ CONGITO02) » q sabes hacer?
[20:24:04] [Render thread/INFO]: [System] [CHAT]  MINELATINO » ¡ItzMxyc0lX se ha unido a nuestro aventura! Es el jugador (#370,924)
[20:24:05] [Render thread/INFO]: [System] [CHAT] ItzMxyc0lX ha conseguido el progreso [Mejorando herramientas]
[20:24:07] [Render thread/WARN]: Received passengers for unknown entity
[20:24:07] [Render thread/WARN]: Received passengers for unknown entity
[20:24:14] [Render thread/INFO]: [System] [CHAT] §6§l ➥ §6✉ (CONGITO02 ▻ YO) » de todo pa
[20:24:15] [Render thread/INFO]: [System] [CHAT]  MINELATINO » ¡Saliendo de la zona de .IsaacA0156!
[20:24:16] [Render thread/INFO]: [System] [CHAT] [][U] Naranjitia67 » lanzate
[20:24:17] [Render thread/INFO]: [System] [CHAT] [][U][Luchador] Zarpas_ » puedes dejar ddde intentar matarme?
[20:24:20] [Render thread/INFO]: [System] [CHAT]  MINELATINO » ¡Entrando a la zona de .IsaacA0156!
[20:24:21] [Render thread/INFO]: [System] [CHAT] [][U][Luchador] ANDREW_MADNESS » ven
[20:24:22] [Render thread/INFO]: [System] [CHAT] Zarpas_ ha sido víctima de josetl y su [as マＷＨＩＴＥＲＫＩＳＳマ as]
[20:24:22] [Render thread/INFO]: [System] [CHAT]  MINELATINO » ¡Saliendo de la zona de .IsaacA0156!
[20:24:24] [Render thread/INFO]: [System] [CHAT] [JRAN][IRON][Luchador] .IsaacA0156 » me quisiste tirar :O
[20:24:25] [Render thread/INFO]: [System] [CHAT] [🥇][ONLY]｢⚡SUPREMO⚡｣[⁺₊⭐₊⁺] Deff_BKv » @dan_dan
[20:24:25] [Render thread/INFO]: [System] [CHAT] [][LATAM][G][I][ ❆ .2025. ❆ ] BizzKun » Vendo casa a 30k
[20:24:29] [Render thread/INFO]: [System] [CHAT] §6§l ➥ §6✉ (CONGITO02 ▻ YO) » soy ingeniero
[20:24:29] [Render thread/INFO]: [System] [CHAT] [🥇][ONLY]｢⚡SUPREMO⚡｣[⁺₊⭐₊⁺] Deff_BKv » donde esta mi granja de withers
[20:24:31] [Render thread/INFO]: [System] [CHAT] [][U] josetl » oe tienes mala internet no?
[20:24:33] [Render thread/INFO]: [System] [CHAT] -------------------[MINELATINO]-------------------
[20:24:33] [Render thread/INFO]: [System] [CHAT] [LATAM+] Naranjitia67 » ¡Que bien me queda el LATAM+!
[20:24:33] [Render thread/INFO]: [System] [CHAT]           Si te gusta como se ve, puedes comprarlo en
[20:24:33] [Render thread/INFO]: [System] [CHAT]                            www.minelatino.shop
[20:24:33] [Render thread/INFO]: [System] [CHAT] ------------------------[♥]-----------------------
[20:24:34] [Render thread/INFO]: [System] [CHAT] §6§l ➥ §6✉ (YO ▻ CONGITO02) » sabes farmear?
[20:24:38] [Render thread/INFO]: [System] [CHAT] [][LATAM][G][I][ ❆ .2025. ❆ ] BizzKun » 30k
[20:24:39] [Render thread/INFO]: [System] [CHAT] [🥇][ONLY]｢⚡｣｢☠ . ʙᴏᴏ . ☠｣ Robinv » NAMI
[20:24:40] [Render thread/INFO]: [System] [CHAT]  MINELATINO » ¡Entrando a la zona de .IsaacA0156!
[20:24:43] [Render thread/INFO]: [System] [CHAT] [][U] Naranjitia67 » lanzate isac
[20:24:44] [Render thread/INFO]: [System] [CHAT] [][U] Naranjitia67 » XD
[20:24:45] [Render thread/INFO]: [System] [CHAT] [][U][Luchador] Zarpas_ » , _,
[20:24:47] [Render thread/INFO]: [System] [CHAT]  MINELATINO » ¡Saliendo de la zona de .IsaacA0156!
[20:24:48] [Render thread/INFO]: [System] [CHAT] [JRAN][IRON][Luchador] .IsaacA0156 » no
[20:24:50] [Render thread/INFO]: [System] [CHAT] [][U] josetl » tpeate
[20:24:50] [Render thread/INFO]: [System] [CHAT] [][DIAMOND] Ale0x_ » vendo templo marino
[20:24:52] [Render thread/INFO]: [System] [CHAT] [][U] josetl » de nuevo
[20:24:53] [Render thread/INFO]: [STDOUT]: Restocking Totem
[20:24:56] [Render thread/INFO]: [System] [CHAT]  MINELATINO » ¡Entrando a la zona de .IsaacA0156!
[20:24:56] [Render thread/INFO]: [System] [CHAT] [JRAN][IRON][Luchador] .IsaacA0156 » esa vaina esta peligrosa
[20:24:56] [Render thread/INFO]: [System] [CHAT] §6§l ➥ §6✉ (CONGITO02 ▻ YO) » farmear qué específicamente?
[20:24:57] [Render thread/INFO]: [System] [CHAT] [🥇][ONLY]｢⚡｣｢☠ . ʙᴏᴏ . ☠｣ Robinv » Namiiii
[20:24:59] [Render thread/INFO]: [System] [CHAT] Naranjitia67 ha sido víctima de Fantasma
[20:25:01] [Render thread/INFO]: [System] [CHAT]  MINELATINO » ¡Saliendo de la zona de .IsaacA0156!
[20:25:02] [Render thread/INFO]: [System] [CHAT] [][LATAM][G][I][ ❆ .2025. ❆ ] BizzKun » Vendo casa a 30k
[20:25:03] [Render thread/INFO]: [System] [CHAT] -----------------[TOP DONADORES]-----------------
[20:25:03] [Render thread/INFO]: [System] [CHAT]   dannyreyes | NotxCrazy_ | 40ms | TheWichzz | StayCrying
[20:25:03] [Render thread/INFO]: [System] [CHAT]  Guerrero6542 | jus44 | Azouw7u7 | Krash21z | MauricioARM
[20:25:03] [Render thread/INFO]: [System] [CHAT]       MaoCapo | Jixcode | Catalinaaajj | tiopalta | Alayn3z
[20:25:03] [Render thread/INFO]: [System] [CHAT]          Akqme__ | Pepitoelmanco22 | Showtime7 | V2Etsu
[20:25:03] [Render thread/INFO]: [System] [CHAT] ----------------------[14/21]----------------------
[20:25:03] [Render thread/WARN]: Received passengers for unknown entity
[20:25:03] [Render thread/INFO]: [System] [CHAT] [][U] Naranjitia67 » xd
[20:25:06] [Render thread/WARN]: Received passengers for unknown entity
[20:25:08] [Render thread/INFO]: [System] [CHAT]  MINELATINO » ¡La petición ha sido enviada a .IsaacA0156!
[20:25:09] [Render thread/INFO]: [System] [CHAT] charmandito ha explotado por Creeper
[20:25:11] [Render thread/WARN]: Received passengers for unknown entity
[20:25:12] [Render thread/INFO]: [System] [CHAT] [][LATAM][G][I][ ❆ .2025. ❆ ] BizzKun » Vendo casa a 20k
[20:25:13] [Render thread/INFO]: [System] [CHAT] [][U] Naranjitia67 » me mori
[20:25:16] [Render thread/WARN]: Received passengers for unknown entity
[20:25:19] [Render thread/INFO]: [System] [CHAT] [][U][Luchador] Zarpas_ » cuando me tepeo me lageo peor
[20:25:21] [Render thread/WARN]: Received passengers for unknown entity
[20:25:21] [Render thread/INFO]: [System] [CHAT] §6§l ➥ §6✉ (YO ▻ CONGITO02) » polvora
[20:25:25] [Render thread/INFO]: [System] [CHAT] [][LATAM][G][I][ ❆ .2025. ❆ ] BizzKun » regalo casa
[20:25:26] [Render thread/WARN]: Received passengers for unknown entity
[20:25:28] [Render thread/INFO]: [System] [CHAT] [][U] Naranjitia67 » mis cosas .IsaacA0156 :p
[20:25:28] [Render thread/INFO]: [System] [CHAT]  MINELATINO » ¡.IsaacA0156 ha aceptado tu teletransportación!
[20:25:28] [Render thread/INFO]: [System] [CHAT]  MINELATINO » ¡Teletransportándose a .IsaacA0156!
[20:25:28] [Render thread/INFO]: [System] [CHAT]  MINELATINO » El teletransporte comenzará en 3 segundos. Por favor, no te muevas.
[20:25:28] [Render thread/INFO]: [System] [CHAT] §6§l ➥ §6✉ (CONGITO02 ▻ YO) » sí
[20:25:31] [Render thread/WARN]: Received passengers for unknown entity
[20:25:32] [Render thread/INFO]: [System] [CHAT]  MINELATINO » Teletransportando...
[20:25:32] [Render thread/INFO]: [System] [CHAT]  MINELATINO » ¡Entrando a la zona de .IsaacA0156!
[20:25:33] [Render thread/INFO]: [System] [CHAT] -------------------[MINELATINO]-------------------
[20:25:33] [Render thread/INFO]: [System] [CHAT]                       discord.minelatino.com
[20:25:33] [Render thread/INFO]: [System] [CHAT]                ¡No te pierdas ninguna actualización!
[20:25:33] [Render thread/INFO]: [System] [CHAT] ------------------------[♥]-----------------------
[20:25:33] [Render thread/INFO]: [System] [CHAT] §6§l ➥ §6✉ (YO ▻ CONGITO02) » como
[20:25:36] [Render thread/WARN]: Received passengers for unknown entity
[20:25:37] [Render thread/INFO]: [System] [CHAT] [][U][Luchador] Zarpas_ » asd
[20:25:39] [Render thread/INFO]: [System] [CHAT] [67][LATAM+][I] AroIsPro » loca
[20:25:39] [Render thread/INFO]: [System] [CHAT] [][U] Naranjitia67 » mi arquito xd
[20:25:41] [Render thread/WARN]: Received passengers for unknown entity
[20:25:42] [Render thread/INFO]: [System] [CHAT] Zarpas_ ha sido víctima de josetl
[20:25:43] [Render thread/INFO]: [System] [CHAT] [67][LATAM+][I] AroIsPro » te la queria comprar
[20:25:46] [Render thread/WARN]: Received passengers for unknown entity
[20:25:50] [Render thread/INFO]: [System] [CHAT] [JRAN][IRON][Luchador] .IsaacA0156 » te dije que guardaras las cosas XD
[20:25:50] [Render thread/INFO]: [System] [CHAT] [][LATAM][G][I][ ❆ .2025. ❆ ] BizzKun » a
[20:25:51] [Render thread/WARN]: Received passengers for unknown entity
[20:25:51] [Render thread/INFO]: [System] [CHAT] [][LATAM][G][I][ ❆ .2025. ❆ ] BizzKun » tp
[20:25:54] [Render thread/INFO]: [System] [CHAT] [67][LATAM+][I] AroIsPro » si no que fui por mena
[20:25:54] [Render thread/INFO]: [System] [CHAT] §6§l ➥ §6✉ (CONGITO02 ▻ YO) » no te puedo decir, es parte del trabajo
[20:25:54] [Render thread/INFO]: [System] [CHAT] [][U] Naranjitia67 » xD seme olvido
[20:25:55] [Render thread/INFO]: [System] [CHAT] [67][LATAM+][I] AroIsPro » no ya no
[20:25:56] [Render thread/WARN]: Received passengers for unknown entity
[20:25:58] [Render thread/INFO]: [System] [CHAT] [][LATAM][G][I][ ❆ .2025. ❆ ] BizzKun » mejor
[20:25:58] [Render thread/INFO]: [System] [CHAT] [][U] Naranjitia67 » eso estaba haciendo
[20:26:01] [Render thread/WARN]: Received passengers for unknown entity
[20:26:03] [Render thread/INFO]: [System] [CHAT] -----------------[TOP DONADORES]-----------------
[20:26:03] [Render thread/INFO]: [System] [CHAT]               Erjize | librasagi | MrPopeta | Elizabath
[20:26:03] [Render thread/INFO]: [System] [CHAT]      iHighBlume | Pescadete | ItsViani01 | bautistagturza_
[20:26:03] [Render thread/INFO]: [System] [CHAT]      _AfterChange | Lesther1504 | josesito24 | ySpintown
[20:26:03] [Render thread/INFO]: [System] [CHAT]        NFLD99 | TheKingNoob | MrBlaky | Elqueviveensan4
[20:26:03] [Render thread/INFO]: [System] [CHAT] -----------------------[1/21]----------------------
[20:26:04] [Render thread/INFO]: [System] [CHAT] [][U][Luchador] Zarpas_ » es que wn
[20:26:06] [Render thread/INFO]: [System] [CHAT] [67][LATAM+][I] AroIsPro » trata mal a vagabundo y termina siendo su jefe.
[20:26:06] [Render thread/INFO]: [System] [CHAT] [][U] Naranjitia67 » para lanzarme
[20:26:06] [Render thread/WARN]: Received passengers for unknown entity
[20:26:08] [Render thread/INFO]: [System] [CHAT] Hey! Sorry, but you can't break that block here.
[20:26:09] [Render thread/INFO]: [System] [CHAT] [JRAN][IRON][Luchador] .IsaacA0156 » no ya no te ayudñ.
[20:26:09] [Render thread/INFO]: [System] [CHAT] [][U] josetl » yaya
[20:26:10] [Render thread/INFO]: [System] [CHAT] [][U] josetl » perdon
[20:26:11] [Render thread/WARN]: Received passengers for unknown entity
[20:26:14] [Render thread/INFO]: [System] [CHAT] duns1969 ha conseguido el progreso [Supresor de tensión]
[20:26:14] [Render thread/INFO]: [System] [CHAT] [][U] Naranjitia67 » mis cosas :p
[20:26:16] [Render thread/WARN]: Received passengers for unknown entity
[20:26:18] [Render thread/INFO]: [System] [CHAT] [][LATAM][G][I][ ❆ .2025. ❆ ] BizzKun » solo queria venderla para tener la proteccion
[20:26:19] [Render thread/INFO]: [System] [CHAT] [JRAN][IRON][Luchador] .IsaacA0156 » lo perdiste por manca XD
[20:26:21] [Render thread/INFO]: [System] [CHAT] THIAGE ha muerto por un flechazo de Esqueleto
[20:26:21] [Render thread/WARN]: Received passengers for unknown entity
[20:26:23] [Render thread/INFO]: [System] [CHAT] [][U][Luchador] Zarpas_ » se nota el aburrimiento xd
[20:26:26] [Render thread/WARN]: Received passengers for unknown entity
[20:26:27] [Render thread/INFO]: [System] [CHAT] [][U] Naranjitia67 » XD
[20:26:31] [Render thread/INFO]: [System] [CHAT] Ale0x_ ha alcanzado el objetivo [Post mortem]
[20:26:31] [Render thread/WARN]: Received passengers for unknown entity
[20:26:33] [Render thread/INFO]: [System] [CHAT] -------------------[MINELATINO]-------------------
[20:26:33] [Render thread/INFO]: [System] [CHAT]      ¿Quieres saber los beneficios de los rangos?
[20:26:33] [Render thread/INFO]: [System] [CHAT]       entonces usa el comando /beneficios para saberlo
[20:26:33] [Render thread/INFO]: [System] [CHAT] ------------------------[♥]-----------------------
[20:26:36] [Render thread/WARN]: Received passengers for unknown entity
[20:26:41] [Render thread/WARN]: Received passengers for unknown entity
[20:26:46] [Render thread/WARN]: Received passengers for unknown entity
[20:26:46] [Render thread/INFO]: [System] [CHAT] [][U] Naranjitia67 » isac
[20:26:47] [Render thread/INFO]: [System] [CHAT] [JRAN][IRON][Luchador] .IsaacA0156 » yo te dije que moririas
[20:26:51] [Render thread/WARN]: Received passengers for unknown entity
[20:26:51] [Render thread/INFO]: [System] [CHAT] [][U] Naranjitia67 » me das una armadura de diamante xd
[20:26:54] [Render thread/INFO]: [System] [CHAT] [JRAN][IRON][Luchador] .IsaacA0156 » que eso esta hecho pal mal
[20:26:56] [Render thread/WARN]: Received passengers for unknown entity
[20:26:57] [Render thread/INFO]: [System] [CHAT] [JRAN][IRON][Luchador] .IsaacA0156 » no
[20:26:59] [Render thread/INFO]: [System] [CHAT] sayni_I ha conseguido el progreso [Monster Hunter]
[20:27:00] [Render thread/INFO]: [System] [CHAT] [JRAN][IRON][Luchador] .IsaacA0156 » ._.
[20:27:01] [Render thread/WARN]: Received passengers for unknown entity
[20:27:03] [Render thread/INFO]: [System] [CHAT] -----------------[TOP DONADORES]-----------------
[20:27:03] [Render thread/INFO]: [System] [CHAT]         TheKillerV2 | Peely_21 | WhoIsFeer | jsebasgr21
[20:27:03] [Render thread/INFO]: [System] [CHAT]          vaca78 | doriano | JulianEhud0909 | Makarov_L
[20:27:03] [Render thread/INFO]: [System] [CHAT]              Fajardex | Pr1me | diatomics | LayonSbR
[20:27:03] [Render thread/INFO]: [System] [CHAT]         Rendo_ | Alex_One23 | Pedroga2002 | byelgamer
[20:27:03] [Render thread/INFO]: [System] [CHAT] -----------------------[4/21]----------------------
[20:27:04] [Render thread/INFO]: [System] [CHAT] [][U] Naranjitia67 » XD
[20:27:05] [Render thread/INFO]: [System] [CHAT] [][U] Naranjitia67 » porqueno
[20:27:06] [Render thread/WARN]: Received passengers for unknown entity
[20:27:10] [Render thread/INFO]: [System] [CHAT] sayni_I fue ensartado por Zombi
[20:27:11] [Render thread/WARN]: Received passengers for unknown entity
[20:27:14] [Render thread/INFO]: [System] [CHAT] [JRAN][IRON][Luchador] .IsaacA0156 » shu
[20:27:16] [Render thread/WARN]: Received passengers for unknown entity
[20:27:21] [Render thread/WARN]: Received passengers for unknown entity
[20:27:26] [Render thread/WARN]: Received passengers for unknown entity
[20:27:30] [Render thread/INFO]: [System] [CHAT] [][U] Naranjitia67 » dame
[20:27:31] [Render thread/INFO]: [System] [CHAT] [JRAN][IRON][Luchador] .IsaacA0156 » ya viene de interesada
[20:27:31] [Render thread/WARN]: Received passengers for unknown entity
[20:27:33] [Render thread/INFO]: [System] [CHAT] -------------------[MINELATINO]-------------------
[20:27:33] [Render thread/INFO]: [System] [CHAT]                ¡250.000 sanciones realizadas!
[20:27:33] [Render thread/INFO]: [System] [CHAT]               así que, por favor, no uses hacks =(
[20:27:33] [Render thread/INFO]: [System] [CHAT] ------------------------[♥]-----------------------
[20:27:34] [Render thread/INFO]: [System] [CHAT] [][U] Naranjitia67 » una armadura de diamante xd
[20:27:36] [Render thread/INFO]: [System] [CHAT] [Kuro][U] kchachanchos3001 » me morí 🥀
[20:27:36] [Render thread/WARN]: Received passengers for unknown entity
[20:27:37] [Render thread/INFO]: [System] [CHAT] [JRAN][IRON][Luchador] .IsaacA0156 » usted tiene mas plata que yo
[20:27:40] [Render thread/INFO]: [System] [CHAT] [][U] Naranjitia67 » yo ayer te di como 20k :(
[20:27:41] [Render thread/WARN]: Received passengers for unknown entity
[20:27:46] [Render thread/INFO]: [System] [CHAT] KatStar78 ha sido víctima de Zombi
[20:27:46] [Render thread/WARN]: Received passengers for unknown entity
[20:27:51] [Render thread/WARN]: Received passengers for unknown entity
[20:27:52] [Render thread/INFO]: [System] [CHAT] [JRAN][IRON][Luchador] .IsaacA0156 » me diste 10k
[20:27:55] [Render thread/INFO]: [System] [CHAT] [JRAN][IRON][Luchador] .IsaacA0156 » =<=
[20:27:56] [Render thread/WARN]: Received passengers for unknown entity
[20:27:58] [Render thread/INFO]: [System] [CHAT] [][U] Naranjitia67 » es dinero
[20:28:01] [Render thread/INFO]: [System] [CHAT] [][U] Naranjitia67 » y tu no me das nada
[20:28:01] [Render thread/WARN]: Received passengers for unknown entity
[20:28:03] [Render thread/INFO]: [System] [CHAT] -----------------[TOP DONADORES]-----------------
[20:28:03] [Render thread/INFO]: [System] [CHAT]   Lenynzukich | MoonLight_Haze | Cristanshit | BlackreaperX
[20:28:03] [Render thread/INFO]: [System] [CHAT]     ZPARKY_369 | Un_usuario_raro | Pereiira23 | Pineas21
[20:28:03] [Render thread/INFO]: [System] [CHAT]          Gerard0w0 | Eldarkosu | lapizlazul | ItzSunshain
[20:28:03] [Render thread/INFO]: [System] [CHAT]         Alexco7 | Lilthum | Ben_la_Foca | Ichigo7uu7xdalv
[20:28:03] [Render thread/INFO]: [System] [CHAT] -----------------------[3/21]----------------------
[20:28:04] [Render thread/INFO]: [System] [CHAT] [🥇][ONLY]｢⚡SUPREMO⚡｣[⁺₊⭐₊⁺] Deff_BKv » contrato a chambeador que sepa usar litematica
[20:28:06] [Render thread/WARN]: Received passengers for unknown entity
[20:28:07] [Render thread/INFO]: [System] [CHAT] [][U] Naranjitia67 » nisiquiera 1 armor de diamante :(
[20:28:09] [Render thread/INFO]: [System] [CHAT] [JRAN][IRON][Luchador] .IsaacA0156 » yo ya no soy tk esposo =<=
[20:28:11] [Render thread/WARN]: Received passengers for unknown entity
[20:28:14] [Render thread/INFO]: [System] [CHAT] [][LATAM][G][I][ ❆ .2025. ❆ ] BizzKun » alguien nuevo que quiera una casa
[20:28:16] [Render thread/WARN]: Received passengers for unknown entity
[20:28:19] [Render thread/INFO]: [System] [CHAT] [ONL1][LATAM+][G][I]⌞⛧ |☠| ⛧⌝ _ZeninNaoya_ » yo
[20:28:21] [Render thread/WARN]: Received passengers for unknown entity
[20:28:21] [Render thread/INFO]: [System] [CHAT] [][U] Saravia7 » vendo shulker de madera palida y cuarzo y lana
[20:28:24] [Render thread/INFO]: [System] [CHAT] [🥇][ONLY]｢⚡｣ PndxNano » Cuanto pagas DeffBK?
[20:28:25] [Render thread/INFO]: [System] [CHAT] [][U] Naranjitia67 » isac malo :(
[20:28:26] [Render thread/WARN]: Received passengers for unknown entity
[20:28:29] [Render thread/INFO]: [System] [CHAT] [🥇][ONLY]｢⚡SUPREMO⚡｣[⁺₊⭐₊⁺] Deff_BKv » 2M
[20:28:30] [Render thread/INFO]: [System] [CHAT] [][U] CONGITO02 » busco trabajo
[20:28:31] [Render thread/WARN]: Received passengers for unknown entity
[20:28:31] [Render thread/INFO]: [System] [CHAT] [🥇][ONLY]｢⚡｣ PndxNano » Opa
[20:28:33] [Render thread/INFO]: [System] [CHAT] -------------------[MINELATINO]-------------------
[20:28:33] [Render thread/INFO]: [System] [CHAT]       ¿Hackers, jugadores tóxicos o problemas?
[20:28:33] [Render thread/INFO]: [System] [CHAT]      usa /report y el staff de turno entrará en acción
[20:28:33] [Render thread/INFO]: [System] [CHAT] ------------------------[♥]-----------------------
[20:28:36] [Render thread/INFO]: [System] [CHAT] [JRAN][IRON][Luchador] .IsaacA0156 » adivida de quien soy esposñ
[20:28:36] [Render thread/INFO]: [System] [CHAT] [][LATAM][G][I][ ❆ .2025. ❆ ] BizzKun » alguien nuevo que quiera una casa
[20:28:36] [Render thread/WARN]: Received passengers for unknown entity
[20:28:36] [Render thread/INFO]: [System] [CHAT] [🥇][ONLY]｢⚡｣ PndxNano » Bancame 1 min y voy
[20:28:41] [Render thread/WARN]: Received passengers for unknown entity
[20:28:46] [Render thread/WARN]: Received passengers for unknown entity
[20:28:46] [Render thread/INFO]: [System] [CHAT] [][U][Luchador] Zarpas_ » asd
[20:28:48] [Render thread/INFO]: [System] [CHAT] [][U] Naranjitia67 » de pokkii
[20:28:51] [Render thread/WARN]: Received passengers for unknown entity
[20:28:54] [Render thread/INFO]: [System] [CHAT] [JRAN][IRON][Luchador] .IsaacA0156 » correcto XD
[20:28:55] [Render thread/INFO]: [System] [CHAT] [][U] Naranjitia67 » ...
[20:28:56] [Render thread/WARN]: Received passengers for unknown entity
[20:28:59] [Render thread/INFO]: [System] [CHAT] juanparedes987 ha explotado por Creeper
[20:28:59] [Render thread/INFO]: [System] [CHAT] [][U] Naranjitia67 » sale en tu nombre xD
[20:29:01] [Render thread/WARN]: Received passengers for unknown entity
[20:29:02] [Render thread/INFO]: [System] [CHAT] [][U] Naranjitia67 » no sabias?
[20:29:03] [Render thread/INFO]: [System] [CHAT] -----------------[TOP DONADORES]-----------------
[20:29:03] [Render thread/INFO]: [System] [CHAT]     N1d3a | cerdoycerda | MirandaGZ | sanemi_g2 | Asffer
[20:29:03] [Render thread/INFO]: [System] [CHAT]            ESCANOR243 | sedammvi | SoyOsqui | Naokki_
[20:29:03] [Render thread/INFO]: [System] [CHAT] IsMackBroh | MiDDaY_ch | ExTemporeIV | AshZarok | PazParaMi
[20:29:03] [Render thread/INFO]: [System] [CHAT]         DontHaveTime | phoenix_star | DamyanElBarbaro
[20:29:03] [Render thread/INFO]: [System] [CHAT] ----------------------[10/21]----------------------
[20:29:05] [Render thread/INFO]: [System] [CHAT] [][U] gabx144 » fachinz en twitch recien empezamos estamos haciendo una base full nuevos vengan
[20:29:06] [Render thread/WARN]: Received passengers for unknown entity
[20:29:07] [Render thread/INFO]: [System] [CHAT] [JRAN][IRON][Luchador] .IsaacA0156 » nop
[20:29:11] [Render thread/WARN]: Received passengers for unknown entity
[20:29:14] [Render thread/INFO]: [System] [CHAT] [][U] Naranjitia67 » me das almenos una armor de hierro?
[20:29:16] [Render thread/WARN]: Received passengers for unknown entity
[20:29:18] [Render thread/INFO]: [System] [CHAT] [][LATAM][G][I][ ❆ .2025. ❆ ] BizzKun » alguien nuevo que quiera una casa
[20:29:19] [Render thread/INFO]: [System] [CHAT] [][U] Naranjitia67 » para protejerme de los mobs
[20:29:21] [Render thread/INFO]: [System] [CHAT] [🥇][ONLY]｢⚡｣ PndxNano » Helou
[20:29:21] [Render thread/WARN]: Received passengers for unknown entity
[20:29:23] [Render thread/INFO]: [System] [CHAT] [🥇][ONLY]｢⚡SUPREMO⚡｣[⁺₊⭐₊⁺] Deff_BKv » buenas
[20:29:25] [Render thread/INFO]: [System] [CHAT] [JRAN][IRON][Luchador] .IsaacA0156 » bueno..
[20:29:26] [Render thread/WARN]: Received passengers for unknown entity
[20:29:27] [Render thread/INFO]: [System] [CHAT] soldiertf2 ha completado el desafío [Cálidos destinos turísticos]
[20:29:28] [Render thread/INFO]: [System] [CHAT] [🥇][ONLY]｢⚡SUPREMO⚡｣[⁺₊⭐₊⁺] Deff_BKv » hablame al dc
[20:29:30] [Render thread/INFO]: [System] [CHAT] [🥇][ONLY]｢⚡SUPREMO⚡｣[⁺₊⭐₊⁺] Deff_BKv » DeffBK
[20:29:31] [Render thread/INFO]: [System] [CHAT] [🥇][ONLY]｢⚡｣ PndxNano » Como es?
[20:29:31] [Render thread/WARN]: Received passengers for unknown entity
[20:29:31] [Render thread/INFO]: [System] [CHAT] [ATR][U] soldiertf2 » xdç
[20:29:32] [Render thread/INFO]: [System] [CHAT] [🥇][ONLY]｢⚡｣ PndxNano » Voy
[20:29:33] [Render thread/INFO]: [System] [CHAT] [][U] Serk » hola Bizz yo quiero una
[20:29:33] [Render thread/INFO]: [System] [CHAT] -------------------[MINELATINO]-------------------
[20:29:33] [Render thread/INFO]: [System] [CHAT]                         www.minelatino.shop
[20:29:33] [Render thread/INFO]: [System] [CHAT] para ser un TOP DONADOR, debes donar más de 100 USD
[20:29:33] [Render thread/INFO]: [System] [CHAT] ------------------------[♥]-----------------------
[20:29:36] [Render thread/WARN]: Received passengers for unknown entity
[20:29:41] [Render thread/WARN]: Received passengers for unknown entity
[20:29:46] [Render thread/INFO]: [System] [CHAT] [Kuro][U] kchachanchos3001 » a
[20:29:46] [Render thread/WARN]: Received passengers for unknown entity
[20:29:51] [Render thread/WARN]: Received passengers for unknown entity
[20:29:51] [Render thread/INFO]: [System] [CHAT] [Kuro][U] Brian200313 » b
[20:29:52] [Render thread/INFO]: [System] [CHAT] [Kuro][U] kchachanchos3001 » tengo mas plata granada DX
[20:29:56] [Render thread/WARN]: Received passengers for unknown entity
[20:30:01] [Render thread/WARN]: Received passengers for unknown entity
[20:30:02] [Render thread/INFO]: [System] [CHAT] [][LATAM][G][I][ ❆ .2025. ❆ ] BizzKun » Serk tp
[20:30:02] [Render thread/INFO]: [System] [CHAT] [Kuro][U] Brian200313 » tengo 1m xd
[20:30:03] [Render thread/INFO]: [System] [CHAT] -----------------[TOP DONADORES]-----------------
[20:30:03] [Render thread/INFO]: [System] [CHAT]           guillepc | XxkronosMK | JuanDaa08 | Luis_nwn
[20:30:03] [Render thread/INFO]: [System] [CHAT]      blithe_kitsune | SoulsWin | Aranyx | OscarSilva011120
[20:30:03] [Render thread/INFO]: [System] [CHAT]          IrvinML7 | Maquino198 | Sofphire | Omega_Dream
[20:30:03] [Render thread/INFO]: [System] [CHAT]    KONANmyi | Kiuminnu | Srfrox | Soltador | FaithfulPanda48
[20:30:03] [Render thread/INFO]: [System] [CHAT] ----------------------[15/21]----------------------
[20:30:06] [Render thread/WARN]: Received passengers for unknown entity
[20:30:09] [Render thread/INFO]: [System] [CHAT] [ATR][U] soldiertf2 » alguien arregla herramientas?
[20:30:11] [Render thread/WARN]: Received passengers for unknown entity
[20:30:16] [Render thread/WARN]: Received passengers for unknown entity
[20:30:21] [Render thread/WARN]: Received passengers for unknown entity
[20:30:24] [Render thread/INFO]: [System] [CHAT] KatStar78 ha muerto por un flechazo de Esqueleto
[20:30:26] [Render thread/WARN]: Received passengers for unknown entity
[20:30:31] [Render thread/WARN]: Received passengers for unknown entity
[20:30:33] [Render thread/INFO]: [System] [CHAT] -------------------[MINELATINO]-------------------
[20:30:33] [Render thread/INFO]: [System] [CHAT]     ¡Vota por el servidor y serás recompensado!
[20:30:33] [Render thread/INFO]: [System] [CHAT]             para votar, solamente debes usar /vote
[20:30:33] [Render thread/INFO]: [System] [CHAT] ------------------------[♥]-----------------------
[20:30:36] [Render thread/WARN]: Received passengers for unknown entity
[20:30:41] [Render thread/INFO]: [System] [CHAT] Hey! Sorry, but you can't PvP here.
[20:30:41] [Render thread/WARN]: Received passengers for unknown entity
[20:30:45] [Render thread/INFO]: [System] [CHAT] [][U] Naranjitia67 » faltan botas
[20:30:46] [Render thread/INFO]: [System] [CHAT] Hey! Sorry, but you can't PvP here.
[20:30:46] [Render thread/WARN]: Received passengers for unknown entity
[20:30:50] [Render thread/INFO]: [System] [CHAT] THIAGE ha muerto por un flechazo de Esqueleto
[20:30:51] [Render thread/WARN]: Received passengers for unknown entity
[20:30:56] [Render thread/WARN]: Received passengers for unknown entity
[20:31:01] [Render thread/INFO]: [System] [CHAT] [][LATAM][G][I][ ❆ .2025. ❆ ] BizzKun » soldiertf2 ponle proteccion
[20:31:01] [Render thread/WARN]: Received passengers for unknown entity
[20:31:01] [Render thread/INFO]: [System] [CHAT] [][U] Shafiff5070 » bueno casi me voy dogui
[20:31:03] [Render thread/INFO]: [System] [CHAT] -----------------[TOP DONADORES]-----------------
[20:31:03] [Render thread/INFO]: [System] [CHAT]     uScoret | Joker_420 | jorge650 | marco724 | hanry22
[20:31:03] [Render thread/INFO]: [System] [CHAT]       Stan_F77 | M4TTyAlz | ANTRONIXGAMER12 | LuciMoon_
[20:31:03] [Render thread/INFO]: [System] [CHAT]      xlVermeil | 1v4nch0 | Aldegraft | MysticEdy | AmirSb21
[20:31:03] [Render thread/INFO]: [System] [CHAT]        Gohan2305 | Rave_Dxrk | FrancoGlz | MacGregory_
[20:31:03] [Render thread/INFO]: [System] [CHAT] ----------------------[11/21]----------------------
[20:31:06] [Render thread/WARN]: Received passengers for unknown entity
[20:31:11] [Render thread/WARN]: Received passengers for unknown entity
[20:31:12] [Render thread/INFO]: [System] [CHAT] [][U] Shafiff5070 » a que horas te conectas
[20:31:12] [Render thread/INFO]: [System] [CHAT] [Kuro][U] Brian200313 » me dan comida xd
[20:31:16] [Render thread/WARN]: Received passengers for unknown entity
[20:31:19] [Render thread/INFO]: [System] [CHAT] [][U] josetl » alguien tiene el hongo marron=
[20:31:20] [Render thread/INFO]: [System] [CHAT] [][U] josetl » ?
[20:31:21] [Render thread/WARN]: Received passengers for unknown entity
[20:31:23] [Render thread/INFO]: [System] [CHAT] [][U] Naranjitia67 » ...
[20:31:23] [Render thread/INFO]: [System] [CHAT] [JRAN][IRON][Luchador] .IsaacA0156 » ajjaajaj
[20:31:26] [Render thread/WARN]: Received passengers for unknown entity
[20:31:29] [Render thread/INFO]: [System] [CHAT] [][U] Naranjitia67 » me humillas .IsaacA0156 :(
[20:31:31] [Render thread/WARN]: Received passengers for unknown entity
[20:31:33] [Render thread/INFO]: [System] [CHAT] -------------------[MINELATINO]-------------------
[20:31:33] [Render thread/INFO]: [System] [CHAT]        ¿Quieres ser staff y ayudar a MineLatino?
[20:31:33] [Render thread/INFO]: [System] [CHAT]          entonces puedes ingresar al siguiente enlace:
[20:31:33] [Render thread/INFO]: [System] [CHAT]                     minelatino.com/postulaciones/
[20:31:33] [Render thread/INFO]: [System] [CHAT]          para saber los pasos a seguir para ser staff
[20:31:33] [Render thread/INFO]: [System] [CHAT] ------------------------[♥]-----------------------
[20:31:35] [Render thread/INFO]: [System] [CHAT] [][U] Naranjitia67 » estas seguro de q me humillas :(
[20:31:36] [Render thread/WARN]: Received passengers for unknown entity
[20:31:36] [Render thread/INFO]: [System] [CHAT] [JRAN][IRON][Luchador] .IsaacA0156 » ÷<÷
[20:31:38] [Render thread/INFO]: [System] [CHAT] [][U] Naranjitia67 » [De Isaac esposo de... (x1)]
[20:31:38] [Render thread/INFO]: [System] [CHAT] [FYA][LATAM+][||✱||2024||✱||] Adriasan » Compro lana marron
[20:31:40] [Render thread/INFO]: [System] [CHAT] [][U] Naranjitia67 » eso no se hace
[20:31:41] [Render thread/WARN]: Received passengers for unknown entity
[20:31:46] [Render thread/WARN]: Received passengers for unknown entity
[20:31:48] [Render thread/INFO]: [System] [CHAT] charmandito ha sido víctima de Araña
[20:31:51] [Render thread/WARN]: Received passengers for unknown entity
[20:31:56] [Render thread/INFO]: [System] [CHAT] [JRAN][IRON][Luchador] .IsaacA0156 » si lo hice =<÷
[20:31:56] [Render thread/WARN]: Received passengers for unknown entity
[20:31:59] [Render thread/INFO]: [System] [CHAT] [][U] Naranjitia67 » porke :(
[20:32:00] [Render thread/INFO]: [System] [CHAT] [][U] Naranjitia67 » me odias
[20:32:01] [Render thread/WARN]: Received passengers for unknown entity
[20:32:03] [Render thread/INFO]: [System] [CHAT] -----------------[TOP DONADORES]-----------------
[20:32:03] [Render thread/INFO]: [System] [CHAT]       XxmicheloxX655 | LCAMluis | SofiaOuO | Blumennkranz
[20:32:03] [Render thread/INFO]: [System] [CHAT]          Luluun_ | xDMNTx | Benjax_master | AgusDroid
[20:32:03] [Render thread/INFO]: [System] [CHAT]       MotoZierra0009 | RichKillers | K4miJou | JuanAnimeYT
[20:32:03] [Render thread/INFO]: [System] [CHAT]         UnknownZero | Hirumast | Beth27 | xBadMistakex
[20:32:03] [Render thread/INFO]: [System] [CHAT] -----------------------[6/21]----------------------
[20:32:03] [Render thread/INFO]: [System] [CHAT] [JRAN][IRON][Luchador] .IsaacA0156 » nop
[20:32:06] [Render thread/WARN]: Received passengers for unknown entity
[20:32:11] [Render thread/WARN]: Received passengers for unknown entity
[20:32:12] [Render thread/INFO]: [System] [CHAT] §6§l ➥ §6✉ (Lui2BleP ▻ YO) » me avisas pa tparme
[20:32:12] [Render thread/INFO]: [System] [CHAT] [JRAN][IRON][Luchador] .IsaacA0156 » no me gusto que te burlaras de ella
[20:32:14] [Render thread/INFO]: [System] [CHAT] [][U] Naranjitia67 » porque lo hicistes,,, :(
[20:32:16] [Render thread/INFO]: [System] [CHAT] [JRAN][IRON][Luchador] .IsaacA0156 » =<=
[20:32:16] [Render thread/WARN]: Received passengers for unknown entity
[20:32:19] [Render thread/INFO]: [System] [CHAT] §6§l ➥ §6✉ (YO ▻ Lui2BleP) » falta un minuto y voy
[20:32:21] [Render thread/WARN]: Received passengers for unknown entity
[20:32:24] [Render thread/INFO]: [System] [CHAT] [][INFINITE] Admon_0 » hola a todos seres cubicos
[20:32:26] [Render thread/WARN]: Received passengers for unknown entity
[20:32:29] [Render thread/INFO]: [System] [CHAT] [][U] FRED_LOL » klk
[20:32:30] [Render thread/INFO]: [System] [CHAT] Paluko ha muerto por un flechazo de Esqueleto
[20:32:31] [Render thread/INFO]: [System] [CHAT] §6§l ➥ §6✉ (YO ▻ .IsaacA0156) » wey
[20:32:31] [Render thread/WARN]: Received passengers for unknown entity
[20:32:33] [Render thread/INFO]: [System] [CHAT] -------------------[MINELATINO]-------------------
[20:32:33] [Render thread/INFO]: [System] [CHAT]                             ¿Sabías qué...
[20:32:33] [Render thread/INFO]: [System] [CHAT]         MineLatino Network se fundó en julio del 2019?
[20:32:33] [Render thread/INFO]: [System] [CHAT] ------------------------[♥]-----------------------
[20:32:33] [Render thread/INFO]: [System] [CHAT] [🥉][URSS]｢⚡｣⌞⛧ |☠| ⛧⌝ Stwartv » ✨ Alguien vende 16 stacks de hormigon??? ✨
[20:32:36] [Render thread/WARN]: Received passengers for unknown entity
[20:32:41] [Render thread/WARN]: Received passengers for unknown entity
[20:32:41] [Render thread/INFO]: [System] [CHAT] [JRAN][IRON][Luchador] .IsaacA0156 » no me gusto que te burlaras de ella =<=
[20:32:43] [Render thread/INFO]: [System] [CHAT] §6§l ➥ §6✉ (YO ▻ .IsaacA0156) » lanzo a algien para abajo de la zona de tortura xD ven
[20:32:44] [Render thread/INFO]: [System] [CHAT] §6§l ➥ §6✉ (.IsaacA0156 ▻ YO) » que
[20:32:45] [Render thread/INFO]: [System] [CHAT] [][U] FRED_LOL » quien tiene tierra que me regale
[20:32:45] [Render thread/INFO]: [System] [CHAT] likanq12 ha explotado por Creeper
[20:32:46] [Render thread/WARN]: Received passengers for unknown entity
[20:32:48] [Render thread/INFO]: [System] [CHAT] Hey! Sorry, but you can't use that here.
[20:32:48] [Render thread/INFO]: [System] [CHAT] [🥉][URSS]｢⚡｣⌞⛧ |☠| ⛧⌝ Stwartv » ✨ Alguien vende 16 stacks de terracota?? ✨
[20:32:48] [Render thread/INFO]: [System] [CHAT] [][U] CONGITO02 » busco trabajo, puedo construir, aplanar, hacer granjas y más
[20:32:49] [Render thread/INFO]: [System] [CHAT]  MINELATINO » ¡DylanimationYT se ha unido a nuestro aventura! Es el jugador (#370,925)
[20:32:49] [Render thread/INFO]: [System] [CHAT] DylanimationYT ha conseguido el progreso [Mejorando herramientas]
[20:32:51] [Render thread/WARN]: Received passengers for unknown entity
[20:32:51] [Render thread/INFO]: [System] [CHAT] §6§l ➥ §6✉ (YO ▻ .IsaacA0156) » abre
[20:32:52] [Render thread/INFO]: [System] [CHAT] FabianSMM ha muerto por un flechazo de Esqueleto
[20:32:53] [Render thread/INFO]: [System] [CHAT] Hey! Sorry, but you can't use that here.
[20:32:56] [Render thread/WARN]: Received passengers for unknown entity
[20:33:01] [Render thread/WARN]: Received passengers for unknown entity
[20:33:03] [Render thread/INFO]: [System] [CHAT] -----------------[TOP DONADORES]-----------------
[20:33:03] [Render thread/INFO]: [System] [CHAT]          ByPaulSG | paul_erick16 | Aleksaurio | nagi_UwU
[20:33:03] [Render thread/INFO]: [System] [CHAT]   xXx_NOVA_xXx | Theluciferpvp | PsyCereso | Ghostspared
[20:33:03] [Render thread/INFO]: [System] [CHAT]    PANDEMART | JuannnCeee | AthaOblen45 | kaykpi | DrKiller
[20:33:03] [Render thread/INFO]: [System] [CHAT]         DiosEnrique1255 | kausho | mixtang | ElReyDelLag
[20:33:03] [Render thread/INFO]: [System] [CHAT] ----------------------[18/21]----------------------
[20:33:06] [Render thread/INFO]: [System] [CHAT] [🥇][ONLY]｢⚡SUPREMO⚡｣[⁺₊⭐₊⁺] Deff_BKv » panda
[20:33:06] [Render thread/WARN]: Received passengers for unknown entity
[20:33:06] [Render thread/INFO]: [System] [CHAT]  MINELATINO » ¡Saliendo de la zona de .IsaacA0156!
[20:33:09] [Render thread/INFO]: [System] [CHAT] [🥇][ONLY]｢⚡｣ PndxNano » Yetz
[20:33:11] [Render thread/WARN]: Received passengers for unknown entity
[20:33:13] [Render thread/INFO]: [System] [CHAT] §6§l ➥ §6✉ (YO ▻ .IsaacA0156) » te cae bien el josetl?
[20:33:13] [Render thread/INFO]: [System] [CHAT]  MINELATINO » ¡Entrando a la zona de .IsaacA0156!
[20:33:15] [Render thread/INFO]: [System] [CHAT] [🥉][URSS]｢⚡｣⌞⛧ |☠| ⛧⌝ Stwartv » ✨ Alguien vende 16 stacks de terracota?? ✨
[20:33:16] [Render thread/INFO]: [System] [CHAT] [🥇][ONLY]｢⚡SUPREMO⚡｣[⁺₊⭐₊⁺] Deff_BKv » ves esto?
[20:33:16] [Render thread/WARN]: Received passengers for unknown entity
[20:33:17] [Render thread/INFO]: [System] [CHAT] [][U] XxFurritoCR » 7spawn
[20:33:17] [Render thread/INFO]: [System] [CHAT]  MINELATINO » ¡Saliendo de la zona de .IsaacA0156!
[20:33:19] [Render thread/INFO]: [System] [CHAT] [][U] FRED_LOL » alguien tiene tierra?
[20:33:21] [Render thread/WARN]: Received passengers for unknown entity
[20:33:22] [Render thread/INFO]: [System] [CHAT] [🥇][ONLY]｢⚡SUPREMO⚡｣[⁺₊⭐₊⁺] Deff_BKv » ponte f3+g
[20:33:22] [Render thread/INFO]: [System] [CHAT] [🥇][ONLY]｢⚡｣ PndxNano » Yetz
[20:33:26] [Render thread/WARN]: Received passengers for unknown entity
[20:33:31] [Render thread/WARN]: Received passengers for unknown entity
[20:33:33] [Render thread/INFO]: [System] [CHAT] [🥇][ONLY]｢⚡｣ PndxNano » Ah la linea morada?
[20:33:33] [Render thread/INFO]: [System] [CHAT] -------------------[MINELATINO]-------------------
[20:33:33] [Render thread/INFO]: [System] [CHAT]                         www.minelatino.shop
[20:33:33] [Render thread/INFO]: [System] [CHAT]                      ¡Aceptamos criptomonedas!
[20:33:33] [Render thread/INFO]: [System] [CHAT] ------------------------[♥]-----------------------
[20:33:35] [Render thread/INFO]: [System] [CHAT] [🥇][ONLY]｢⚡SUPREMO⚡｣[⁺₊⭐₊⁺] Deff_BKv » vez que hay una raya
[20:33:36] [Render thread/WARN]: Received passengers for unknown entity
[20:33:36] [Render thread/INFO]: [System] [CHAT] §6§l ➥ §6✉ (YO ▻ .IsaacA0156) » ??
[20:33:36] [Render thread/INFO]: [System] [CHAT] [🥇][ONLY]｢⚡SUPREMO⚡｣[⁺₊⭐₊⁺] Deff_BKv » asi es
[20:33:37] [Render thread/INFO]: [System] [CHAT] [][U] Saravia7 » vendo shulker de madera palida y cuarzo
[20:33:38] [Render thread/INFO]: [System] [CHAT] [Kuro][U] Brian200313 » ola
[20:33:39] [Render thread/INFO]: [System] [CHAT] [JRAN][IRON][Luchador] .IsaacA0156 » pera que estoy comprando algo
[20:33:41] [Render thread/WARN]: Received passengers for unknown entity
[20:33:43] [Render thread/INFO]: [System] [CHAT] [Null][LATAM+][G] ArreBatao » hola
[20:33:44] [Render thread/INFO]: [System] [CHAT] [][U] Shafiff5070 » se good tu granja con shaders
[20:33:44] [Render thread/INFO]: [System] [CHAT] §6§l ➥ §6✉ (YO ▻ Saravia7) » cuanto el de cuarzo
[20:33:45] [Render thread/INFO]: [System] [CHAT] [Null][LATAM+][G] ArreBatao » esto es tuyo
[20:33:46] [Render thread/INFO]: [System] [CHAT] [JRAN][IRON][Luchador] .IsaacA0156 » pera
[20:33:46] [Render thread/WARN]: Received passengers for unknown entity
[20:33:50] [Render thread/INFO]: [System] [CHAT] [🥇][ONLY]｢⚡SUPREMO⚡｣[⁺₊⭐₊⁺] Deff_BKv » justo ahi quiero que se separen simetricamente posible la granja
[20:33:51] [Render thread/WARN]: Received passengers for unknown entity
[20:33:55] [Render thread/INFO]: [System] [CHAT] [🥇][ONLY]｢⚡｣ PndxNano » Ahh
[20:33:56] [Render thread/INFO]: [System] [CHAT] [🥇][ONLY]｢⚡SUPREMO⚡｣[⁺₊⭐₊⁺] Deff_BKv » para que haya mas mobs
[20:33:56] [Render thread/WARN]: Received passengers for unknown entity
[20:33:57] [Render thread/INFO]: [System] [CHAT] §6§l ➥ §6✉ (Saravia7 ▻ YO) » 35k
[20:33:59] [Render thread/INFO]: [System] [CHAT] §6§l ➥ §6✉ (Lui2BleP ▻ YO) » me avisas pa tparme
[20:34:00] [Render thread/INFO]: [System] [CHAT] [][U] CONGITO02 » busco trabajo, puedo construir, aplanar, hacer granjas y más
[20:34:01] [Render thread/INFO]: [System] [CHAT] Hey! Sorry, but you can't break that block here.
[20:34:01] [Render thread/INFO]: [System] [CHAT] [🥉][URSS]｢⚡｣⌞⛧ |☠| ⛧⌝ Stwartv » ✨ Alguien vende 16 stacks de terracota?? ✨
[20:34:01] [Render thread/WARN]: Received passengers for unknown entity
[20:34:02] [Render thread/INFO]: [System] [CHAT] [🥇][ONLY]｢⚡SUPREMO⚡｣[⁺₊⭐₊⁺] Deff_BKv » te paso el litematica
[20:34:03] [Render thread/INFO]: [System] [CHAT] -----------------[TOP DONADORES]-----------------
[20:34:03] [Render thread/INFO]: [System] [CHAT]            CHAVEZ20 | albino2001 | LoveHaze | Danihell
[20:34:03] [Render thread/INFO]: [System] [CHAT] INSPIREKO1 | iGerber | Dekiller27 | Bostime888 | RickyDeath79
[20:34:03] [Render thread/INFO]: [System] [CHAT]    0nsz | Gusquirtle | Marliton08 | perea78 | Chechocastex
[20:34:03] [Render thread/INFO]: [System] [CHAT]              AKO_RPG | RazorLR | sparduk | TacoGabs
[20:34:03] [Render thread/INFO]: [System] [CHAT] -----------------------[9/21]----------------------
[20:34:05] [Render thread/INFO]: [System] [CHAT]  MINELATINO » ¡Entrando a la zona de .IsaacA0156!
[20:34:05] [Render thread/INFO]: [System] [CHAT] [🥇][ONLY]｢⚡｣ PndxNano » Dale
[20:34:06] [Render thread/WARN]: Received passengers for unknown entity
[20:34:08] [Render thread/INFO]: [System] [CHAT]  MINELATINO » ¡Saliendo de la zona de .IsaacA0156!
[20:34:08] [Render thread/INFO]: [System] [CHAT] [🥇][ONLY]｢⚡SUPREMO⚡｣[⁺₊⭐₊⁺] Deff_BKv » el archivo
[20:34:11] [Render thread/WARN]: Received passengers for unknown entity
[20:34:16] [Render thread/WARN]: Received passengers for unknown entity
[20:34:17] [Render thread/INFO]: [System] [CHAT] [🥇][ONLY]｢⚡｣ PndxNano » Sis
[20:34:21] [Render thread/WARN]: Received passengers for unknown entity
[20:34:21] [Render thread/INFO]: [System] [CHAT] [Kuro][U] Brian200313 » gracias
[20:34:26] [Render thread/INFO]: [System] [CHAT] §6§l ➥ §6✉ (YO ▻ .IsaacA0156) » te cae bien el josetl?
[20:34:26] [Render thread/WARN]: Received passengers for unknown entity
[20:34:28] [Render thread/INFO]: [System] [CHAT]  MINELATINO » ¡Entrando a la zona de .IsaacA0156!
[20:34:28] [Render thread/INFO]: [System] [CHAT] [JRAN][IRON][Luchador] .IsaacA0156 » estoy comprando diamantes
[20:34:31] [Render thread/WARN]: Received passengers for unknown entity
[20:34:31] [Render thread/INFO]: [System] [CHAT] Hey! Sorry, but you can't PvP here.
[20:34:33] [Render thread/INFO]: [System] [CHAT] charmandito ha caído desde muy alto
[20:34:33] [Render thread/INFO]: [System] [CHAT] -------------------[MINELATINO]-------------------
[20:34:33] [Render thread/INFO]: [System] [CHAT]   ¡Evita ser sancionado por usar clientes ilegales!
[20:34:33] [Render thread/INFO]: [System] [CHAT]        minelatino.com/knowledge/todo-sobre-los-clientes
[20:34:33] [Render thread/INFO]: [System] [CHAT]         ¡Descubre que clientes son legales y cuáles no!
[20:34:33] [Render thread/INFO]: [System] [CHAT] ------------------------[♥]-----------------------
[20:34:35] [Render thread/INFO]: [System] [CHAT]  MINELATINO » ¡Saliendo de la zona de .IsaacA0156!
[20:34:36] [Render thread/INFO]: [System] [CHAT] §6§l ➥ §6✉ (.IsaacA0156 ▻ YO) » si
[20:34:36] [Render thread/WARN]: Received passengers for unknown entity
[20:34:39] [Render thread/INFO]: [System] [CHAT] [ATR][U] soldiertf2 » aunque tienes alguna prote?
[20:34:40] [Render thread/INFO]: [System] [CHAT] [FYA][LATAM+][||✱||2024||✱||] Adriasan » Compro lana marron
[20:34:41] [Render thread/WARN]: Received passengers for unknown entity
[20:34:43] [Render thread/INFO]: [System] [CHAT] [ATR][U] soldiertf2 » uy
[20:34:44] [Render thread/INFO]: [System] [CHAT] §6§l ➥ §6✉ (YO ▻ .IsaacA0156) » quien te cae mal para traerlo
[20:34:45] [Render thread/INFO]: [System] [CHAT] [][U] Shafiff5070 » bay a todos dogui
[20:34:46] [Render thread/WARN]: Received passengers for unknown entity
[20:34:50] [Render thread/INFO]: [System] [CHAT] Hey! Sorry, but you can't place that block here.
[20:34:51] [Render thread/WARN]: Received passengers for unknown entity
[20:34:54] [Render thread/INFO]: [System] [CHAT] [Kuro][U] Brian200313 » tienes comida?
[20:34:56] [Render thread/WARN]: Received passengers for unknown entity
[20:34:59] [Render thread/INFO]: [System] [CHAT]  MINELATINO » ¡Entrando a la zona de .IsaacA0156!
[20:35:01] [Render thread/WARN]: Received passengers for unknown entity
[20:35:03] [Render thread/INFO]: [System] [CHAT] -----------------[TOP DONADORES]-----------------
[20:35:03] [Render thread/INFO]: [System] [CHAT]              quim009 | KunPlex | Gonzonzo | TheEdixon
[20:35:03] [Render thread/INFO]: [System] [CHAT] ----------------------[21/21]----------------------
[20:35:04] [Render thread/INFO]: [System] [CHAT] §6§l ➥ §6✉ (.IsaacA0156 ▻ YO) » josetl falsa alarma quiere a alguien qu3 me caiga mal XD
[20:35:06] [Render thread/INFO]: [System] [CHAT] [][U] .Sofia62018 » vendo terreno masomenos grande en zona bonita a 15k
[20:35:06] [Render thread/WARN]: Received passengers for unknown entity
[20:35:08] [Render thread/INFO]: [System] [CHAT] §6§l ➥ §6✉ (YO ▻ .IsaacA0156) » dame 1 bloque xd
[20:35:10] [Render thread/INFO]: [System] [CHAT] §6§l ➥ §6✉ (Saravia7 ▻ YO) » hasta 30k te la puedo bajar pero mas de eso no
[20:35:11] [Render thread/INFO]: [System] [CHAT] THIAGE ha conseguido el progreso [Vístete]
[20:35:11] [Render thread/WARN]: Received passengers for unknown entity
[20:35:16] [Render thread/WARN]: Received passengers for unknown entity
[20:35:16] [Render thread/INFO]: [System] [CHAT] KatStar78 ha conseguido el progreso [La Edad de Hierro]
[20:35:17] [Render thread/INFO]: [System] [CHAT] §6§l ➥ §6✉ (YO ▻ Saravia7) » bloques o mineral
[20:35:19] [Render thread/INFO]: [System] [CHAT] Fran_ruz ha sido víctima de Zombi
[20:35:21] [Render thread/INFO]: [System] [CHAT] §6§l ➥ §6✉ (YO ▻ Saravia7) » dame ese bloque
[20:35:21] [Render thread/WARN]: Received passengers for unknown entity
[20:35:26] [Render thread/WARN]: Received passengers for unknown entity
[20:35:26] [Render thread/INFO]: [System] [CHAT] [][IRON]｢!༻ʀᴏᴍᴇᴏ༺!｣ kurotsuno5 » alguien quiere un monumento oceanico medio dragado?
[20:35:28] [Render thread/INFO]: [System] [CHAT] §6§l ➥ §6✉ (Saravia7 ▻ YO) » mineral
[20:35:31] [Render thread/INFO]: [System] [CHAT] §6§l ➥ §6✉ (YO ▻ .IsaacA0156) » dame el bloque q pisas es facil de minar
[20:35:31] [Render thread/WARN]: Received passengers for unknown entity
[20:35:33] [Render thread/INFO]: [System] [CHAT] -------------------[MINELATINO]-------------------
[20:35:33] [Render thread/INFO]: [System] [CHAT]                         www.minelatino.shop
[20:35:33] [Render thread/INFO]: [System] [CHAT]           ¡Rangos, picos, espadas, dinero & mucho más!
[20:35:33] [Render thread/INFO]: [System] [CHAT] ------------------------[♥]-----------------------
[20:35:36] [Render thread/WARN]: Received passengers for unknown entity
[20:35:37] [Render thread/INFO]: [System] [CHAT] [][U] josetl » ola
[20:35:41] [Render thread/WARN]: Received passengers for unknown entity
[20:35:42] [Render thread/INFO]: [System] [CHAT] [][U] .Sofia62018 » ola
[20:35:43] [Render thread/INFO]: [System] [CHAT]  MINELATINO » ¡Saliendo de la zona de .IsaacA0156!
[20:35:46] [Render thread/WARN]: Received passengers for unknown entity
[20:35:47] [Render thread/INFO]: [System] [CHAT] [][U] josetl » solo vine de paseo
[20:35:50] [Render thread/INFO]: [System] [CHAT] §6§l ➥ §6✉ (YO ▻ Saravia7) » pica eso
[20:35:51] [Render thread/WARN]: Received passengers for unknown entity
[20:35:53] [Render thread/INFO]: [System] [CHAT] [JRAN][IRON][Luchador] .IsaacA0156 » pues auien me caiga mal..
[20:35:54] [Render thread/INFO]: [System] [CHAT] §6§l ➥ §6✉ (YO ▻ .IsaacA0156) » pica eso
[20:35:56] [Render thread/WARN]: Received passengers for unknown entity
[20:35:57] [Render thread/INFO]: [System] [CHAT] The_King_Darknes ha alcanzado el objetivo [Pincho moruno]
[20:35:58] [Render thread/INFO]: [System] [CHAT]  MINELATINO » ¡Entrando a la zona de .IsaacA0156!
[20:35:59] [Render thread/INFO]: [System] [CHAT]  MINELATINO » ¡Saliendo de la zona de .IsaacA0156!
[20:36:01] [Render thread/WARN]: Received passengers for unknown entity
[20:36:03] [Render thread/INFO]: [System] [CHAT] -----------------[TOP DONADORES]-----------------
[20:36:03] [Render thread/INFO]: [System] [CHAT]     EPIT21 | DrScott18 | _Nighteye | Leslik4rina | Azkurbal
[20:36:03] [Render thread/INFO]: [System] [CHAT]   JEDEFA | mashin | 4rtur0000_2004 | PietroPVLM | Blackweb
[20:36:03] [Render thread/INFO]: [System] [CHAT]      Andriu05 | IEMEI | TheGhostlyPirate | iMayco | Baccus
[20:36:03] [Render thread/INFO]: [System] [CHAT]   ANGELYT1617 | LimonsitoConRon | maikelCraft7w7 | ElKrakos
[20:36:03] [Render thread/INFO]: [System] [CHAT] ----------------------[16/21]----------------------
[20:36:05] [Render thread/INFO]: [System] [CHAT] Hey! Sorry, but you can't change that here.
[20:36:05] [Render thread/INFO]: [STDOUT]: Restocking Totem
[20:36:05] [Render thread/INFO]: [System] [CHAT] .IsaacA0156 ha explotado por Naranjitia67 usando [sniper]
[20:36:06] [Render thread/INFO]: [System] [CHAT]  MINELATINO » ¡Entrando a la zona de .IsaacA0156!
[20:36:06] [Render thread/WARN]: Received passengers for unknown entity
[20:36:07] [Render thread/INFO]: [System] [CHAT]  MINELATINO » ¡Saliendo de la zona de .IsaacA0156!
[20:36:08] [Render thread/INFO]: [System] [CHAT] 777dogui777 ha conseguido el progreso [¡Menudo ofertón!]
[20:36:10] [Render thread/INFO]: [System] [CHAT] [FYA][LATAM+][||✱||2024||✱||] Adriasan » mh
[20:36:11] [Render thread/WARN]: Received passengers for unknown entity
[20:36:12] [Render thread/INFO]: [System] [CHAT] [][U] Naranjitia67 » isac por humillarme :(
[20:36:12] [Render thread/INFO]: [System] [CHAT]  MINELATINO » ¡Entrando a la zona de .IsaacA0156!
[20:36:16] [Render thread/WARN]: Received passengers for unknown entity
[20:36:19] [Render thread/INFO]: [System] [CHAT] [FYA][LATAM+][||✱||2024||✱||] Adriasan » nou
[20:36:19] [Render thread/INFO]: [System] [CHAT] [][U] .Sofia62018 » pobrecito isaac
[20:36:20] [Render thread/INFO]: [System] [CHAT]  MINELATINO » ✔ Teletransportando a la protección ps68102x80y-74506z en 3 segundos, no te muevas.
[20:36:21] [Render thread/INFO]: [System] [CHAT] [JRAN][IRON][Luchador] .IsaacA0156 » mala gente
[20:36:21] [Render thread/WARN]: Received passengers for unknown entity
[20:36:23] [Render thread/INFO]: [System] [CHAT]  MINELATINO » ¡Saliendo de la zona de .IsaacA0156!
[20:36:23] [Render thread/INFO]: [System] [CHAT]  MINELATINO » ¡Entrando a la zona de Martinaaa16!
[20:36:23] [Render thread/INFO]: Starting [1] Placement Manager Daemon threads
[20:36:23] [Render thread/INFO]: [System] [CHAT]  MINELATINO » ✔ Teletransportado a la protección ps68102x80y-74506z
[20:36:24] [Render thread/INFO]: [System] [CHAT] [Null][LATAM+][G] ArreBatao » ven
[20:36:26] [Render thread/WARN]: Received passengers for unknown entity
[20:36:30] [Render thread/INFO]: [System] [CHAT] §6§l ➥ §6✉ (YO ▻ Lui2BleP) » listo ya puedes venir
[20:36:31] [Render thread/WARN]: Received passengers for unknown entity
[20:36:33] [Render thread/INFO]: [System] [CHAT] -------------------[MINELATINO]-------------------
[20:36:33] [Render thread/INFO]: [System] [CHAT] [LATAM+] Naranjitia67 » ¡Que bien me queda el LATAM+!
[20:36:33] [Render thread/INFO]: [System] [CHAT]           Si te gusta como se ve, puedes comprarlo en
[20:36:33] [Render thread/INFO]: [System] [CHAT]                            www.minelatino.shop
[20:36:33] [Render thread/INFO]: [System] [CHAT] ------------------------[♥]-----------------------
[20:36:36] [Render thread/WARN]: Received passengers for unknown entity
[20:36:41] [Render thread/WARN]: Received passengers for unknown entity
[20:36:46] [Render thread/WARN]: Received passengers for unknown entity
[20:36:47] [Render thread/INFO]: [System] [CHAT] [][U] Naranjitia67 » isac nunca olvidare la humillacion q me hicistes..
[20:36:50] [Render thread/INFO]: [System] [CHAT] [][U] .Sofia62018 » que haces
[20:36:51] [Render thread/INFO]: [System] [CHAT] Fran_ruz ha sido víctima de Zombi
[20:36:51] [Render thread/WARN]: Received passengers for unknown entity
[20:36:52] [Render thread/INFO]: [System] [CHAT] [][U] josetl » xd
[20:36:55] [Render thread/INFO]: [System] [CHAT] [][U] Naranjitia67 » te casastes conmigo y me cambias por pokki
[20:36:56] [Render thread/WARN]: Received passengers for unknown entity
[20:36:57] [Render thread/INFO]: [System] [CHAT] [FYA][LATAM+][||✱||2024||✱||] Adriasan » lee
[20:36:59] [Render thread/INFO]: [System] [CHAT] vino_gato ha intentado nadar en lava
[20:37:00] [Render thread/INFO]: [System] [CHAT] §6§l ➥ §6✉ (.IsaacA0156 ▻ YO) » me vengare
[20:37:01] [Render thread/WARN]: Received passengers for unknown entity
[20:37:02] [Render thread/INFO]: [System] [CHAT] [FYA][LATAM+][||✱||2024||✱||] Adriasan » jaja
[20:37:03] [Render thread/INFO]: [System] [CHAT] -----------------[TOP DONADORES]-----------------
[20:37:03] [Render thread/INFO]: [System] [CHAT]          Theone | xFighterS2 | srgamerx | NiicoElMaquina
[20:37:03] [Render thread/INFO]: [System] [CHAT]         Canales_154 | Mezar7513 | WxrLalo | xXwomanXx
[20:37:03] [Render thread/INFO]: [System] [CHAT]    EltripaZeka | Diandita | whos_rvbnn | Rodribecl | prieto34
[20:37:03] [Render thread/INFO]: [System] [CHAT]      CapitanPichula | 25baaaaammm | GobackCL | Berkshiire
[20:37:03] [Render thread/INFO]: [System] [CHAT] ----------------------[12/21]----------------------
[20:37:04] [Render thread/INFO]: [System] [CHAT] §6§l ➥ §6✉ (YO ▻ .IsaacA0156) » pvp?
[20:37:06] [Render thread/WARN]: Received passengers for unknown entity
[20:37:09] [Render thread/INFO]: [System] [CHAT] [][U] josetl » dime .IsaacA0156
[20:37:11] [Render thread/INFO]: [System] [CHAT] §6§l ➥ §6✉ (Lui2BleP ▻ YO) » me avisas pa tparme
[20:37:11] [Render thread/WARN]: Received passengers for unknown entity
[20:37:13] [Render thread/INFO]: [System] [CHAT] §6§l ➥ §6✉ (YO ▻ .LEODEER231212) » ya estoy
[20:37:16] [Render thread/WARN]: Received passengers for unknown entity
[20:37:17] [Render thread/INFO]: [System] [CHAT] §6§l ➥ §6✉ (YO ▻ Lui2BleP) » ya estoy
[20:37:21] [Render thread/WARN]: Received passengers for unknown entity
[20:37:26] [Render thread/WARN]: Received passengers for unknown entity
[20:37:26] [Render thread/INFO]: [System] [CHAT] [][GOLD] Sp4wn665 » t/pv
[20:37:27] [Render thread/INFO]: [System] [CHAT] -------------------------------------------------
[20:37:27] [Render thread/INFO]: [System] [CHAT] ➥ El jugador melonlon acaba de votar por el
[20:37:27] [Render thread/INFO]: [System] [CHAT] ➥ servidor y ha ganado increíbles cosas ♥
[20:37:27] [Render thread/INFO]: [System] [CHAT] ➥ Si también quieres ganar, usa /vote
[20:37:27] [Render thread/INFO]: [System] [CHAT] -------------------------------------------------
[20:37:31] [Render thread/INFO]: [System] [CHAT]  MINELATINO » Lui2BleP ha pedido teletransportarse hacia a ti
[20:37:31] [Render thread/INFO]: [System] [CHAT]  ✔ Escribe /tpaccept para aceptar el teletransporte.
[20:37:31] [Render thread/INFO]: [System] [CHAT]  ❌ Escribe /tpdeny, para denegar el teletransporte.
[20:37:31] [Render thread/INFO]: [System] [CHAT]  ⌚ La solicitud será cancelada en 120 segundos; no aceptes peticiones de desconocidos.
[20:37:31] [Render thread/WARN]: Received passengers for unknown entity
[20:37:31] [Render thread/INFO]: [System] [CHAT] [][U] melonlon » .vote
[20:37:33] [Render thread/INFO]: [System] [CHAT] -------------------[MINELATINO]-------------------
[20:37:33] [Render thread/INFO]: [System] [CHAT]                       discord.minelatino.com
[20:37:33] [Render thread/INFO]: [System] [CHAT]                ¡No te pierdas ninguna actualización!
[20:37:33] [Render thread/INFO]: [System] [CHAT] ------------------------[♥]-----------------------
[20:37:33] [Render thread/INFO]: [System] [CHAT] §6§l ➥ §6✉ (YO ▻ .IsaacA0156) » por nuv
[20:37:35] [Render thread/INFO]: [System] [CHAT]  MINELATINO » Petición de teletransporte aceptada.
[20:37:36] [Render thread/WARN]: Received passengers for unknown entity
[20:37:38] [Render thread/INFO]: [System] [CHAT] [][INFINITE]｢!༺˚ʚ❤ɞ˚༻!｣ Vladimir065 » alguien vende cuero o libros xd
[20:37:39] [Render thread/INFO]: [System] [CHAT] [Null][LATAM+][G] ArreBatao » :3
[20:37:41] [Render thread/WARN]: Received passengers for unknown entity
[20:37:45] [Render thread/INFO]: [System] [CHAT] [FYA][LATAM+][||✱||2024||✱||] Adriasan » Compro lana marron
[20:37:46] [Render thread/WARN]: Received passengers for unknown entity
[20:37:50] [Render thread/INFO]: [System] [CHAT] §6§l ➥ §6✉ (YO ▻ Lui2BleP) » que molde quiere?
[20:37:51] [Render thread/WARN]: Received passengers for unknown entity
[20:37:56] [Render thread/WARN]: Received passengers for unknown entity
[20:38:01] [Render thread/WARN]: Received passengers for unknown entity
[20:38:02] [Render thread/INFO]: Loaded 734 advancements
[20:38:03] [Render thread/INFO]: [System] [CHAT] -----------------[TOP DONADORES]-----------------
[20:38:03] [Render thread/INFO]: [System] [CHAT]         MrTaquitoMC | IPeluchito | Loler_Over | soymemox
[20:38:03] [Render thread/INFO]: [System] [CHAT]    Fredy_Graces | GerardLG74 | merlindeplay | Nicoestobar
[20:38:03] [Render thread/INFO]: [System] [CHAT]             benja893 | H4CK3110 | JUANZZY | Ferlantz
[20:38:03] [Render thread/INFO]: [System] [CHAT]            Kamn001 | Jorgemili0 | TheGolemKidd | Touzh
[20:38:03] [Render thread/INFO]: [System] [CHAT] -----------------------[2/21]----------------------
[20:38:04] [Render thread/INFO]: [System] [CHAT] [67][LATAM+][I] AroIsPro » gente cloaker115 me hizo tpak-
[20:38:06] [Render thread/WARN]: Received passengers for unknown entity
[20:38:07] [Render thread/INFO]: [System] [CHAT] §6§l ➥ §6✉ (YO ▻ Lui2BleP) » cuantos?
[20:38:08] [Render thread/INFO]: [System] [CHAT] [FYA][LATAM+][||✱||2024||✱||] Adriasan » D:
[20:38:11] [Render thread/WARN]: Received passengers for unknown entity
[20:38:13] [Render thread/INFO]: [System] [CHAT] [][U] bautistaeche5 » aaa
[20:38:14] [Render thread/INFO]: [System] [CHAT] [][U] Mexicano_Devv » hola
[20:38:16] [Render thread/INFO]: [System] [CHAT] [][U] bautistaeche5 » me asuste
[20:38:16] [Render thread/WARN]: Received passengers for unknown entity
[20:38:21] [Render thread/WARN]: Received passengers for unknown entity
[20:38:21] [Render thread/INFO]: [System] [CHAT] [][IRON] Cloaker115 » me estan difamando
[20:38:22] [Render thread/INFO]: [System] [CHAT] §6§l ➥ §6✉ (Lui2BleP ▻ YO) » igual 4
[20:38:26] [Render thread/INFO]: [System] [CHAT] §6§l ➥ §6✉ (YO ▻ Lui2BleP) » pague son 8k :D
[20:38:26] [Render thread/WARN]: Received passengers for unknown entity
[20:38:28] [Render thread/INFO]: [System] [CHAT] [67][LATAM+][I] AroIsPro » Jajaja
[20:38:31] [Render thread/WARN]: Received passengers for unknown entity
[20:38:31] [Render thread/INFO]: [System] [CHAT] §6§l ➥ §6✉ (Lui2BleP ▻ YO) » tienes polvo de cuarzo
[20:38:32] [Render thread/INFO]: [System] [CHAT] §6§l ➥ §6✉ (.IsaacA0156 ▻ YO) » no entres
[20:38:33] [Render thread/INFO]: [System] [CHAT] -------------------[MINELATINO]-------------------
[20:38:33] [Render thread/INFO]: [System] [CHAT]      ¿Quieres saber los beneficios de los rangos?
[20:38:33] [Render thread/INFO]: [System] [CHAT]       entonces usa el comando /beneficios para saberlo
[20:38:33] [Render thread/INFO]: [System] [CHAT] ------------------------[♥]-----------------------
[20:38:36] [Render thread/WARN]: Received passengers for unknown entity
[20:38:37] [Render thread/INFO]: [System] [CHAT] [][INFINITE] Admon_0 » alguien posee el encantamiento de reparacion que m epueda vender?
[20:38:38] [Render thread/INFO]: [System] [CHAT] [Kuro][INFINITE][L] Malthael88 » cuanto pagas Adriansan
[20:38:38] [Render thread/INFO]: [System] [CHAT] §6§l ➥ §6✉ (YO ▻ .IsaacA0156) » xD gracias
[20:38:38] [Render thread/INFO]: [System] [CHAT] [][IRON] Cloaker115 » dejen de mandar tp
[20:38:39] [Render thread/INFO]: [System] [CHAT] -------------------------------------------------
[20:38:39] [Render thread/INFO]: [System] [CHAT] ➥ El jugador melonlon acaba de votar por el
[20:38:39] [Render thread/INFO]: [System] [CHAT] ➥ servidor y ha ganado increíbles cosas ♥
[20:38:39] [Render thread/INFO]: [System] [CHAT] ➥ Si también quieres ganar, usa /vote
[20:38:39] [Render thread/INFO]: [System] [CHAT] -------------------------------------------------
[20:38:41] [Render thread/WARN]: Received passengers for unknown entity
[20:38:42] [Render thread/INFO]: [System] [CHAT] §6§l ➥ §6✉ (YO ▻ Lui2BleP) » si
[20:38:42] [Render thread/INFO]: [System] [CHAT] Emip65t_Y ha explotado por Creeper
[20:38:43] [Render thread/INFO]: [System] [CHAT] Zombi ha tirado a Joee25 desde muy alto
[20:38:46] [Render thread/WARN]: Received passengers for unknown entity
[20:38:46] [Render thread/INFO]: [System] [CHAT] Brian200313 ha caído desde muy alto
[20:38:51] [Render thread/WARN]: Received passengers for unknown entity
[20:38:53] [Render thread/INFO]: [System] [CHAT] Dinero de Lui2BleP : $88,401.05
[20:38:56] [Render thread/WARN]: Received passengers for unknown entity
[20:38:56] [Render thread/INFO]: [System] [CHAT] §6§l ➥ §6✉ (Lui2BleP ▻ YO) » me rotas de eso
[20:39:01] [Render thread/INFO]: [System] [CHAT] §6§l ➥ §6✉ (YO ▻ Lui2BleP) » si
[20:39:01] [Render thread/WARN]: Received passengers for unknown entity
[20:39:03] [Render thread/INFO]: [System] [CHAT] -----------------[TOP DONADORES]-----------------
[20:39:03] [Render thread/INFO]: [System] [CHAT]          Pikachu08t | Morita18_ | ladybug | iKenshLuffy_
[20:39:03] [Render thread/INFO]: [System] [CHAT]   Amanda555555555 | InmortalSushy | Mediated4816 | Gatus
[20:39:03] [Render thread/INFO]: [System] [CHAT]      Aitore98 | azm | Chenchiito | NCOFUENTES | BryannnXD
[20:39:03] [Render thread/INFO]: [System] [CHAT]             Darkpl4y | Skvbo | sniperwolf10 | CHAVEZ20
[20:39:03] [Render thread/INFO]: [System] [CHAT] -----------------------[8/21]----------------------
[20:39:06] [Render thread/WARN]: Received passengers for unknown entity
[20:39:07] [Render thread/INFO]: [System] [CHAT]  MINELATINO » ¡8.0K, han sido recibidos de Lui2BleP!
[20:39:07] [Render thread/INFO]: [System] [CHAT]  MINELATINO » ¡Se han agregado $8,000 a tu cuenta!
[20:39:08] [Render thread/INFO]: [System] [CHAT] Serk ha conseguido el progreso [¿Desafío? ¡Aceptado!]
[20:39:11] [Render thread/WARN]: Received passengers for unknown entity
[20:39:16] [Render thread/INFO]: [System] [CHAT] ianzaballaYETS2 ha sido víctima de Zombi
[20:39:16] [Render thread/INFO]: [System] [CHAT] §6§l ➥ §6✉ (Lui2BleP ▻ YO) » ya te mande
[20:39:16] [Render thread/WARN]: Received passengers for unknown entity
[20:39:21] [Render thread/INFO]: [System] [CHAT] [🥉][URSS]｢⚡｣⌞⛧ |☠| ⛧⌝ Stwartv » ✨ Compro 16 stacks de terracota ✨
[20:39:21] [Render thread/WARN]: Received passengers for unknown entity
[20:39:26] [Render thread/WARN]: Received passengers for unknown entity
[20:39:29] [Render thread/INFO]: [System] [CHAT] §6§l ➥ §6✉ (YO ▻ Lui2BleP) » cuanto cuarzo quieres?
[20:39:29] [Render thread/INFO]: [System] [CHAT] -------------------------------------------------
[20:39:29] [Render thread/INFO]: [System] [CHAT] ➥ El jugador melonlon acaba de votar por el
[20:39:29] [Render thread/INFO]: [System] [CHAT] ➥ servidor y ha ganado increíbles cosas ♥
[20:39:29] [Render thread/INFO]: [System] [CHAT] ➥ Si también quieres ganar, usa /vote
[20:39:29] [Render thread/INFO]: [System] [CHAT] -------------------------------------------------
[20:39:31] [Render thread/WARN]: Received passengers for unknown entity
[20:39:33] [Render thread/INFO]: [System] [CHAT] -------------------[MINELATINO]-------------------
[20:39:33] [Render thread/INFO]: [System] [CHAT]                ¡250.000 sanciones realizadas!
[20:39:33] [Render thread/INFO]: [System] [CHAT]               así que, por favor, no uses hacks =(
[20:39:33] [Render thread/INFO]: [System] [CHAT] ------------------------[♥]-----------------------
[20:39:35] [Render thread/INFO]: [System] [CHAT] [][LATAM][G][I][ ❆ .2025. ❆ ] BizzKun » cuanto das stwart
[20:39:36] [Render thread/WARN]: Received passengers for unknown entity
[20:39:37] [Render thread/INFO]: [System] [CHAT] [][U] Mexicano_Devv » gracias
[20:39:37] [Render thread/INFO]: [System] [CHAT] [🥇][ONLY]｢⚡SUPREMO⚡｣[⁺₊⭐₊⁺] Deff_BKv » se lo robe a alguien
[20:39:41] [Render thread/WARN]: Received passengers for unknown entity
[20:39:41] [Render thread/INFO]: [System] [CHAT] [🥇][ONLY]｢⚡SUPREMO⚡｣[⁺₊⭐₊⁺] Deff_BKv » ejem gonzo
[20:39:46] [Render thread/INFO]: [System] [CHAT] [][U] josetl » tpeeate p Naranjitia67
[20:39:46] [Render thread/INFO]: [System] [CHAT] [🥇][ONLY]｢⚡｣ PndxNano » Ja
[20:39:46] [Render thread/WARN]: Received passengers for unknown entity
[20:39:48] [Render thread/INFO]: [System] [CHAT] [][U]｢ᴄᴜᴘɪᴅᴏ｣ JoycieH » Samuel_Silvio
[20:39:51] [Render thread/WARN]: Received passengers for unknown entity
[20:39:51] [Render thread/INFO]: [System] [CHAT] [][U] Naranjitia67 » q quieres josetl?
[20:39:53] [Render thread/INFO]: [System] [CHAT] [PEK1][INFINITE][D][G]｢!༻ʀᴏᴍᴇᴏ༺!｣ Chatooo » quien tiene 20 librerias
[20:39:53] [Render thread/INFO]: [System] [CHAT] [🥇][ONLY]｢⚡｣ PndxNano » Ando viendo pq no le entiendo al modelo JAJAJ
[20:39:53] [Render thread/INFO]: [System] [CHAT] §6§l ➥ §6✉ (Lui2BleP ▻ YO) » 2 pa un diseño de armadura que vi con hierro
[20:39:55] [Render thread/INFO]: [System] [CHAT] [PEK1][INFINITE][D][G]｢!༻ʀᴏᴍᴇᴏ༺!｣ Chatooo » que me pueda dar pls
[20:39:56] [Render thread/WARN]: Received passengers for unknown entity
[20:39:56] [Render thread/INFO]: [System] [CHAT] [][U] josetl » un abrazo tuyo
[20:39:56] [Render thread/INFO]: [System] [CHAT] [🥇][ONLY]｢⚡SUPREMO⚡｣[⁺₊⭐₊⁺] Deff_BKv » la cosa es que el lo tenia en una cueva
[20:40:01] [Render thread/WARN]: Received passengers for unknown entity
[20:40:02] [Render thread/INFO]: [System] [CHAT] [🥇][ONLY]｢⚡SUPREMO⚡｣[⁺₊⭐₊⁺] Deff_BKv » por eso hay piedra profunda
[20:40:02] [Render thread/INFO]: [System] [CHAT] [][U] CONGITO02 » t regalo ese poco mientras
[20:40:03] [Render thread/INFO]: [System] [CHAT] -----------------[TOP DONADORES]-----------------
[20:40:03] [Render thread/INFO]: [System] [CHAT]     Tomas244 | Bry00v | Kronos0820 | romeo2103 | MiniDolly
[20:40:03] [Render thread/INFO]: [System] [CHAT]      RasGrimm | TheNazz_ | johanel | Jp_xp215 | Fenizzz34
[20:40:03] [Render thread/INFO]: [System] [CHAT]   Valdes_14 | Enderoeo | AndrezzGG | Dr4k0_TD | Ghenox19
[20:40:03] [Render thread/INFO]: [System] [CHAT]       Klawdioss | Zero_666 | Rollmaster_ | HolaYoSoyAlexx
[20:40:03] [Render thread/INFO]: [System] [CHAT] ----------------------[19/21]----------------------
[20:40:06] [Render thread/INFO]: [System] [CHAT] [][U] CONGITO02 » voy a buscar
[20:40:06] [Render thread/WARN]: Received passengers for unknown entity
[20:40:07] [Render thread/INFO]: [System] [CHAT] [][U] Naranjitia67 » ok espera ya voy josetl
[20:40:08] [Render thread/INFO]: [System] [CHAT] [][LATAM][G][I][ ❆ .2025. ❆ ] BizzKun » cuanto das stwart
[20:40:09] [Render thread/INFO]: [System] [CHAT] §6§l ➥ §6✉ (Lui2BleP ▻ YO) » fino
[20:40:11] [Render thread/WARN]: Received passengers for unknown entity
[20:40:11] [Render thread/INFO]: [System] [CHAT] [🥇][ONLY]｢⚡｣ PndxNano » Ahh
[20:40:12] [Render thread/INFO]: [System] [CHAT] [][INFINITE]｢!༺˚ʚ❤ɞ˚༻!｣ Vladimir065 » alguien vende cuero o libros xd
[20:40:16] [Render thread/WARN]: Received passengers for unknown entity
[20:40:17] [Render thread/INFO]: [System] [CHAT] [][U] CONGITO02 » si todavía necesitás t vendo
[20:40:21] [Render thread/WARN]: Received passengers for unknown entity
[20:40:22] [Render thread/INFO]: [System] [CHAT]  MINELATINO » ¡La petición ha sido enviada a josetl!
[20:40:24] [Render thread/INFO]: [System] [CHAT] [][U] CONGITO02 » pero en un rato
[20:40:25] [Render thread/INFO]: [System] [CHAT] [🥇][ONLY]｢⚡SUPREMO⚡｣[⁺₊⭐₊⁺] Deff_BKv » y como lo tenia cerrado
[20:40:26] [Render thread/WARN]: Received passengers for unknown entity
[20:40:27] [Render thread/INFO]: [System] [CHAT] [][IRON] Cloaker115 » Como me difama este sin verguenza
[20:40:28] [Render thread/INFO]: [System] [CHAT]  MINELATINO » ¡josetl ha aceptado tu teletransportación!
[20:40:28] [Render thread/INFO]: [System] [CHAT]  MINELATINO » ¡Teletransportándose a josetl!
[20:40:28] [Render thread/INFO]: [System] [CHAT]  MINELATINO » El teletransporte comenzará en 3 segundos. Por favor, no te muevas.
[20:40:29] [Render thread/INFO]: [System] [CHAT] [][U]｢ᴄᴜᴘɪᴅᴏ｣ JoycieH » no acepten tp de Naranjitia67 roba cosas y mata
[20:40:29] [Render thread/INFO]: [System] [CHAT] [🥇][ONLY]｢⚡SUPREMO⚡｣[⁺₊⭐₊⁺] Deff_BKv » por eso tambien hay vidrio
[20:40:31] [Render thread/INFO]: [System] [CHAT] [][U]｢ᴄᴜᴘɪᴅᴏ｣ JoycieH » no acepten tp de Naranjitia67 roba cosas y mata
[20:40:31] [Render thread/WARN]: Received passengers for unknown entity
[20:40:31] [Render thread/INFO]: [System] [CHAT] [][U] Naranjitia67 » q quieres josetl para que quieres q te envie tp
[20:40:31] [Render thread/INFO]: [System] [CHAT]  MINELATINO » Teletransportando...
[20:40:31] [Render thread/INFO]: [System] [CHAT]  MINELATINO » ¡Saliendo de la zona de Martinaaa16!
[20:40:31] [Render thread/INFO]: Starting [1] Placement Manager Daemon threads
[20:40:33] [Render thread/INFO]: [System] [CHAT] [][U]｢ᴄᴜᴘɪᴅᴏ｣ JoycieH » no acepten tp de Naranjitia67 roba cosas y mata
[20:40:33] [Render thread/INFO]: [System] [CHAT] -------------------[MINELATINO]-------------------
[20:40:33] [Render thread/INFO]: [System] [CHAT]       ¿Hackers, jugadores tóxicos o problemas?
[20:40:33] [Render thread/INFO]: [System] [CHAT]      usa /report y el staff de turno entrará en acción
[20:40:33] [Render thread/INFO]: [System] [CHAT] ------------------------[♥]-----------------------
[20:40:33] [Render thread/INFO]: [System] [CHAT] [🥇][ONLY]｢⚡｣ PndxNano » Sisi se copio todo
[20:40:35] [Render thread/INFO]: [System] [CHAT] [][U]｢ᴄᴜᴘɪᴅᴏ｣ JoycieH » no acepten tp de Naranjitia67 roba cosas y mata
[20:40:36] [Render thread/WARN]: Received passengers for unknown entity
[20:40:36] [Render thread/INFO]: [System] [CHAT] [][U] josetl » XD
[20:40:41] [Render thread/WARN]: Received passengers for unknown entity
[20:40:41] [Render thread/INFO]: [System] [CHAT] [PEK1][INFINITE][D][G]｢!༻ʀᴏᴍᴇᴏ༺!｣ Chatooo » quien vende librerias
[20:40:45] [Render thread/INFO]: [System] [CHAT] [🥇][ONLY]｢⚡SUPREMO⚡｣[⁺₊⭐₊⁺] Deff_BKv » si, se lo robe descaradamente
[20:40:45] [Render thread/INFO]: [System] [CHAT] [JRAN][IRON][Luchador] .IsaacA0156 » XD
[20:40:45] [Render thread/INFO]: [System] [CHAT] [][U] Naranjitia67 » q paso josetl?
[20:40:46] [Render thread/WARN]: Received passengers for unknown entity
[20:40:48] [Render thread/INFO]: [System] [CHAT] .Sofia62018 ha conseguido el progreso [Un asunto escamoso]
[20:40:48] [Render thread/INFO]: [System] [CHAT]  MINELATINO » ¡La petición ha sido enviada a josetl!
[20:40:50] [Render thread/INFO]: [System] [CHAT] [🥉][URSS]｢⚡｣⌞⛧ |☠| ⛧⌝ Stwartv » ✨ Compro 16 stacks de terracota /msg ✨
[20:40:51] [Render thread/WARN]: Received passengers for unknown entity
[20:40:53] [Render thread/INFO]: [System] [CHAT] [🥇][ONLY]｢⚡SUPREMO⚡｣[⁺₊⭐₊⁺] Deff_BKv » pero ya me dio permiso :>
[20:40:56] [Render thread/WARN]: Received passengers for unknown entity
[20:41:01] [Render thread/WARN]: Received passengers for unknown entity
[20:41:03] [Render thread/INFO]: [System] [CHAT] -----------------[TOP DONADORES]-----------------
[20:41:03] [Render thread/INFO]: [System] [CHAT]               MiiLis | Lum12345h | Myta39 | CMJBS456
[20:41:03] [Render thread/INFO]: [System] [CHAT]             michael18 | AntooMeow | Stremo | Rramboo
[20:41:03] [Render thread/INFO]: [System] [CHAT]    MonsterWaffle7w7 | R2ZwieDK | iDombush | AngelNotFound
[20:41:03] [Render thread/INFO]: [System] [CHAT]   LordHount | alucard666 | NoSoyShadowL | MamaGamer1234
[20:41:03] [Render thread/INFO]: [System] [CHAT] -----------------------[5/21]----------------------
[20:41:04] [Render thread/INFO]: [System] [CHAT]  MINELATINO » ¡josetl ha aceptado tu teletransportación!
[20:41:04] [Render thread/INFO]: [System] [CHAT]  MINELATINO » ¡Teletransportándose a josetl!
[20:41:04] [Render thread/INFO]: [System] [CHAT]  MINELATINO » El teletransporte comenzará en 3 segundos. Por favor, no te muevas.
[20:41:06] [Render thread/WARN]: Received passengers for unknown entity
[20:41:08] [Render thread/INFO]: [System] [CHAT]  MINELATINO » Teletransportando...
[20:41:09] [Render thread/INFO]: [System] [CHAT] [🥇][ONLY]｢⚡｣ PndxNano » Ando viendo si el moss block es de la build o se copio sin querer
[20:41:11] [Render thread/WARN]: Received passengers for unknown entity
[20:41:12] [Render thread/INFO]: [System] [CHAT] [][U] Naranjitia67 » q paso josetl?
[20:41:16] [Render thread/WARN]: Received passengers for unknown entity
[20:41:17] [Render thread/INFO]: [System] [CHAT] [🥇][ONLY]｢⚡SUPREMO⚡｣[⁺₊⭐₊⁺] Deff_BKv » moss block
[20:41:18] [Render thread/INFO]: [System] [CHAT] [🥇][ONLY]｢⚡SUPREMO⚡｣[⁺₊⭐₊⁺] Deff_BKv » ?
[20:41:21] [Render thread/WARN]: Received passengers for unknown entity
[20:41:21] [Render thread/INFO]: [System] [CHAT] [🥇][ONLY]｢⚡｣ PndxNano » Yetz
[20:41:21] [Render thread/INFO]: [System] [CHAT] Naranjitia67 ha caído desde muy alto
[20:41:22] [Render thread/INFO]: [System] [CHAT] [JRAN][IRON][Luchador] .IsaacA0156 » ere bruto =<=
[20:41:22] [Render thread/INFO]: [System] [CHAT] [🥇][ONLY]｢⚡｣ PndxNano » Este
[20:41:24] [Render thread/INFO]: [System] [CHAT] [][INFINITE]｢!༺˚ʚ❤ɞ˚༻!｣ Vladimir065 » alguien vende cuero o libros xd
[20:41:26] [Render thread/WARN]: Received passengers for unknown entity
[20:41:29] [Render thread/INFO]: [System] [CHAT] [][U] Naranjitia67 » XD tremendo josetl
[20:41:30] [Render thread/INFO]: [System] [CHAT] [🥇][ONLY]｢⚡｣ PndxNano » Ah nose si lo tenes puesto
[20:41:31] [Render thread/WARN]: Received passengers for unknown entity
[20:41:33] [Render thread/INFO]: [System] [CHAT] -------------------[MINELATINO]-------------------
[20:41:33] [Render thread/INFO]: [System] [CHAT]                         www.minelatino.shop
[20:41:33] [Render thread/INFO]: [System] [CHAT] para ser un TOP DONADOR, debes donar más de 100 USD
[20:41:33] [Render thread/INFO]: [System] [CHAT] ------------------------[♥]-----------------------
[20:41:34] [Render thread/INFO]: [System] [CHAT] [🥉][URSS]｢⚡｣⌞⛧ |☠| ⛧⌝ Stwartv » ✨ Compro 16 stacks de terracota /msg ✨
[20:41:35] [Render thread/INFO]: [System] [CHAT] [ONL1][LATAM+][G][I]⌞⛧ |☠| ⛧⌝ _ZeninNaoya_ » Bloque de musgo, DeffBK monobilingue
[20:41:35] [Render thread/INFO]: [System] [CHAT] [][U] josetl » pq te caes xd
[20:41:36] [Render thread/WARN]: Received passengers for unknown entity
[20:41:37] [Render thread/INFO]: [System] [CHAT] [🥇][ONLY]｢⚡SUPREMO⚡｣[⁺₊⭐₊⁺] Deff_BKv » ya lo vi
[20:41:41] [Render thread/WARN]: Received passengers for unknown entity
[20:41:43] [Render thread/INFO]: [System] [CHAT] [][U] Naranjitia67 » ok...
[20:41:44] [Render thread/INFO]: [System] [CHAT] [PEK1][INFINITE][D][G]｢!༻ʀᴏᴍᴇᴏ༺!｣ Chatooo » quien tiene libros q me vendas
[20:41:45] [Render thread/INFO]: [System] [CHAT] [🥇][ONLY]｢⚡SUPREMO⚡｣[⁺₊⭐₊⁺] Deff_BKv » si, es cosa de la cueva
[20:41:46] [Render thread/WARN]: Received passengers for unknown entity
[20:41:46] [Render thread/INFO]: [System] [CHAT] [JRAN][IRON][Luchador] .IsaacA0156 » josetl como la cagas XD
[20:41:51] [Render thread/WARN]: Received passengers for unknown entity
[20:41:51] [Render thread/INFO]: [System] [CHAT] [🥇][ONLY]｢⚡｣ PndxNano » Pero la caida no puede ser ahi creo
[20:41:55] [Render thread/INFO]: [System] [CHAT] [🥇][ONLY]｢⚡｣ PndxNano » Donde queres vos
[20:41:56] [Render thread/WARN]: Received passengers for unknown entity
[20:41:57] [Render thread/INFO]: [System] [CHAT] [][U] josetl » se cayo solo despues xd
[20:42:01] [Render thread/WARN]: Received passengers for unknown entity
[20:42:01] [Render thread/INFO]: [System] [CHAT] [🥇][ONLY]｢⚡SUPREMO⚡｣[⁺₊⭐₊⁺] Deff_BKv » intente copiar hasta la zona afk
[20:42:03] [Render thread/INFO]: [System] [CHAT] -----------------[TOP DONADORES]-----------------
[20:42:03] [Render thread/INFO]: [System] [CHAT]     Keremy2305 | LordLostLP | RiveraF | Seryi_mc | kkwetx
[20:42:03] [Render thread/INFO]: [System] [CHAT]      ElMimikyu778 | KyoukoMejiro | CrisMartinez17 | Nyoora
[20:42:03] [Render thread/INFO]: [System] [CHAT]       Sucre_128 | zVisanter_ | Hector20203030 | iSavvy
[20:42:03] [Render thread/INFO]: [System] [CHAT]     MauroOMG1 | Coutinhoo7 | Santana25 | musicmasterX12
[20:42:03] [Render thread/INFO]: [System] [CHAT] ----------------------[13/21]----------------------
[20:42:06] [Render thread/WARN]: Received passengers for unknown entity
[20:42:11] [Render thread/WARN]: Received passengers for unknown entity
[20:42:16] [Render thread/WARN]: Received passengers for unknown entity
[20:42:17] [Render thread/INFO]: [System] [CHAT] [PEK1][INFINITE][D][G]｢!༻ʀᴏᴍᴇᴏ༺!｣ Chatooo » oye deff
[20:42:21] [Render thread/INFO]: [System] [CHAT] [🥇][ONLY]｢⚡SUPREMO⚡｣[⁺₊⭐₊⁺] Deff_BKv » dime dan
[20:42:21] [Render thread/WARN]: Received passengers for unknown entity
[20:42:22] [Render thread/INFO]: [System] [CHAT] [PEK1][INFINITE][D][G]｢!༻ʀᴏᴍᴇᴏ༺!｣ Chatooo » tienes libros q me vendas?
[20:42:24] [Render thread/INFO]: [System] [CHAT] [JRAN][IRON][Luchador] .IsaacA0156 » XD nqranjita
[20:42:25] [Render thread/INFO]: [System] [CHAT] bautistaeche5 ha conseguido el progreso [Escondido en las profundidades]
[20:42:26] [Render thread/WARN]: Received passengers for unknown entity
[20:42:31] [Render thread/WARN]: Received passengers for unknown entity
[20:42:33] [Render thread/INFO]: [System] [CHAT] -------------------[MINELATINO]-------------------
[20:42:33] [Render thread/INFO]: [System] [CHAT]     ¡Vota por el servidor y serás recompensado!
[20:42:33] [Render thread/INFO]: [System] [CHAT]             para votar, solamente debes usar /vote
[20:42:33] [Render thread/INFO]: [System] [CHAT] ------------------------[♥]-----------------------
[20:42:36] [Render thread/WARN]: Received passengers for unknown entity
[20:42:38] [Render thread/INFO]: [System] [CHAT] [][U] Naranjitia67 » josetl es tp kill eso sabias?
[20:42:38] [Render thread/INFO]: [System] [CHAT] [JRAN][IRON][Luchador] .IsaacA0156 » no se morira igual
[20:42:39] [Render thread/INFO]: [System] [CHAT] [🥇][ONLY]｢⚡SUPREMO⚡｣[⁺₊⭐₊⁺] Deff_BKv » nada dan
[20:42:41] [Render thread/WARN]: Received passengers for unknown entity
[20:42:41] [Render thread/INFO]: [System] [CHAT] [PEKO][INFINITE][L+][G][I] CHAMAN » Hola sebaa
[20:42:42] [Render thread/INFO]: [System] [CHAT] [🥇][ONLY]｢⚡｣ PndxNano » Sisi la puedo hacer Deff
[20:42:43] [Render thread/INFO]: [System] [CHAT] [JRAN][IRON][Luchador] .IsaacA0156 » no
[20:42:46] [Render thread/WARN]: Received passengers for unknown entity
[20:42:46] [Render thread/INFO]: [System] [CHAT] [JRAN][IRON][Luchador] .IsaacA0156 » no lo es
[20:42:50] [Render thread/INFO]: [System] [CHAT] MrKrom6702 ha completado el desafío [¡Nuestros poderes combinados!]
[20:42:50] [Render thread/INFO]: [System] [CHAT] [🥇][ONLY]｢⚡｣ PndxNano » Para cuando la queres, onda cuanto tiempo tengo
[20:42:51] [Render thread/WARN]: Received passengers for unknown entity
[20:42:53] [Render thread/INFO]: [System] [CHAT] [][U] josetl » no es si te moriste solo
[20:42:54] [Render thread/INFO]: [System] [CHAT] [🥇][ONLY]｢⚡SUPREMO⚡｣[⁺₊⭐₊⁺] Deff_BKv » mientras sea simetrico a la region panda
[20:42:55] [Render thread/INFO]: [System] [CHAT] Serk ha conseguido el progreso [Bajo llave]
[20:42:56] [Render thread/WARN]: Received passengers for unknown entity
[20:42:59] [Render thread/INFO]: [System] [CHAT] [JRAN][IRON][Luchador] .IsaacA0156 » caiste en lugar alto
[20:43:01] [Render thread/WARN]: Received passengers for unknown entity
[20:43:02] [Render thread/INFO]: [System] [CHAT] [🥇][ONLY]｢⚡SUPREMO⚡｣[⁺₊⭐₊⁺] Deff_BKv » no estoy apurado
[20:43:03] [Render thread/INFO]: [System] [CHAT] -----------------[TOP DONADORES]-----------------
[20:43:03] [Render thread/INFO]: [System] [CHAT]             Cap_Loli | Matorombo | MaxiLXK | ADONAIMXP
[20:43:03] [Render thread/INFO]: [System] [CHAT]     ELdimplayer | Gamer_Analyst33 | Val_st_pz | Lonngsito
[20:43:03] [Render thread/INFO]: [System] [CHAT]          Sariel1227 | NEONWIZ21 | John_Allen | claman20
[20:43:03] [Render thread/INFO]: [System] [CHAT]    AlejandroMT | AzuraaX_ | kuroganeShiro | Cristhian1602
[20:43:03] [Render thread/INFO]: [System] [CHAT] -----------------------[7/21]----------------------
[20:43:04] [Render thread/INFO]: [System] [CHAT] [][U] josetl » tu rompes el bloque te mueres y me culpas xd
[20:43:04] [Render thread/INFO]: [System] [CHAT] [JRAN][IRON][Luchador] .IsaacA0156 » y aparte
[20:43:05] [Render thread/INFO]: [System] [CHAT] [🥇][ONLY]｢⚡SUPREMO⚡｣[⁺₊⭐₊⁺] Deff_BKv » mientras salga bien
[20:43:06] [Render thread/WARN]: Received passengers for unknown entity
[20:43:07] [Render thread/INFO]: [System] [CHAT] [🥇][ONLY]｢⚡｣ PndxNano » Esq
[20:43:10] [Render thread/INFO]: [System] [CHAT] [JRAN][IRON][Luchador] .IsaacA0156 » ya son 3 minutos
[20:43:11] [Render thread/WARN]: Received passengers for unknown entity
[20:43:12] [Render thread/INFO]: [System] [CHAT] [][U] josetl » tu que opinas adriasan
[20:43:16] [Render thread/WARN]: Received passengers for unknown entity
[20:43:18] [Render thread/INFO]: [System] [CHAT] [JRAN][IRON][Luchador] .IsaacA0156 » aparte
[20:43:21] [Render thread/WARN]: Received passengers for unknown entity
[20:43:22] [Render thread/INFO]: [System] [CHAT] [🥇][ONLY]｢⚡SUPREMO⚡｣[⁺₊⭐₊⁺] Deff_BKv » dime
[20:43:25] [Render thread/INFO]: [System] [CHAT] [IMJR]｢⚡｣ ANSS » Que paso?
[20:43:26] [Render thread/WARN]: Received passengers for unknown entity
[20:43:27] [Render thread/INFO]: [System] [CHAT] [🥇][ONLY]｢⚡｣ PndxNano » Banca lo cuadre
[20:43:29] [Render thread/INFO]: [System] [CHAT] [JRAN][IRON][Luchador] .IsaacA0156 » son mobs lo qke te matarian
[20:43:31] [Render thread/WARN]: Received passengers for unknown entity
[20:43:33] [Render thread/INFO]: [System] [CHAT] -------------------[MINELATINO]-------------------
[20:43:33] [Render thread/INFO]: [System] [CHAT]        ¿Quieres ser staff y ayudar a MineLatino?
[20:43:33] [Render thread/INFO]: [System] [CHAT]          entonces puedes ingresar al siguiente enlace:
[20:43:33] [Render thread/INFO]: [System] [CHAT]                     minelatino.com/postulaciones/
[20:43:33] [Render thread/INFO]: [System] [CHAT]          para saber los pasos a seguir para ser staff
[20:43:33] [Render thread/INFO]: [System] [CHAT] ------------------------[♥]-----------------------
[20:43:36] [Render thread/INFO]: [System] [CHAT] [ATR][U] soldiertf2 » oye
[20:43:36] [Render thread/WARN]: Received passengers for unknown entity
[20:43:37] [Render thread/INFO]: [System] [CHAT] [][U] Naranjitia67 » ...
[20:43:41] [Render thread/WARN]: Received passengers for unknown entity
[20:43:42] [Render thread/INFO]: [System] [CHAT] [Kuro][INFINITE][L] Malthael88 » tp
[20:43:45] [Render thread/INFO]: [System] [CHAT] [][U] Naranjitia67 » me ormpiestes el bloque xD
[20:43:46] [Render thread/WARN]: Received passengers for unknown entity
[20:43:48] [Render thread/INFO]: [System] [CHAT] [][U] Naranjitia67 » y me dices q te envie tp
[20:43:51] [Render thread/WARN]: Received passengers for unknown entity
[20:43:56] [Render thread/INFO]: [System] [CHAT] [][U] josetl » fue idea de .IsaacA0156
[20:43:56] [Render thread/INFO]: Stopping [1] Placement Manager Daemon threads
[20:43:56] [Render thread/WARN]: Received passengers for unknown entity
[20:43:56] [Render thread/INFO]: Stopping [1] Placement Manager Daemon threads
[20:43:57] [Render thread/INFO]: Stopping!
[20:43:57] [Render thread/INFO]: Stopping [1] Placement Manager Daemon threads
